label,handedness,x0,y0,z0,x1,y1,z1,x2,y2,z2,x3,y3,z3,x4,y4,z4,x5,y5,z5,x6,y6,z6,x7,y7,z7,x8,y8,z8,x9,y9,z9,x10,y10,z10,x11,y11,z11,x12,y12,z12,x13,y13,z13,x14,y14,z14,x15,y15,z15,x16,y16,z16,x17,y17,z17,x18,y18,z18,x19,y19,z19,x20,y20,z20
rock,Right,134.20236587524414,390.46199798583984,-0.00021360465325415134,182.87553787231445,361.9731903076172,-15.242087841033936,220.14110565185547,327.3336982727051,-30.591812133789062,237.5364112854004,297.42533683776855,-46.07015132904053,214.45446014404297,296.5165328979492,-58.08518886566162,162.3345184326172,246.6954231262207,-18.633840084075928,211.8202018737793,257.50468254089355,-43.42087268829346,211.494140625,291.71496391296387,-57.794694900512695,194.8874855041504,296.32335662841797,-67.77148723602295,132.27423667907715,255.87481498718262,-25.893027782440186,191.19873046875,278.6437225341797,-49.32905673980713,191.2503433227539,314.68997955322266,-55.69613456726074,174.20150756835938,312.25513458251953,-59.30704116821289,110.92633247375488,278.9831256866455,-35.76526641845703,168.58673095703125,305.76144218444824,-56.200199127197266,171.29541397094727,333.8339424133301,-53.49355697631836,154.2808723449707,330.07518768310547,-50.94590663909912,97.11503028869629,309.1962146759033,-47.795233726501465,144.1104507446289,332.6836681365967,-60.096049308776855,146.76610946655273,349.3387985229492,-59.075002670288086,131.2555694580078,345.2307987213135,-57.72961139678955
rock,Right,135.50586700439453,388.3509063720703,-0.00022015010472387075,184.49331283569336,360.69422721862793,-15.598469972610474,221.87267303466797,326.7139148712158,-30.91698169708252,240.78794479370117,297.70477294921875,-46.35390758514404,220.73631286621094,294.32238578796387,-58.14897537231445,166.5605354309082,244.91280555725098,-17.089437246322632,215.5596923828125,255.07450103759766,-41.9231653213501,214.57151412963867,289.2488765716553,-56.65358543395996,198.41163635253906,294.80944633483887,-66.7206859588623,137.81143188476562,253.65154266357422,-23.878722190856934,195.82708358764648,275.8550548553467,-47.12010860443115,195.13153076171875,311.53982162475586,-53.64039421081543,178.9691162109375,310.36545753479004,-57.23275661468506,117.34289169311523,275.98660469055176,-33.55501174926758,174.49174880981445,303.4723091125488,-53.22373390197754,175.54925918579102,331.0048198699951,-50.6651496887207,158.96461486816406,327.75092124938965,-48.264150619506836,104.43584442138672,305.41869163513184,-45.53525447845459,150.63905715942383,329.9941921234131,-56.97978496551514,151.59372329711914,346.18480682373047,-56.21421813964844,136.21736526489258,341.75442695617676,-55.14732360839844
rock,Right,138.30790519714355,389.81088638305664,-0.000232656420848798,188.41135025024414,362.0574188232422,-15.007439851760864,227.19348907470703,325.54561614990234,-29.415526390075684,245.615234375,295.532169342041,-44.03152942657471,223.2272720336914,295.7537269592285,-54.96604919433594,172.62697219848633,245.01042366027832,-14.44886565208435,220.5370330810547,255.86960792541504,-38.772194385528564,219.23460006713867,290.2437114715576,-54.2014741897583,202.41863250732422,293.9988327026367,-65.2511215209961,143.68203163146973,253.17163467407227,-21.655771732330322,200.1885986328125,275.92577934265137,-45.020813941955566,200.1830291748047,311.7195796966553,-52.543320655822754,183.95246505737305,309.66822624206543,-56.899728775024414,122.78287887573242,275.03705978393555,-31.778159141540527,178.58272552490234,302.7297592163086,-51.41914367675781,180.41601181030273,330.8914089202881,-49.369874000549316,163.4003448486328,327.04118728637695,-47.41714954376221,109.72777366638184,303.8595485687256,-44.24943447113037,155.2086353302002,330.1908016204834,-55.84855556488037,156.28338813781738,346.6944980621338,-55.61405658721924,140.4505157470703,341.53172492980957,-55.07643699645996
rock,Right,140.68649291992188,390.3581142425537,-0.00022891972548677586,192.14462280273438,362.58301734924316,-14.219952821731567,230.32758712768555,327.5507926940918,-28.31679105758667,249.21010971069336,298.7981128692627,-42.73026466369629,227.94692993164062,298.65549087524414,-53.46906661987305,176.09180450439453,246.81241035461426,-15.704106092453003,225.06134033203125,258.2251739501953,-39.35606002807617,222.3389434814453,292.7657890319824,-53.496031761169434,204.8177146911621,295.33830642700195,-63.732643127441406,147.88774490356445,255.00712394714355,-23.045063018798828,205.42877197265625,278.19339752197266,-46.286282539367676,204.3083381652832,313.8240337371826,-53.07394027709961,187.72815704345703,311.14694595336914,-56.9750452041626,127.66595840454102,276.6914463043213,-33.03380489349365,183.59073638916016,303.9528751373291,-52.79170036315918,185.33283233642578,332.17331886291504,-50.48769474029541,168.70573043823242,328.4574508666992,-48.30706596374512,115.13657569885254,305.2841091156006,-45.20928382873535,160.85674285888672,331.04576110839844,-56.89169406890869,162.44422912597656,347.52848625183105,-56.61954879760742,147.3571491241455,342.83555030822754,-56.0502815246582
rock,Right,146.67728424072266,388.09922218322754,-0.0002015228346863296,197.1605110168457,360.4570484161377,-15.406057834625244,233.9517593383789,327.30966567993164,-30.643184185028076,253.29008102416992,299.34062004089355,-46.08780384063721,234.08660888671875,296.16333961486816,-57.901482582092285,180.39966583251953,246.39464378356934,-17.165275812149048,230.4133415222168,258.00318717956543,-41.39235973358154,227.68815994262695,291.705322265625,-55.52380561828613,211.0135841369629,295.22229194641113,-65.29255390167236,153.38749885559082,255.10408401489258,-23.88266086578369,212.47304916381836,277.5744438171387,-46.928582191467285,210.21356582641602,312.59382247924805,-52.92004585266113,193.82863998413086,310.1795482635498,-56.04955196380615,133.82699012756348,276.6900157928467,-33.424153327941895,191.21465682983398,302.94633865356445,-53.493595123291016,191.69240951538086,330.77653884887695,-50.66593647003174,175.4973602294922,328.08374404907227,-47.74726867675781,121.07802391052246,305.09302139282227,-45.20732402801514,166.98705673217773,328.6259937286377,-57.09309101104736,168.35556030273438,344.9901580810547,-56.161837577819824,153.95225524902344,341.6531467437744,-54.76958751678467
rock,Right,147.73484230041504,384.2819595336914,-0.0002080333069898188,198.58137130737305,356.6740036010742,-12.64561653137207,234.05086517333984,323.4557819366455,-26.075434684753418,252.93121337890625,295.84662437438965,-40.119314193725586,235.15174865722656,290.54065704345703,-50.700602531433105,180.69585800170898,243.85608673095703,-13.969142436981201,231.25516891479492,254.15496826171875,-37.03775882720947,229.22039031982422,286.1553382873535,-50.49807548522949,213.82709503173828,290.9299564361572,-59.63210105895996,154.8731803894043,252.55236625671387,-21.24664545059204,214.80518341064453,274.0762710571289,-42.9734468460083,211.90898895263672,307.81105041503906,-48.38761329650879,195.81647872924805,306.45867347717285,-51.02726459503174,136.79231643676758,274.11200523376465,-31.186113357543945,195.20652770996094,300.8172798156738,-50.09560585021973,194.3579864501953,327.6147937774658,-47.3253870010376,178.40103149414062,325.2254390716553,-44.492783546447754,125.83995819091797,302.62149810791016,-43.129096031188965,172.6581573486328,326.83616638183594,-54.3874454498291,172.54087448120117,343.43313217163086,-53.515968322753906,157.99175262451172,340.6369686126709,-52.1550989151001
rock,Right,142.59831428527832,378.9910125732422,-0.00018372611521044746,198.43219757080078,345.3061580657959,-8.195534348487854,229.2143440246582,308.8691711425781,-18.364332914352417,246.81194305419922,282.33667373657227,-29.521892070770264,239.27608489990234,278.9333152770996,-37.21306562423706,167.57761001586914,237.8654909133911,-11.904561519622803,226.51241302490234,244.3769073486328,-31.501030921936035,226.5180778503418,274.5519161224365,-41.05185031890869,210.98098754882812,278.86682510375977,-47.92985439300537,147.27298736572266,250.19725799560547,-20.26543617248535,217.41313934326172,263.75770568847656,-39.31998014450073,213.27316284179688,295.0121784210205,-41.62386417388916,195.66082000732422,293.88885498046875,-42.70244598388672,136.396484375,274.3622016906738,-30.723695755004883,203.23589324951172,293.10078620910645,-46.75140380859375,198.77573013305664,317.334508895874,-41.96983337402344,181.5465545654297,314.35521125793457,-38.592939376831055,132.9319953918457,303.9470672607422,-42.81911373138428,184.58044052124023,320.5872058868408,-51.53017997741699,181.18375778198242,335.51344871520996,-49.43986892700195,165.4513168334961,332.5485134124756,-48.089895248413086
rock,Right,139.93453979492188,373.14937591552734,-0.00016238704120041803,192.81661987304688,336.82602882385254,-3.1298065185546875,218.93707275390625,300.4028034210205,-11.642602682113647,236.1112403869629,275.69615364074707,-21.918823719024658,238.26148986816406,270.23122787475586,-28.8150954246521,158.09625625610352,234.28948402404785,-11.237491369247437,219.429931640625,236.93286895751953,-28.61398220062256,220.28125762939453,265.67522048950195,-36.16112470626831,204.19357299804688,272.2935104370117,-41.88927173614502,141.1237907409668,249.3086814880371,-21.05438470840454,215.7943344116211,257.30332374572754,-38.50829601287842,212.08049774169922,287.0171928405762,-39.60817575454712,194.7103500366211,288.1270408630371,-40.50870895385742,134.68561172485352,275.0529098510742,-32.14261054992676,206.9377899169922,287.41161346435547,-46.22148036956787,202.75815963745117,310.3190517425537,-40.150108337402344,185.328369140625,309.6840476989746,-36.50305509567261,135.74783325195312,304.9167823791504,-44.365854263305664,193.111572265625,314.0669631958008,-51.603078842163086,190.20700454711914,328.1466865539551,-48.35764408111572,174.80478286743164,327.03723907470703,-46.66623115539551
rock,Right,130.00877380371094,371.66942596435547,-0.00014456864846579265,181.58308029174805,329.4345188140869,-2.039862424135208,207.27821350097656,290.65040588378906,-10.622159242630005,225.44422149658203,265.04133224487305,-21.228444576263428,231.67224884033203,260.9461498260498,-28.330442905426025,147.43858337402344,231.74331665039062,-10.46651840209961,211.57276153564453,231.7267084121704,-26.343059539794922,210.13675689697266,257.17766761779785,-32.923758029937744,193.83956909179688,264.41797256469727,-38.247151374816895,136.09466552734375,248.6934757232666,-20.577573776245117,212.66929626464844,252.51766204833984,-35.748515129089355,206.11949920654297,278.1324863433838,-34.891088008880615,189.25697326660156,279.92998123168945,-35.01929044723511,134.19143676757812,274.43721771240234,-32.0219087600708,210.3237533569336,281.21357917785645,-43.95561218261719,201.74968719482422,301.6431140899658,-37.01920509338379,184.1604232788086,302.38348960876465,-33.3305025100708,139.61155891418457,304.0879726409912,-44.66275691986084,201.22432708740234,307.2999858856201,-50.41733264923096,193.91189575195312,320.6552982330322,-46.96110248565674,177.26579666137695,321.28724098205566,-45.507426261901855
rock,Right,126.5494155883789,367.7578926086426,-9.770038559508976e-05,167.98254013061523,322.67045974731445,-4.34579074382782,195.4439353942871,279.53413009643555,-14.066082239151001,219.13482666015625,253.54056358337402,-25.042095184326172,228.1145477294922,255.76998710632324,-32.31785774230957,137.20664978027344,228.615403175354,-14.613744020462036,205.92164993286133,223.24344635009766,-30.492303371429443,205.63190460205078,247.79829025268555,-37.35823154449463,190.46405792236328,256.3464832305908,-42.53964424133301,131.27426147460938,248.91626358032227,-23.36507558822632,209.12273406982422,246.51832580566406,-37.32378959655762,203.49393844604492,269.89585876464844,-35.65188407897949,188.95837783813477,272.9586124420166,-35.31411170959473,134.53381538391113,275.13227462768555,-33.407814502716064,212.50747680664062,274.8448848724365,-44.986772537231445,202.2927474975586,293.0578422546387,-38.562800884246826,185.01747131347656,295.1179790496826,-34.83731031417847,145.37114143371582,303.6726951599121,-44.59766864776611,208.05500030517578,300.9030532836914,-49.45136547088623,197.62266159057617,314.1416072845459,-45.16434192657471,179.5800018310547,317.9605293273926,-42.98931121826172
rock,Right,126.91381454467773,359.89585876464844,-5.906759724894073e-05,137.9118537902832,310.39941787719727,-4.79754775762558,164.50157165527344,262.7207279205322,-17.62487292289734,202.98418045043945,237.0585823059082,-31.033239364624023,228.05402755737305,242.01281547546387,-41.340603828430176,127.30352401733398,228.47173690795898,-27.454683780670166,197.53145217895508,214.9717140197754,-44.173951148986816,200.40691375732422,237.97778606414795,-49.112091064453125,186.91455841064453,247.60488510131836,-52.46054649353027,129.3065071105957,250.9888458251953,-36.453819274902344,208.56765747070312,239.30542945861816,-49.87469673156738,204.56079483032227,261.16101264953613,-46.03322982788086,187.1280288696289,265.3662300109863,-44.72691535949707,138.5127830505371,276.932315826416,-45.75399398803711,214.87398147583008,268.2520008087158,-54.83024597167969,205.8587646484375,285.5869960784912,-45.79015254974365,186.96699142456055,287.7252388000488,-41.125192642211914,153.09968948364258,304.0938091278076,-56.11557960510254,212.9848861694336,294.00017738342285,-57.383151054382324,204.93385314941406,306.47226333618164,-49.725518226623535,187.60032653808594,310.6502151489258,-45.7797908782959
rock,Right,130.56553840637207,355.10215759277344,-9.720793059386779e-06,130.32167434692383,306.56673431396484,-2.6513367891311646,146.9447422027588,262.85393714904785,-15.93987226486206,182.44524002075195,239.12909030914307,-30.1955509185791,212.18992233276367,236.7152738571167,-42.22104549407959,122.71989822387695,231.56121253967285,-31.058380603790283,189.94308471679688,208.85976791381836,-48.56404781341553,200.38265228271484,229.48511123657227,-53.90373229980469,190.98871231079102,242.73422241210938,-56.6009521484375,130.47161102294922,251.94336891174316,-40.5100154876709,206.97053909301758,231.72301769256592,-53.33946228027344,208.86192321777344,253.36277961730957,-49.55188751220703,192.12677001953125,261.8766403198242,-48.124632835388184,144.9277687072754,276.1808967590332,-49.65153217315674,215.81375122070312,258.7605857849121,-57.53634452819824,211.4605712890625,277.6424789428711,-47.70711898803711,193.1133270263672,284.3422508239746,-42.51970291137695,162.98490524291992,301.4669895172119,-59.49333190917969,216.70183181762695,286.9672966003418,-59.94293212890625,212.62649536132812,300.0370788574219,-50.85615158081055,197.39049911499023,306.11778259277344,-45.65563678741455
rock,Right,133.75917434692383,355.8613872528076,-2.833010057656793e-05,126.87352180480957,307.41888999938965,0.3761844336986542,138.8059425354004,264.1886329650879,-10.568817853927612,168.80966186523438,240.5929470062256,-22.986903190612793,196.54563903808594,237.1324110031128,-33.463451862335205,124.01115417480469,233.36676120758057,-26.154909133911133,188.05932998657227,208.64270210266113,-41.544551849365234,197.96539306640625,227.12478160858154,-46.166067123413086,188.73346328735352,240.65205574035645,-48.27168941497803,136.48924827575684,252.31209754943848,-36.39106273651123,206.69960021972656,228.15573692321777,-47.29537487030029,209.27186965942383,247.6344394683838,-44.25703525543213,194.64174270629883,258.7361812591553,-42.95687675476074,154.67774391174316,275.53135871887207,-45.93895435333252,217.95413970947266,254.60821151733398,-51.823835372924805,213.26265335083008,272.51935958862305,-42.2117805480957,196.2533950805664,281.2766361236572,-36.960790157318115,175.30033111572266,300.43416023254395,-55.85599422454834,222.6822853088379,282.5277900695801,-54.84009265899658,217.31351852416992,295.5124568939209,-44.862003326416016,202.63608932495117,302.7789115905762,-38.670032024383545
rock,Right,135.0343132019043,354.7588348388672,-3.223344720026944e-05,128.26008796691895,305.3258800506592,0.9140259772539139,140.7615852355957,262.9302978515625,-10.6765615940094,171.58897399902344,240.6313133239746,-23.80042314529419,199.77331161499023,238.77655506134033,-34.96927261352539,125.03576278686523,233.68769645690918,-27.427892684936523,188.20228576660156,208.3585023880005,-43.107943534851074,198.1835174560547,227.62124061584473,-47.76782989501953,188.7870216369629,241.5040111541748,-49.91039752960205,137.90383338928223,253.33036422729492,-38.23521137237549,207.42507934570312,228.21763515472412,-49.31037902832031,210.09838104248047,248.4872531890869,-45.99429130554199,194.8858642578125,259.79724884033203,-44.527716636657715,156.62078857421875,276.7576217651367,-48.19333553314209,218.51642608642578,254.45843696594238,-53.88075351715088,214.26807403564453,272.73181915283203,-43.56485366821289,197.1924591064453,281.8106460571289,-37.96947956085205,177.83159255981445,301.5176010131836,-58.494319915771484,223.27804565429688,283.606481552124,-57.181596755981445,218.21144104003906,296.8205165863037,-46.727800369262695,204.04199600219727,303.89662742614746,-40.34825801849365
rock,Right,135.23283004760742,354.7475051879883,-3.775461891564191e-05,130.0288200378418,305.75843811035156,1.0481493175029755,142.1090316772461,263.92321586608887,-10.072793960571289,170.5002784729004,242.03533172607422,-22.93811559677124,197.11782455444336,240.16393661499023,-33.91332149505615,127.8205680847168,233.01652908325195,-26.090373992919922,191.93471908569336,208.92502784729004,-41.810569763183594,199.77354049682617,227.9477834701538,-46.858649253845215,189.01723861694336,241.15290641784668,-49.32814121246338,139.62780952453613,252.79080390930176,-36.95662975311279,210.41114807128906,228.973388671875,-47.85928726196289,211.0586929321289,248.2668685913086,-44.5565128326416,195.31631469726562,259.25914764404297,-43.212881088256836,157.1547794342041,276.7580795288086,-47.126808166503906,220.7076644897461,255.65168380737305,-52.76726722717285,215.14654159545898,273.12721252441406,-42.64816761016846,198.0962371826172,281.7495632171631,-37.30046272277832,177.51495361328125,302.23362922668457,-57.68852233886719,225.0347137451172,284.47248458862305,-56.48496150970459,218.6066436767578,297.29536056518555,-46.19568347930908,203.50872039794922,304.3494415283203,-39.98441934585571
rock,Right,136.52745246887207,355.869197845459,-5.7195084082195535e-05,135.6754493713379,305.62525749206543,-0.7913103699684143,155.88504791259766,262.3501968383789,-13.362888097763062,193.47074508666992,241.30365371704102,-26.984081268310547,224.2784881591797,242.50422477722168,-38.367226123809814,133.18115234375,231.68920040130615,-30.037965774536133,200.77886581420898,212.60497570037842,-45.144076347351074,205.1342010498047,232.95347213745117,-49.16651725769043,191.97820663452148,243.90103340148926,-51.56851291656494,143.06644439697266,253.47393035888672,-40.38562297821045,215.3933334350586,234.69836711883545,-50.542287826538086,213.0513572692871,254.3045425415039,-46.440815925598145,196.1842155456543,262.34782218933105,-45.5975866317749,159.3752098083496,278.65193367004395,-49.968438148498535,223.9610481262207,260.9431743621826,-54.73214149475098,215.4541778564453,277.5306987762451,-44.160804748535156,197.27779388427734,283.76978874206543,-39.46131944656372,178.67616653442383,304.5857334136963,-60.14932155609131,226.60062789916992,286.9687271118164,-57.861385345458984,218.60126495361328,299.0501117706299,-47.38077640533447,203.2159423828125,305.1990509033203,-41.89496994018555
rock,Right,135.42865753173828,356.57240867614746,-4.6410250433837064e-05,142.17777252197266,307.32295989990234,-1.758003979921341,166.86582565307617,264.3878746032715,-14.039251804351807,207.37371444702148,244.42769050598145,-27.640295028686523,238.1020164489746,246.37052536010742,-38.85506629943848,138.78719329833984,229.41989421844482,-25.525028705596924,206.7802619934082,214.23508644104004,-41.28788948059082,211.29619598388672,235.16557216644287,-47.00145244598389,198.5991668701172,245.81645965576172,-50.75685501098633,144.91697311401367,250.9639549255371,-35.75625658035278,219.82101440429688,236.7711353302002,-47.15085029602051,217.2293472290039,256.97032928466797,-44.86050605773926,200.19113540649414,263.32240104675293,-44.97236251831055,157.70549774169922,276.5273094177246,-45.77817916870117,226.7238998413086,264.3166923522949,-52.27310657501221,217.71238327026367,281.0669803619385,-43.49259376525879,198.84004592895508,285.24009704589844,-39.50960159301758,174.26956176757812,303.31151962280273,-56.5863037109375,226.91707611083984,290.8620071411133,-55.94010829925537,218.94508361816406,302.79430389404297,-47.01207637786865,202.80014038085938,307.3440742492676,-42.35709190368652
rock,Right,136.66839599609375,357.44662284851074,-7.435102361341706e-05,147.53887176513672,308.5077381134033,-1.8917441368103027,174.23681259155273,265.75572967529297,-13.883410692214966,213.9086151123047,245.8179473876953,-27.214415073394775,242.11271286010742,250.14103889465332,-38.01196575164795,145.6186580657959,229.40031051635742,-24.554405212402344,214.5016860961914,218.16707611083984,-39.452457427978516,216.49450302124023,239.93416786193848,-44.44322109222412,203.21046829223633,249.50663566589355,-47.959580421447754,149.81101036071777,250.56209564208984,-34.516332149505615,225.4874610900879,243.36387634277344,-44.5676326751709,220.30933380126953,263.0313205718994,-41.24997615814209,203.33532333374023,266.97781562805176,-41.25554084777832,160.2018165588379,275.97667694091797,-44.417052268981934,230.52658081054688,269.73097801208496,-49.862003326416016,219.87089157104492,285.5251979827881,-40.90014457702637,201.3481903076172,287.7513885498047,-37.40447998046875,174.54778671264648,302.6224136352539,-55.24550437927246,228.57158660888672,294.1980171203613,-54.02870178222656,219.45823669433594,305.61017990112305,-45.44540882110596,202.95921325683594,309.20339584350586,-41.41674041748047
rock,Right,135.71287155151367,355.56017875671387,-7.649739018233959e-05,151.93065643310547,309.9052047729492,-3.9319509267807007,182.83174514770508,268.97912979125977,-15.570875406265259,224.410400390625,251.23111724853516,-28.445250988006592,250.87244033813477,255.84314346313477,-38.55754613876343,155.43033599853516,225.25714874267578,-21.330037117004395,224.52775955200195,222.54984855651855,-37.10831165313721,223.75789642333984,243.85056495666504,-43.151564598083496,208.95883560180664,250.3098964691162,-47.43446350097656,155.6966781616211,245.69400787353516,-30.531563758850098,233.0886459350586,246.87664031982422,-42.25180625915527,224.77611541748047,266.4154815673828,-39.578349590301514,207.63296127319336,267.8002452850342,-39.3204402923584,161.58147811889648,271.4875888824463,-40.370121002197266,234.19137954711914,274.0535831451416,-47.88107872009277,222.20998764038086,289.20793533325195,-39.867095947265625,204.6145248413086,289.04053688049316,-36.174864768981934,171.712646484375,299.56695556640625,-51.45041465759277,229.31079864501953,298.3508491516113,-51.74255847930908,219.41572189331055,308.8611602783203,-44.55147743225098,202.8687286376953,310.6802558898926,-41.042070388793945
rock,Right,139.5280647277832,356.86835289001465,-0.00012432489711500239,187.25168228149414,319.9753189086914,-3.7901031970977783,216.08034133911133,283.37353706359863,-13.180272579193115,239.77466583251953,259.32289123535156,-24.108741283416748,249.33660507202148,256.488561630249,-31.64334535598755,164.9571990966797,221.9410800933838,-10.717259645462036,230.66583633422852,226.58100128173828,-24.83285665512085,228.76258850097656,248.3386516571045,-31.599533557891846,213.7606430053711,253.9405918121338,-36.98489189147949,158.97536277770996,239.4081687927246,-19.347950220108032,234.36100006103516,248.43741416931152,-31.16924524307251,226.61067962646484,268.9639377593994,-30.20056962966919,210.80055236816406,268.94923210144043,-30.765738487243652,161.07547760009766,264.2171001434326,-29.253239631652832,233.7882423400879,272.55887031555176,-38.79327058792114,222.8165054321289,289.5856475830078,-32.50756025314331,205.63528060913086,289.69654083251953,-29.473025798797607,169.55989837646484,292.08858489990234,-40.406832695007324,226.5880584716797,297.4222755432129,-44.480509757995605,216.7295265197754,309.873046875,-40.33304214477539,199.95847702026367,311.11767768859863,-38.38848114013672
rock,Right,150.5583953857422,355.91503143310547,-0.00016542115190532058,207.88934707641602,324.0696430206299,-1.6242870688438416,232.54467010498047,294.040002822876,-10.745974779129028,250.4383659362793,272.6708221435547,-22.371649742126465,255.5416488647461,263.26924324035645,-30.65120220184326,183.39717864990234,224.0492820739746,-6.580052375793457,241.78606033325195,233.1544589996338,-22.09118366241455,238.49964141845703,258.12838554382324,-29.49505090713501,222.7254295349121,263.08834075927734,-35.48653841018677,171.75479888916016,235.4348087310791,-17.126476764678955,240.89136123657227,247.35328674316406,-31.682839393615723,234.22218322753906,273.1491279602051,-31.724262237548828,218.89026641845703,272.8080940246582,-32.48249530792236,167.34277725219727,256.2037467956543,-29.187283515930176,233.8626480102539,270.75130462646484,-40.79099655151367,225.82378387451172,293.1012439727783,-33.234333992004395,208.74921798706055,292.84729957580566,-29.405343532562256,168.6467170715332,282.6193141937256,-42.49495029449463,219.9983787536621,293.0024814605713,-48.809661865234375,214.15475845336914,309.09058570861816,-44.551496505737305,198.8014793395996,308.9154624938965,-42.55995750427246
rock,Right,165.609130859375,350.2946662902832,-0.00019198831068933941,219.19279098510742,322.73016929626465,-1.842695027589798,246.14633560180664,293.4051990509033,-9.646720290184021,263.17604064941406,273.04661750793457,-19.883424043655396,259.2151069641113,264.3468189239502,-27.019314765930176,194.1363525390625,224.68082427978516,-3.9277109503746033,248.01639556884766,232.67595291137695,-21.161835193634033,244.26998138427734,260.5107307434082,-30.15385389328003,228.28174591064453,262.99352645874023,-36.48008346557617,178.98870468139648,231.65157794952393,-14.096240997314453,242.45986938476562,244.34626579284668,-30.333735942840576,235.26996612548828,274.7159671783447,-31.647489070892334,218.74685287475586,273.4794330596924,-31.89276695251465,170.98356246948242,248.91157150268555,-26.0414981842041,231.10048294067383,266.636438369751,-39.04994487762451,224.44805145263672,292.7109432220459,-32.9085636138916,208.5297966003418,291.00826263427734,-28.823862075805664,169.29296493530273,272.22484588623047,-39.181599617004395,214.60687637329102,288.0853271484375,-44.812541007995605,208.44308853149414,305.8505344390869,-40.68253993988037,193.50414276123047,304.6439266204834,-38.2889723777771
rock,Right,181.49425506591797,347.68524169921875,-0.00024132090402417816,226.8213653564453,325.0352954864502,-2.9020482301712036,256.2295913696289,295.2790832519531,-9.475919008255005,273.0723571777344,271.5212059020996,-18.677467107772827,261.7763900756836,257.59923934936523,-25.263078212738037,211.65678024291992,226.3426637649536,2.560778856277466,255.56493759155273,234.45622444152832,-15.73776125907898,251.78627014160156,262.99046516418457,-27.41544008255005,236.98650360107422,265.78874588012695,-34.78140354156494,193.10768127441406,228.313307762146,-6.72944962978363,246.16886138916016,244.55374717712402,-23.430931568145752,240.2591323852539,276.77318572998047,-27.74285316467285,224.47324752807617,276.2124538421631,-28.887410163879395,178.93613815307617,240.79007148742676,-18.319257497787476,229.96368408203125,258.85826110839844,-34.36082363128662,225.3408432006836,288.06793212890625,-30.751912593841553,210.27475357055664,287.37244606018066,-26.418802738189697,169.2981719970703,260.6861400604248,-30.877535343170166,211.28692626953125,276.3071823120117,-39.56263303756714,207.86182403564453,296.94637298583984,-35.68082332611084,193.77008438110352,297.60191917419434,-31.498281955718994
rock,Right,187.70889282226562,345.9012794494629,-0.00024723967726458795,228.4540557861328,325.11048316955566,-5.598131418228149,258.61183166503906,294.29975509643555,-12.173501253128052,274.9273490905762,269.0188980102539,-20.603864192962646,262.5943374633789,252.85603523254395,-26.01191520690918,219.68133926391602,227.21763610839844,2.457571029663086,259.05643463134766,232.78155326843262,-15.360041856765747,254.60134506225586,262.26917266845703,-25.802531242370605,240.85472106933594,266.878137588501,-31.790130138397217,199.56226348876953,226.61762237548828,-4.538829922676086,246.15718841552734,241.90057754516602,-20.706961154937744,239.72810745239258,276.3914966583252,-24.058775901794434,225.41269302368164,275.3103733062744,-23.857669830322266,182.97805786132812,236.44251823425293,-14.192347526550293,227.79315948486328,254.66282844543457,-30.25578498840332,223.0257797241211,285.0581932067871,-26.096343994140625,209.28815841674805,283.78392219543457,-20.73390483856201,170.07667541503906,253.12986373901367,-24.966912269592285,206.54903411865234,268.7025833129883,-33.70939254760742,204.27057266235352,289.2996025085449,-29.579977989196777,191.7909812927246,289.46216583251953,-24.6052885055542
rock,Right,195.01853942871094,343.5630512237549,-0.00023473143301089294,232.6318359375,323.1591510772705,-7.920556664466858,263.7271499633789,291.635684967041,-14.892749786376953,278.45314025878906,263.8358974456787,-23.037996292114258,262.51808166503906,248.0185890197754,-27.89818525314331,229.01731491088867,228.7541913986206,1.308334618806839,263.08237075805664,231.52925491333008,-15.923023223876953,258.1747245788574,262.25953102111816,-25.822315216064453,244.45785522460938,264.80469703674316,-31.801300048828125,208.33301544189453,226.8319845199585,-4.414539039134979,247.0355224609375,238.71877670288086,-20.707945823669434,242.00498580932617,273.0856704711914,-24.625136852264404,228.1216049194336,270.36492347717285,-25.03671407699585,189.59177017211914,234.99874591827393,-12.866823673248291,228.0512809753418,248.21250915527344,-30.043137073516846,225.13425827026367,279.8429203033447,-25.90468168258667,211.2617301940918,278.52885246276855,-20.359184741973877,173.77838134765625,249.62090492248535,-22.393362522125244,206.90696716308594,261.3043785095215,-32.45236873626709,205.81300735473633,282.4752616882324,-28.172953128814697,192.88970947265625,282.4104595184326,-22.8745174407959
rock,Right,198.0622100830078,341.89404487609863,-0.0002299282823514659,234.59142684936523,322.0996570587158,-8.169094920158386,265.58862686157227,289.68838691711426,-14.883421659469604,279.7343063354492,261.9760322570801,-22.58453369140625,264.23267364501953,246.3640594482422,-26.983609199523926,231.7558479309082,227.9732608795166,0.9151510894298553,264.6213912963867,229.30144786834717,-15.759730339050293,260.207462310791,260.3683662414551,-25.0974178314209,246.9963836669922,263.6487579345703,-30.700559616088867,210.74176788330078,225.84580421447754,-4.474491775035858,248.3744239807129,236.06536388397217,-20.13101100921631,243.97903442382812,271.02550506591797,-23.57218027114868,230.4048728942871,268.39874267578125,-23.682656288146973,191.81135177612305,233.93245697021484,-12.55771517753601,229.7210693359375,245.66522598266602,-29.199531078338623,227.25120544433594,277.68399238586426,-24.545466899871826,213.35662841796875,276.51941299438477,-18.779982328414917,175.7375144958496,248.32683563232422,-21.7222261428833,208.3778190612793,258.766393661499,-31.468307971954346,207.90590286254883,280.2806854248047,-26.662044525146484,195.17831802368164,280.8230209350586,-21.012604236602783
rock,Right,199.68507766723633,338.60595703125,-0.00021832924176123925,235.68042755126953,316.5901279449463,-8.514848947525024,264.4881820678711,284.2193126678467,-14.94837760925293,276.60091400146484,255.50665855407715,-22.258901596069336,261.6580581665039,238.98442268371582,-26.115734577178955,231.37872695922852,226.91978931427002,1.7638151347637177,263.1250762939453,225.3632640838623,-15.206575393676758,259.49256896972656,256.7827320098877,-24.637491703033447,245.2566909790039,261.0773277282715,-30.003347396850586,211.45910263061523,224.50997829437256,-3.0689233541488647,247.0292091369629,230.58352947235107,-19.250489473342896,244.2864227294922,266.0727024078369,-22.8312087059021,230.25463104248047,264.882230758667,-22.736709117889404,193.12799453735352,231.60449981689453,-10.752053260803223,229.91777420043945,239.23587799072266,-28.355000019073486,228.38825225830078,272.13769912719727,-23.69649648666382,213.5758399963379,272.5184726715088,-17.417895793914795,177.15906143188477,244.9317741394043,-19.423387050628662,209.96496200561523,252.83366203308105,-30.048539638519287,209.38007354736328,275.121374130249,-25.276989936828613,195.3783416748047,276.8090057373047,-19.309126138687134
rock,Right,200.41120529174805,335.12864112854004,-0.0002086194399453234,234.64618682861328,313.5006523132324,-9.918864965438843,262.1310043334961,280.02702713012695,-16.248549222946167,272.2083282470703,249.0608310699463,-23.06431293487549,256.63997650146484,230.93806743621826,-26.51864528656006,231.66595458984375,228.94959926605225,0.6050188466906548,258.4122848510742,221.7923927307129,-16.080617904663086,256.0205268859863,252.70580291748047,-24.71522569656372,241.45456314086914,257.50545501708984,-29.47770357131958,211.79136276245117,226.58563613891602,-3.0910199880599976,242.29820251464844,222.92508602142334,-19.072905778884888,241.7160987854004,258.97069931030273,-22.090895175933838,227.2219467163086,258.319616317749,-21.603434085845947,192.85072326660156,231.97219848632812,-9.769927859306335,225.48032760620117,231.6171169281006,-28.20439100265503,226.0103416442871,264.9365043640137,-23.374338150024414,210.34976959228516,265.7553291320801,-16.824125051498413,174.86724853515625,243.04730415344238,-17.3234760761261,206.45610809326172,245.6111240386963,-29.026472568511963,207.71665573120117,268.822546005249,-24.153101444244385,192.8763771057129,271.67120933532715,-18.061325550079346
rock,Right,202.58268356323242,327.30225563049316,-0.00018774057025439106,236.49229049682617,306.6034984588623,-9.22307014465332,259.80648040771484,273.4726810455322,-13.133111000061035,264.6450996398926,241.56603813171387,-17.68375039100647,247.9430389404297,221.79386615753174,-19.624860286712646,234.4820213317871,236.76880359649658,2.622973918914795,253.40639114379883,220.38740158081055,-11.269365549087524,252.92051315307617,248.16487312316895,-17.246521711349487,240.9626579284668,255.40165901184082,-19.939992427825928,216.25341415405273,235.5166482925415,-0.3763161972165108,237.80858993530273,216.23868942260742,-17.03617572784424,237.99993515014648,252.53960609436035,-21.037986278533936,223.71959686279297,257.7075004577637,-19.947021007537842,197.29934692382812,239.1462278366089,-5.928753018379211,219.1367530822754,221.93554401397705,-26.809353828430176,221.71878814697266,257.2829532623291,-22.559020519256592,207.5498390197754,262.84217834472656,-14.678668975830078,175.1547622680664,247.2322654724121,-11.640381813049316,200.0521469116211,234.72095489501953,-25.058870315551758,204.29019927978516,259.7629165649414,-18.931764364242554,191.90967559814453,266.88159942626953,-11.293323040008545
rock,Right,201.87273025512695,324.35617446899414,-0.00019478095055092126,236.44926071166992,304.7762203216553,-8.492533564567566,259.2160415649414,271.9272708892822,-11.466758251190186,262.5825500488281,238.68099689483643,-15.27886152267456,244.64300155639648,219.05902862548828,-17.00230836868286,235.5976104736328,241.82550430297852,3.9319872856140137,252.13281631469727,223.2319736480713,-9.83575165271759,251.36571884155273,249.19140815734863,-16.0073721408844,240.26784896850586,256.49725914001465,-18.721925020217896,217.923583984375,239.4472360610962,0.9314491599798203,236.2557601928711,217.43053436279297,-15.58208703994751,236.2990951538086,252.48476028442383,-19.799884557724,222.90409088134766,258.1112480163574,-18.765602111816406,199.01525497436523,241.55181884765625,-4.609982073307037,217.81728744506836,220.24865627288818,-26.043884754180908,220.30717849731445,255.4585361480713,-21.876659393310547,207.1921157836914,262.4731922149658,-13.687081336975098,175.2614974975586,247.57535934448242,-10.139076709747314,197.4803352355957,232.55596160888672,-24.058947563171387,202.52975463867188,257.7077865600586,-17.81928062438965,192.14881896972656,265.82834243774414,-9.98253881931305
rock,Right,201.49782180786133,323.1218147277832,-0.00016412735931226052,237.86571502685547,303.4211826324463,-8.235171437263489,258.86425018310547,271.8741989135742,-10.899748802185059,260.57621002197266,239.7634792327881,-14.345896244049072,243.44154357910156,219.60435390472412,-15.82916259765625,234.78357315063477,245.09968757629395,4.2880779504776,249.13162231445312,225.85483074188232,-8.760360479354858,249.97493743896484,249.8990535736084,-14.482934474945068,239.22060012817383,259.2759132385254,-16.40834093093872,217.82997131347656,242.33665466308594,1.6983965039253235,233.88704299926758,218.8150691986084,-14.236105680465698,235.30630111694336,252.3002529144287,-18.796420097351074,222.00363159179688,260.6970977783203,-17.63162136077881,199.06259536743164,243.36347579956055,-3.276374340057373,215.83114624023438,220.55040836334229,-24.21186923980713,219.62480545043945,255.2105712890625,-20.544345378875732,207.45994567871094,264.70044136047363,-12.245793342590332,175.21907806396484,248.35570335388184,-8.16100537776947,195.44231414794922,231.80740356445312,-22.544615268707275,201.56999588012695,256.604061126709,-16.667152643203735,192.39543914794922,266.78635597229004,-8.583087921142578
rock,Right,202.1169662475586,321.14516258239746,-0.00014991446732892655,238.27648162841797,300.5507469177246,-7.9930102825164795,258.78448486328125,268.6424446105957,-10.357235670089722,256.9568634033203,237.0031213760376,-13.363326787948608,239.5138931274414,217.7563190460205,-14.533880949020386,232.66639709472656,243.93333435058594,4.648975431919098,245.79727172851562,225.46249866485596,-7.562768459320068,247.37340927124023,248.7410545349121,-12.827974557876587,237.7290916442871,258.52389335632324,-14.455087184906006,215.6241226196289,241.6720962524414,2.371908575296402,230.4121971130371,218.6996555328369,-12.878106832504272,232.58037567138672,251.61458015441895,-17.449086904525757,220.25039672851562,261.1399269104004,-16.326966285705566,197.38801956176758,242.97892570495605,-2.1436619758605957,213.3146858215332,220.42890071868896,-22.326056957244873,217.52534866333008,254.6454620361328,-18.823513984680176,205.86502075195312,265.0829601287842,-10.740094184875488,174.20726776123047,248.23843002319336,-6.541696786880493,193.49769592285156,231.54367446899414,-20.534701347351074,199.89408493041992,256.0562038421631,-14.816032648086548,191.0702896118164,266.59189224243164,-6.877783536911011
rock,Right,200.9929084777832,320.7596969604492,-0.00016259557014564052,235.2562713623047,302.0925235748291,-9.189650416374207,255.82735061645508,269.7781276702881,-12.092468738555908,255.78533172607422,236.89703464508057,-15.421253442764282,237.40983963012695,217.4186611175537,-16.865084171295166,231.01253509521484,243.55361938476562,2.9510846734046936,244.00407791137695,224.89684581756592,-9.802558422088623,245.86469650268555,248.73418807983398,-15.11988878250122,235.9500503540039,258.97178649902344,-16.712759733200073,213.46229553222656,241.42999649047852,1.0984619706869125,227.92743682861328,218.36023807525635,-14.81784462928772,230.67237854003906,251.52288436889648,-19.276524782180786,218.02438735961914,260.98706245422363,-17.927008867263794,194.7502899169922,242.98418998718262,-3.0910497903823853,210.32987594604492,220.4234504699707,-24.04709815979004,215.33597946166992,254.8293972015381,-20.553033351898193,203.44900131225586,265.4323482513428,-12.271002531051636,171.23319625854492,248.75959396362305,-7.2251951694488525,191.1260986328125,231.7979907989502,-21.88751459121704,197.87635803222656,256.1331367492676,-16.46589994430542,188.58203887939453,266.58714294433594,-8.58730673789978
rock,Right,200.02283096313477,319.30169105529785,-0.000152268294186797,234.36946868896484,300.9714889526367,-9.719233512878418,254.40568923950195,269.38714027404785,-12.95814037322998,253.69810104370117,237.07497596740723,-16.505637168884277,235.41353225708008,217.36058235168457,-18.15247893333435,228.89436721801758,243.5346508026123,1.7094671726226807,241.7928123474121,224.4986915588379,-11.56838059425354,243.9584732055664,247.9581642150879,-16.902763843536377,234.21932220458984,258.13422203063965,-18.376845121383667,211.45584106445312,241.5494728088379,0.11310169473290443,226.09357833862305,218.46277713775635,-16.638236045837402,228.97605895996094,251.4532470703125,-21.252446174621582,216.13859176635742,261.15062713623047,-19.86085057258606,192.67122268676758,243.1875514984131,-3.8086286187171936,208.52989196777344,220.3648853302002,-25.452744960784912,213.42819213867188,254.82464790344238,-22.02185869216919,201.3167381286621,265.52467346191406,-13.633323907852173,169.13591384887695,248.95877838134766,-7.683313488960266,189.21812057495117,232.10311889648438,-22.961599826812744,196.02577209472656,256.64411544799805,-17.792038917541504,186.61550521850586,267.37887382507324,-9.97946560382843
rock,Right,200.10675430297852,320.50540924072266,-0.0001581093056302052,234.5721435546875,301.8010139465332,-9.463191628456116,255.60199737548828,269.9967670440674,-12.261313199996948,254.24802780151367,237.975811958313,-15.34059762954712,236.12001419067383,218.64727020263672,-16.533159017562866,229.93560791015625,244.4506072998047,2.3468059301376343,242.15866088867188,225.49455642700195,-10.275003910064697,244.19885635375977,248.76588821411133,-15.373063087463379,234.55381393432617,258.8356304168701,-16.780555248260498,212.40825653076172,242.43370056152344,0.7644248753786087,226.16971969604492,219.17245388031006,-15.028128623962402,229.11827087402344,251.9498062133789,-19.32984471321106,216.64833068847656,261.77146911621094,-17.88291335105896,193.56985092163086,244.1056251525879,-3.128426969051361,208.48464965820312,221.45100116729736,-24.07442808151245,213.7140655517578,255.6924819946289,-20.621225833892822,202.26211547851562,266.6887950897217,-12.34118938446045,169.9388885498047,250.04817008972168,-6.971762180328369,188.96411895751953,232.33872413635254,-21.80342197418213,196.16392135620117,256.6912651062012,-16.43752694129944,187.72249221801758,267.98824310302734,-8.538585901260376
rock,Right,200.10313034057617,321.83289527893066,-0.00016118239727802575,234.58675384521484,302.43221282958984,-9.549910426139832,255.65654754638672,270.7255554199219,-12.671399116516113,255.0795555114746,238.74589920043945,-16.099008321762085,236.4554214477539,219.5564317703247,-17.50981569290161,231.1097526550293,245.01846313476562,2.6972800493240356,244.3759536743164,226.78115844726562,-10.500160455703735,245.4320526123047,250.56097984313965,-16.037570238113403,235.13151168823242,260.3565788269043,-17.737457752227783,213.19961547851562,242.8527545928955,0.8932856470346451,227.93481826782227,220.38551330566406,-15.701825618743896,230.16597747802734,253.61085891723633,-20.387370586395264,217.09877014160156,262.615385055542,-19.095598459243774,194.0983772277832,244.61626052856445,-3.2766366004943848,209.50639724731445,222.34139442443848,-24.69066858291626,214.52327728271484,256.9031238555908,-21.10602378845215,202.65439987182617,266.90646171569824,-12.715836763381958,170.35987854003906,250.65256118774414,-7.407240867614746,189.9266815185547,233.64669799804688,-22.23689079284668,196.6733169555664,258.3002471923828,-16.649892330169678,187.54934310913086,268.5872554779053,-8.6203533411026
rock,Right,200.44532775878906,323.8444519042969,-0.00017257965737371705,233.72488021850586,305.2922058105469,-10.441378355026245,255.26325225830078,272.76500701904297,-13.808947801589966,256.5612030029297,240.2614974975586,-17.10149049758911,238.26583862304688,220.82303524017334,-18.046599626541138,230.1076889038086,245.51862716674805,0.8278902620077133,245.0145721435547,226.66143894195557,-12.095803022384644,245.91781616210938,251.84600830078125,-16.72713875770569,235.22939682006836,259.1056823730469,-18.266878128051758,212.15274810791016,243.3995246887207,-0.7490760833024979,228.3940315246582,220.21774291992188,-17.11133122444153,230.61126708984375,254.5503044128418,-20.61452865600586,217.17239379882812,261.24011993408203,-18.831955194473267,192.94902801513672,245.6165313720703,-4.758693873882294,209.5661735534668,223.50996494293213,-25.854249000549316,214.54559326171875,258.1970500946045,-21.559746265411377,201.70293807983398,265.8076858520508,-13.196873664855957,169.48566436767578,251.88343048095703,-8.830647468566895,190.27402877807617,235.85622310638428,-23.26305389404297,196.5953254699707,260.16589164733887,-17.62221932411194,185.83063125610352,268.7062168121338,-9.989845752716064
rock,Right,200.30574798583984,325.27201652526855,-0.00016140327716129832,232.68959045410156,305.613956451416,-9.593639373779297,254.02868270874023,273.0567169189453,-12.936058044433594,256.7594528198242,241.84441566467285,-16.59992814064026,239.3658447265625,222.54873275756836,-17.821518182754517,227.65512466430664,242.76005744934082,2.6392588019371033,242.66176223754883,225.16403675079346,-10.622444152832031,243.55823516845703,250.84579467773438,-15.934929847717285,232.89052963256836,257.69336700439453,-17.971341609954834,210.19598007202148,241.37266159057617,0.3161000832915306,227.7932357788086,220.05691051483154,-16.050240993499756,229.9981689453125,255.07893562316895,-19.761992692947388,216.81303024291992,260.33040046691895,-18.17692518234253,191.44710540771484,244.5878791809082,-4.53407347202301,209.57815170288086,224.39582347869873,-25.706617832183838,214.35405731201172,259.0366458892822,-21.33960247039795,201.3861083984375,265.0829887390137,-12.965301275253296,168.4827423095703,252.00462341308594,-9.449904561042786,190.6852912902832,237.3185920715332,-23.592944145202637,196.56082153320312,261.6943645477295,-17.475372552871704,185.27036666870117,269.46699142456055,-9.5370352268219
rock,Right,200.2452850341797,327.888822555542,-0.00018275230104336515,228.64442825317383,310.0924015045166,-7.885607481002808,251.8072509765625,275.82043647766113,-11.164941787719727,254.91704940795898,243.45763206481934,-14.846463203430176,237.63654708862305,225.1697587966919,-16.163289546966553,223.6497688293457,238.5360288619995,1.5675416588783264,242.4344253540039,225.5737066268921,-10.215579271316528,241.85550689697266,251.52491569519043,-14.25066351890564,230.41751861572266,256.3304615020752,-16.311955451965332,204.4671630859375,237.47596263885498,-1.832379400730133,226.99527740478516,219.3871307373047,-17.18361258506775,228.16659927368164,255.5720329284668,-19.81178045272827,215.01544952392578,260.493106842041,-18.016695976257324,186.05287551879883,241.70820236206055,-7.291901111602783,208.9889907836914,225.3157138824463,-26.809027194976807,213.12898635864258,260.9150791168213,-21.75527572631836,199.1825294494629,267.11485862731934,-13.900583982467651,165.47077178955078,250.58444023132324,-12.839111089706421,191.2774658203125,239.43047046661377,-25.72077751159668,196.31893157958984,264.4106197357178,-19.928429126739502,183.84862899780273,271.16475105285645,-12.913095951080322
rock,Right,200.69780349731445,330.360803604126,-0.00020442827008082531,228.6813735961914,311.0244655609131,-6.273437142372131,251.4633560180664,274.8293209075928,-9.198942184448242,254.52770233154297,242.5737476348877,-12.827198505401611,237.0085906982422,226.26939296722412,-13.985815048217773,221.96834564208984,236.25341892242432,2.19393327832222,242.02476501464844,224.3018102645874,-8.945009112358093,241.8283462524414,251.1559009552002,-12.676268815994263,230.00438690185547,255.82420349121094,-14.90977168083191,202.4064826965332,235.97084999084473,-2.0029298961162567,225.9916877746582,220.00206470489502,-15.877315998077393,228.14420700073242,255.66996574401855,-17.52070188522339,215.3960418701172,259.6058464050293,-15.825555324554443,184.33801651000977,241.1653232574463,-8.185234069824219,208.8538932800293,227.0669460296631,-25.705525875091553,213.57606887817383,261.6189765930176,-20.14068603515625,199.39876556396484,267.19459533691406,-12.989459037780762,165.3600311279297,250.86095809936523,-14.524507522583008,192.25664138793945,240.81582069396973,-25.661954879760742,197.50017166137695,265.21780014038086,-19.75441813468933,184.6930694580078,271.6142749786377,-13.330070972442627
rock,Right,201.58315658569336,333.4071922302246,-0.00018663962691789493,228.83905410766602,308.8832473754883,-6.265566349029541,248.4876251220703,273.3193874359131,-10.724670886993408,254.36199188232422,243.63850593566895,-16.154799461364746,239.89822387695312,227.56728172302246,-18.530088663101196,213.6687469482422,230.379638671875,3.1081467866897583,237.6260757446289,222.28955268859863,-10.590519905090332,239.71521377563477,249.61363792419434,-16.851603984832764,225.56081771850586,255.4137897491455,-20.362377166748047,195.47725677490234,230.73441982269287,-1.730210930109024,224.8070526123047,221.98519706726074,-15.8212149143219,229.50828552246094,255.31502723693848,-17.913193702697754,215.13364791870117,257.37141609191895,-17.01523184776306,179.29168701171875,237.21708297729492,-9.053488969802856,211.3444709777832,230.92626571655273,-26.143922805786133,216.6719627380371,262.7425003051758,-21.410348415374756,201.28265380859375,266.48168563842773,-15.12766718864441,164.91718292236328,249.28613662719727,-16.86903476715088,196.83317184448242,246.4702606201172,-27.865023612976074,201.1976432800293,268.50379943847656,-23.237488269805908,186.93252563476562,273.6636543273926,-17.619149684906006
rock,Right,191.36484146118164,333.749942779541,-0.00019375496776774526,225.33075332641602,303.3859920501709,-2.2693414986133575,240.82712173461914,269.9095916748047,-7.115786075592041,247.98851013183594,244.44734573364258,-14.055535793304443,239.8604965209961,226.356840133667,-17.739896774291992,187.73622512817383,224.72278118133545,5.953899025917053,225.43828964233398,215.86275100708008,-10.354915857315063,231.24059677124023,242.4506378173828,-20.02023458480835,220.57628631591797,253.4571075439453,-25.557663440704346,174.0400505065918,226.85508728027344,-1.8953470885753632,221.47642135620117,219.55578804016113,-17.588002681732178,226.2786865234375,250.1763153076172,-20.843324661254883,213.98067474365234,257.18688011169434,-20.424747467041016,166.26434326171875,236.70179843902588,-12.291955947875977,214.76835250854492,234.5192813873291,-27.704367637634277,218.29179763793945,262.9204273223877,-23.795859813690186,205.1750946044922,268.2136058807373,-18.57847571372986,164.92794036865234,252.47526168823242,-23.504066467285156,205.0030517578125,254.87503051757812,-32.9766058921814,206.26611709594727,273.97765159606934,-30.27564287185669,193.36149215698242,277.6530647277832,-26.481587886810303
rock,Right,183.20812225341797,333.4446430206299,-0.00017320027836831287,220.88468551635742,297.4537754058838,-0.8047943562269211,232.40278244018555,266.7217540740967,-6.022906303405762,238.8004493713379,246.53403282165527,-13.307055234909058,235.23103713989258,228.0352020263672,-17.547860145568848,170.56243896484375,224.24695014953613,1.0269955545663834,215.37141799926758,213.88473987579346,-14.74530577659607,219.75255966186523,239.81806755065918,-23.74077796936035,206.41069412231445,248.72002601623535,-29.567413330078125,160.26395797729492,228.5958194732666,-7.785661816596985,216.33970260620117,218.5811948776245,-22.321994304656982,219.32422637939453,247.9606533050537,-24.514524936676025,204.82641220092773,252.555513381958,-24.61678981781006,158.7734031677246,240.83298683166504,-18.44673991203308,213.84458541870117,237.0666790008545,-31.174890995025635,216.28948211669922,263.2460689544678,-26.268763542175293,201.42822265625,266.323299407959,-22.069618701934814,164.21466827392578,257.825403213501,-29.88445520401001,206.6020393371582,257.84929275512695,-36.85072898864746,207.67253875732422,275.8183765411377,-33.173770904541016,194.77426528930664,278.7275218963623,-30.022945404052734
rock,Right,177.7476692199707,334.5892810821533,-0.00017292124539380893,217.95860290527344,297.0764636993408,1.3876141607761383,228.71898651123047,264.5704650878906,-2.3432013392448425,236.13170623779297,243.2944679260254,-8.408862948417664,235.09517669677734,230.06003379821777,-11.68340802192688,164.3021011352539,224.68205451965332,2.0416392385959625,210.4690933227539,212.7714443206787,-11.56590223312378,216.10244750976562,236.47991180419922,-19.26721453666687,203.29788208007812,246.69588088989258,-24.936602115631104,156.47985458374023,229.47750091552734,-7.582843899726868,213.21683883666992,216.7042636871338,-21.32610559463501,218.04290771484375,243.96011352539062,-23.411476612091064,205.09288787841797,251.47021293640137,-23.730881214141846,158.1620693206787,242.00403213500977,-18.6836040019989,214.35644149780273,237.68649101257324,-29.730541706085205,217.40240097045898,262.41745948791504,-25.29430389404297,202.7065086364746,267.2472953796387,-22.102370262145996,167.35023498535156,259.13183212280273,-30.56687831878662,211.69273376464844,260.5686664581299,-36.51745080947876,212.2682762145996,278.8322925567627,-34.02444124221802,198.94447326660156,282.4847888946533,-32.48861789703369
rock,Right,164.3293571472168,337.4593448638916,-0.0001461063584429212,205.9513282775879,301.1202907562256,0.3073977492749691,219.6744155883789,267.95863151550293,-4.307732880115509,230.9885025024414,244.33018684387207,-11.155195236206055,234.8270034790039,231.99073791503906,-15.06348967552185,158.83695602416992,224.40921306610107,-0.299087967723608,211.56930923461914,211.4617681503296,-13.246667385101318,214.86024856567383,231.9640302658081,-20.669028759002686,203.90565872192383,242.59889602661133,-25.921518802642822,154.75679397583008,232.6781702041626,-8.499225378036499,218.29233169555664,223.67877960205078,-19.788700342178345,218.9063262939453,245.3678798675537,-20.591306686401367,206.92859649658203,251.3671875,-21.34098768234253,160.2647590637207,247.11084365844727,-18.147016763687134,222.81190872192383,243.2058620452881,-26.875476837158203,220.34088134765625,263.37435722351074,-22.302331924438477,206.26447677612305,268.8789367675781,-19.873265027999878,172.77437210083008,264.6973514556885,-28.713536262512207,221.966552734375,265.2648067474365,-32.76905298233032,218.71826171875,281.2705421447754,-30.426130294799805,205.74424743652344,285.7343101501465,-29.437227249145508
rock,Right,165.10818481445312,335.0210380554199,-6.973159997869516e-05,178.42912673950195,297.5273323059082,-3.384299874305725,194.79639053344727,261.1956310272217,-12.569359540939331,219.80527877807617,238.28617572784424,-22.785773277282715,238.4203338623047,229.57067012786865,-30.161986351013184,155.40776252746582,224.78168964385986,-12.383557558059692,212.613525390625,209.93431091308594,-26.512978076934814,216.90252304077148,228.70430946350098,-33.35121393203735,205.86931228637695,238.1228256225586,-37.705020904541016,158.0432891845703,236.77658557891846,-19.123430252075195,221.4453125,227.1877098083496,-29.749393463134766,221.30504608154297,245.8087921142578,-29.32337522506714,208.7589454650879,250.85537910461426,-29.739723205566406,167.91587829589844,253.26662063598633,-26.91425323486328,228.79419326782227,246.8936061859131,-34.793827533721924,224.04888153076172,263.4364986419678,-29.95025873184204,209.7187042236328,267.1886444091797,-27.48910427093506,183.15834045410156,271.298131942749,-35.611281394958496,231.070556640625,268.212833404541,-38.079872131347656,225.77774047851562,281.86729431152344,-34.23236131668091,212.4477767944336,285.8491802215576,-32.151381969451904
rock,Right,166.99234008789062,333.04407119750977,-9.469567885389552e-05,161.26068115234375,291.5822696685791,1.9899122416973114,172.73807525634766,254.05892372131348,-5.534900426864624,200.36937713623047,234.1659164428711,-14.689342975616455,224.36115264892578,232.63166427612305,-22.10996150970459,155.4459285736084,228.59471797943115,-13.895219564437866,207.63824462890625,209.49265480041504,-24.962515830993652,213.1017303466797,227.55632400512695,-29.54090118408203,203.98488998413086,238.25307369232178,-32.58890628814697,167.42013931274414,241.0165500640869,-22.93257236480713,223.65867614746094,226.26534461975098,-29.28290605545044,222.95000076293945,243.98423194885254,-27.618515491485596,209.4771385192871,251.6769790649414,-27.88393497467041,184.07495498657227,257.29376792907715,-31.730670928955078,233.86323928833008,246.18038177490234,-34.311726093292236,228.21453094482422,262.6431083679199,-27.887697219848633,213.41432571411133,268.3604907989502,-25.49051523208618,202.97401428222656,275.26951789855957,-40.91947078704834,238.5654640197754,265.66640853881836,-38.80837917327881,232.19846725463867,279.9502944946289,-31.480536460876465,219.15210723876953,285.88788986206055,-27.58326292037964
rock,Right,173.1340217590332,336.522216796875,-9.9394401331665e-05,160.45690536499023,294.29317474365234,4.853593707084656,166.72861099243164,258.6247730255127,-0.8179895579814911,190.1089096069336,239.96951580047607,-8.244106769561768,213.69850158691406,237.63965606689453,-14.44427490234375,156.27748489379883,233.7942409515381,-12.226589918136597,201.49829864501953,209.59625244140625,-20.8359432220459,206.3420867919922,226.8424129486084,-24.145634174346924,196.7323875427246,238.8281536102295,-26.055994033813477,174.86722946166992,244.57866668701172,-21.19084358215332,221.05791091918945,223.20579528808594,-24.127979278564453,221.84396743774414,239.6755313873291,-21.359214782714844,210.9627342224121,250.52873611450195,-20.8498477935791,196.60348892211914,259.41186904907227,-29.31032419204712,235.3030776977539,244.19414520263672,-27.82404899597168,230.6988525390625,260.2001953125,-19.61269497871399,218.5953140258789,269.4884777069092,-16.50445818901062,218.1946563720703,276.70689582824707,-37.58169889450073,243.24951171875,266.1225986480713,-31.677396297454834,236.69849395751953,280.39392471313477,-21.9498610496521,226.6065788269043,288.07199478149414,-16.611764430999756
rock,Right,175.26273727416992,336.76886558532715,-0.0001162034004664747,160.00476837158203,293.8133239746094,7.247171998023987,165.2157211303711,259.8324966430664,2.902166247367859,187.30321884155273,242.6338005065918,-3.4731757640838623,210.9837532043457,240.81745147705078,-8.808550238609314,158.73910903930664,234.7715950012207,-9.368135333061218,199.87478256225586,209.4608974456787,-15.891472101211548,204.70525741577148,224.95121955871582,-17.884304523468018,195.35568237304688,237.25971221923828,-18.541125059127808,180.6658935546875,245.89433670043945,-18.36592197418213,219.62129592895508,223.09168338775635,-18.6785888671875,220.91264724731445,238.22218894958496,-15.499262809753418,211.0144805908203,249.82858657836914,-14.834095239639282,204.6664810180664,260.94308853149414,-26.045925617218018,235.64054489135742,242.8857421875,-22.42025136947632,232.20474243164062,258.1754779815674,-13.471612930297852,221.7452049255371,269.09823417663574,-9.903373718261719,226.77824020385742,278.1778049468994,-33.52616786956787,244.89797592163086,264.713773727417,-25.68558931350708,239.00562286376953,278.1896209716797,-14.194632768630981,230.77396392822266,287.52379417419434,-7.482048273086548
rock,Right,177.61531829833984,340.04613876342773,-0.00014972336430219002,160.98262786865234,295.3590202331543,9.713485836982727,165.36285400390625,261.35390281677246,8.184053897857666,185.30651092529297,244.79464530944824,4.522928297519684,207.49242782592773,243.6294937133789,1.7302072048187256,163.67752075195312,238.27752113342285,-4.574545323848724,196.19245529174805,210.04433155059814,-7.525729537010193,199.96469497680664,224.51321125030518,-7.356711030006409,190.58351516723633,237.3950958251953,-6.49048388004303,189.1473388671875,248.01095008850098,-12.80605435371399,217.95526504516602,223.22171688079834,-8.642941117286682,218.45542907714844,237.01322078704834,-4.244944751262665,208.4210205078125,249.44761276245117,-2.992178499698639,214.5148468017578,262.26319313049316,-19.38763976097107,234.40492630004883,244.08388137817383,-11.623128652572632,231.46514892578125,257.90282249450684,-3.279620110988617,221.71308517456055,269.4031620025635,-0.7182934135198593,235.6235694885254,279.07078742980957,-25.535142421722412,244.9053955078125,267.0118045806885,-15.61147689819336,239.59856033325195,278.9140319824219,-4.649919867515564,232.54281997680664,288.53081703186035,1.7230083048343658
rock,Right,182.56633758544922,342.3655700683594,-0.00017479680536780506,162.1039581298828,297.37011909484863,9.610128402709961,165.68195343017578,263.19783210754395,9.478294849395752,185.56146621704102,247.40778923034668,7.2199249267578125,207.84662246704102,248.10038566589355,5.802558064460754,166.81785583496094,240.41336059570312,-1.8856120109558105,191.2822723388672,210.4072380065918,-2.9806622862815857,194.62419509887695,225.45138359069824,-1.7294484376907349,187.04418182373047,239.36492443084717,-0.10489673353731632,193.7869644165039,248.81744384765625,-8.922408819198608,214.45428848266602,222.69287109375,-2.9880061745643616,214.28451538085938,236.51209831237793,1.7267560958862305,205.72154998779297,250.15594482421875,3.345828950405121,219.3877410888672,261.8415355682373,-14.36625599861145,231.42141342163086,243.5650634765625,-5.194655656814575,228.28777313232422,256.29481315612793,2.0057933032512665,220.2325439453125,268.38549613952637,3.8725316524505615,239.88821029663086,277.53644943237305,-19.356379508972168,242.08301544189453,265.52770614624023,-8.201438784599304,237.1652603149414,275.95627784729004,2.220316082239151,232.0456314086914,285.847692489624,8.190861940383911
rock,Right,185.1233673095703,345.58868408203125,-0.00018754746633931063,163.36347579956055,301.24720573425293,10.13417363166809,166.4835548400879,267.08295822143555,10.734663009643555,186.04070663452148,250.83941459655762,9.256495237350464,207.75585174560547,251.97515487670898,8.611924648284912,168.51905822753906,242.6674461364746,-1.0958638787269592,189.01918411254883,212.37384796142578,-0.5184748768806458,192.9024887084961,227.15659618377686,2.354355752468109,186.3926124572754,241.47497177124023,5.065475106239319,195.99153518676758,250.67264556884766,-7.877326011657715,212.65256881713867,223.8193416595459,-0.887707993388176,212.3501968383789,236.86081409454346,4.236764311790466,204.40330505371094,250.8595848083496,6.202839612960815,221.58893585205078,263.44757080078125,-12.861384153366089,229.8212432861328,244.53120231628418,-2.788197696208954,226.6248321533203,255.6551170349121,4.097672402858734,219.1541290283203,267.5418949127197,5.735892653465271,242.00767517089844,278.8853359222412,-17.26796865463257,242.0105743408203,264.9862289428711,-5.309797525405884,237.14067459106445,274.1616153717041,5.250106453895569,232.5760841369629,284.03735160827637,11.276365518569946
rock,Right,190.70690155029297,344.8824691772461,-0.0001828169661166612,167.0109748840332,301.15121841430664,9.005173444747925,169.08769607543945,267.80216217041016,8.947437405586243,188.32382202148438,252.47014045715332,6.974351406097412,210.10589599609375,253.92743110656738,5.69078803062439,172.47203826904297,243.6954116821289,-2.253431975841522,189.12675857543945,213.6853265762329,-2.4148952960968018,192.39093780517578,228.147554397583,-0.5727677419781685,186.9984245300293,242.4872589111328,1.4128988981246948,200.19336700439453,251.24753952026367,-8.515063524246216,213.43366622924805,224.7398042678833,-2.1609553694725037,212.36675262451172,237.29742050170898,2.290223091840744,205.15844345092773,251.52560234069824,3.8677266240119934,225.56049346923828,263.33810806274414,-13.067060708999634,230.7402229309082,245.4686737060547,-3.3337008953094482,226.94135665893555,256.014461517334,3.017374873161316,219.91884231567383,267.8547191619873,4.370841383934021,245.53949356079102,278.01876068115234,-17.16078519821167,242.81831741333008,265.70128440856934,-5.5679744482040405,237.73040771484375,274.4120693206787,4.595513343811035,233.36849212646484,284.0697383880615,10.438497066497803
rock,Right,195.12578964233398,344.84853744506836,-0.00018247174011776224,170.98016738891602,303.5408878326416,9.122873544692993,172.1542739868164,270.3108787536621,9.456721544265747,190.34936904907227,253.60556602478027,7.724772691726685,211.26293182373047,252.88464546203613,6.743393540382385,175.26281356811523,245.77746391296387,-0.6782189756631851,192.0469093322754,215.57201385498047,-1.330127865076065,195.7344627380371,229.40414428710938,-0.13515397906303406,190.30628204345703,243.51070404052734,1.535826027393341,202.1900177001953,252.4174404144287,-7.029305100440979,215.928955078125,226.77363395690918,-1.040281429886818,215.5517578125,239.23931121826172,3.0469128489494324,208.5506248474121,252.99370765686035,4.50472891330719,227.26716995239258,263.7972164154053,-11.883814334869385,232.97399520874023,247.50600814819336,-2.7267158031463623,229.96429443359375,258.3075141906738,3.304499089717865,223.29349517822266,269.95473861694336,4.633262455463409,247.41262435913086,277.791109085083,-16.30413293838501,245.88462829589844,267.16166496276855,-5.015775561332703,241.09699249267578,276.0586738586426,4.782606065273285,236.69958114624023,285.5295181274414,10.450809001922607
rock,Right,194.15828704833984,345.20276069641113,-0.00018946115233120508,170.1344108581543,304.42219734191895,9.041882753372192,170.3310775756836,271.1216926574707,9.328001737594604,187.56465911865234,252.97056198120117,7.782559394836426,207.21416473388672,251.5319538116455,6.966283321380615,174.4247817993164,246.74137115478516,-1.660049855709076,192.1075439453125,216.40706062316895,-2.0473001897335052,195.62225341796875,229.95516300201416,-0.12956315651535988,189.82765197753906,244.02769088745117,2.109997868537903,201.89207077026367,253.48772048950195,-7.775390148162842,215.4573631286621,226.8972873687744,-1.9833560287952423,214.9625015258789,239.1552972793579,2.5242769718170166,207.9161834716797,253.2693386077881,4.416329264640808,227.24584579467773,264.57289695739746,-12.27264404296875,232.94769287109375,246.40789031982422,-3.8160035014152527,230.03419876098633,257.15429306030273,2.5295838713645935,223.47492218017578,269.254846572876,4.3653154373168945,247.4481964111328,278.2280158996582,-16.19588851928711,245.97246170043945,264.7160053253174,-5.741285681724548,241.25097274780273,273.92086029052734,4.169989824295044,237.21054077148438,283.9282035827637,10.172991752624512
rock,Right,190.9569549560547,346.9525909423828,-0.00018486176486476324,166.2085723876953,305.5587959289551,9.052852988243103,166.44065856933594,271.61081314086914,9.15665864944458,183.81492614746094,252.0311450958252,7.524583339691162,204.04003143310547,249.23203468322754,6.7641013860702515,168.74828338623047,248.67510795593262,-2.572653591632843,188.7076187133789,216.3460636138916,-2.9911476373672485,193.13703536987305,230.3018045425415,-0.8309450000524521,186.73473358154297,244.80560302734375,1.6130979359149933,196.5896987915039,254.78808403015137,-8.805316686630249,212.32025146484375,227.34546661376953,-2.2495274245738983,212.91698455810547,239.54309463500977,2.80831515789032,205.8127784729004,253.26627731323242,4.68429297208786,222.72289276123047,265.4033946990967,-13.378844261169434,230.21894454956055,245.75783729553223,-4.391113519668579,228.05213928222656,256.68110847473145,2.510855495929718,221.58348083496094,268.8468647003174,4.380033612251282,243.78448486328125,278.800106048584,-17.383708953857422,243.0290412902832,264.74507331848145,-6.79282546043396,238.84084701538086,274.3404293060303,3.3753973245620728,235.02763748168945,284.52521324157715,9.4151771068573
rock,Right,187.4141502380371,350.8337688446045,-0.0001806301952456124,164.27579879760742,307.66164779663086,10.634924173355103,165.16252517700195,273.6101818084717,11.3315749168396,183.6886978149414,255.23088455200195,9.822548031806946,205.21623611450195,253.536958694458,9.169516563415527,165.44477462768555,249.82240676879883,-0.5777652189135551,187.01257705688477,217.2185754776001,-0.6662283092737198,191.95072174072266,231.71127319335938,1.7701239883899689,185.24578094482422,245.99504470825195,4.289223849773407,192.7860450744629,255.78632354736328,-7.79806911945343,211.26714706420898,228.0638551712036,-0.9279623627662659,212.58865356445312,241.53453826904297,4.288056492805481,205.15203475952148,255.26827812194824,6.270754337310791,219.2310333251953,266.8420886993408,-13.299793004989624,229.8307991027832,247.94483184814453,-3.3344048261642456,227.92695999145508,260.2627944946289,4.149322509765625,220.77116012573242,272.2905921936035,6.138599514961243,241.0309600830078,281.41530990600586,-18.249212503433228,243.1126594543457,268.4497261047363,-6.486459374427795,239.2110252380371,278.68700981140137,4.271050691604614,234.80594635009766,288.67658615112305,10.496598482131958
rock,Right,184.24543380737305,352.88323402404785,-0.0001847332350735087,161.1205291748047,308.96716117858887,11.65784478187561,162.07656860351562,274.4253444671631,12.047173976898193,180.33330917358398,255.62676429748535,10.2430260181427,202.37960815429688,253.4157657623291,9.222074151039124,161.39713287353516,251.35339736938477,-3.5673153400421143,185.2088165283203,218.12318801879883,-3.403983414173126,190.77835083007812,232.4692153930664,0.12165230698883533,183.79972457885742,247.08941459655762,3.313092291355133,188.92040252685547,257.9598140716553,-11.528873443603516,210.0848388671875,229.90485191345215,-4.497460424900055,211.79325103759766,243.6580467224121,1.7999498546123505,203.8727569580078,257.6681900024414,4.171060621738434,216.00730895996094,269.53834533691406,-17.37631320953369,228.99938583374023,249.16683197021484,-7.2831350564956665,227.2048568725586,262.48546600341797,1.3227775692939758,219.46767807006836,275.3257083892822,3.6929091811180115,238.2925796508789,284.52924728393555,-22.520623207092285,241.8980598449707,270.96153259277344,-10.933307409286499,237.5357437133789,282.16097831726074,0.3313235193490982,232.1738624572754,292.66056060791016,6.732344031333923
rock,Right,181.00542068481445,354.91278648376465,-0.00016450467228423804,159.95723724365234,310.4835891723633,11.089415550231934,160.63861846923828,274.93663787841797,10.490344762802124,179.49920654296875,255.84182739257812,7.6921480894088745,202.62361526489258,253.4762191772461,5.955241918563843,156.13325119018555,251.6773223876953,-3.645552098751068,185.73198318481445,217.87213325500488,-5.389784574508667,191.35974884033203,232.89835453033447,-3.62063467502594,183.5554313659668,247.56540298461914,-1.6392125189304352,183.48642349243164,258.4386920928955,-12.25967526435852,210.7047462463379,228.62051010131836,-7.182565331459045,212.59782791137695,244.01859283447266,-1.5885193645954132,203.5567283630371,258.6646842956543,0.6234849616885185,211.03282928466797,269.9034118652344,-19.039323329925537,229.65621948242188,249.0571117401123,-10.0840425491333,227.6310157775879,264.1720390319824,-0.8572077006101608,218.80708694458008,277.10646629333496,2.131587713956833,234.46725845336914,284.81898307800293,-25.296287536621094,242.06432342529297,271.56063079833984,-14.17975664138794,237.5846290588379,284.34825897216797,-2.52944678068161,231.70801162719727,294.61315155029297,4.155210852622986
rock,Right,180.10753631591797,356.24719619750977,-0.00015241595065162983,159.10833358764648,311.3301944732666,8.661440014839172,160.7166290283203,274.5054531097412,5.976807475090027,181.67701721191406,253.5050868988037,1.5107284486293793,205.6529998779297,247.79428482055664,-1.550847589969635,153.79705429077148,252.80771255493164,-7.170343995094299,188.42376708984375,219.2787265777588,-11.039408445358276,193.41514587402344,234.60482597351074,-10.578209161758423,184.30364608764648,248.83569717407227,-9.43546712398529,180.81832885742188,260.6439971923828,-15.451997518539429,212.01780319213867,230.0845241546631,-12.61325478553772,213.81696701049805,244.92753982543945,-8.15316379070282,204.0580177307129,258.850679397583,-6.740444302558899,208.9676856994629,272.42560386657715,-22.041664123535156,230.71308135986328,250.7190227508545,-14.825270175933838,228.79491806030273,265.98941802978516,-5.251074433326721,219.20509338378906,278.4780693054199,-1.8788109719753265,233.2741355895996,286.9420051574707,-28.298766613006592,243.09974670410156,271.5333366394043,-18.019533157348633,238.57397079467773,284.88112449645996,-5.834017992019653,232.1806526184082,295.490198135376,1.2051477283239365
rock,Right,180.69936752319336,358.78549575805664,-0.0001391486330248881,162.24681854248047,315.6292533874512,6.3010573387146,164.9300765991211,278.0130386352539,1.9295614957809448,186.8801498413086,256.179141998291,-4.223574697971344,211.6875457763672,251.62333488464355,-9.122097492218018,154.96956825256348,253.82431983947754,-9.664449691772461,195.55919647216797,222.95395374298096,-16.592007875442505,201.04724884033203,239.36312198638916,-18.796582221984863,192.0638656616211,252.83360481262207,-19.521472454071045,179.7087860107422,263.49557876586914,-18.319700956344604,217.92896270751953,235.83609580993652,-19.085350036621094,219.7613525390625,251.75085067749023,-16.197746992111206,209.94876861572266,264.2369556427002,-15.587496757507324,206.8791961669922,276.1974334716797,-25.719234943389893,236.19029998779297,255.4295825958252,-22.026126384735107,233.51816177368164,271.7604160308838,-12.58916974067688,223.37865829467773,283.26361656188965,-8.67367148399353,231.73124313354492,290.87170600891113,-33.04513931274414,247.80166625976562,274.4465446472168,-24.777350425720215,242.6388168334961,289.4969844818115,-12.453058958053589,235.27189254760742,299.8582649230957,-5.134122371673584
rock,Right,179.29481506347656,355.88138580322266,-0.00010802094038808718,164.04953002929688,312.91431427001953,5.1978665590286255,169.6232032775879,275.6176471710205,-1.5520983934402466,194.31280136108398,254.1760540008545,-10.236496925354004,219.75839614868164,250.69421768188477,-17.595303058624268,153.36512565612793,251.40884399414062,-13.65063190460205,199.4305419921875,224.38891410827637,-22.962872982025146,205.10183334350586,241.98068618774414,-26.497008800506592,195.39613723754883,253.98837089538574,-28.637142181396484,172.6173973083496,262.33165740966797,-23.695223331451416,219.78811264038086,237.41998672485352,-27.846837043762207,221.839599609375,255.11770248413086,-25.856854915618896,211.06634140014648,266.24685287475586,-25.94900131225586,196.5519142150879,276.16610527038574,-32.61181116104126,236.37962341308594,257.39670753479004,-31.81706428527832,233.38329315185547,274.9873352050781,-22.721388339996338,221.6077423095703,284.9519348144531,-19.0201199054718,220.79885482788086,291.74509048461914,-41.65339946746826,246.7252540588379,276.7620849609375,-35.383055210113525,241.6703224182129,292.91836738586426,-23.99775505065918,232.38645553588867,302.1125793457031,-17.604491710662842
rock,Right,167.10119247436523,358.2524585723877,-9.860830687102862e-05,163.86754989624023,315.24624824523926,3.9498448371887207,174.88203048706055,274.39178466796875,-3.2434803247451782,203.32006454467773,250.73135375976562,-12.670938968658447,228.51348876953125,244.44937705993652,-19.89737868309021,146.97797775268555,247.81651496887207,-11.377694606781006,203.68959426879883,224.07641887664795,-22.951068878173828,209.16446685791016,243.37780952453613,-27.120239734649658,198.71965408325195,255.19869804382324,-29.956347942352295,156.7813491821289,258.5970211029053,-21.695895195007324,219.7811508178711,239.03547763824463,-28.819141387939453,220.04304885864258,258.68425369262695,-26.32819414138794,205.8639144897461,266.7181205749512,-26.213061809539795,172.53673553466797,273.378324508667,-31.981711387634277,231.44536972045898,258.6185073852539,-35.02540111541748,226.96821212768555,276.7543888092041,-28.217179775238037,210.9028434753418,282.6210594177246,-25.95797061920166,192.40127563476562,290.042781829834,-42.61455535888672,236.6543197631836,280.354585647583,-40.332908630371094,230.70682525634766,295.3249454498291,-33.72640371322632,215.76522827148438,300.7763671875,-30.952987670898438
rock,Right,161.54438018798828,367.48374938964844,-0.0001507258366473252,204.25601959228516,330.1110076904297,-1.2862303853034973,217.0004653930664,293.6663818359375,-7.049257159233093,227.65743255615234,266.039342880249,-14.874873161315918,232.9460906982422,248.61740112304688,-19.47674870491028,152.51747131347656,248.06207656860352,-2.4858030676841736,208.35895538330078,230.89797019958496,-17.296682596206665,213.31384658813477,252.84645080566406,-25.45802593231201,201.39348983764648,264.88277435302734,-31.067557334899902,148.98465156555176,255.0729274749756,-10.743467807769775,216.40350341796875,239.23124313354492,-24.034733772277832,218.70061874389648,264.00973320007324,-24.815852642059326,205.25897979736328,272.3389148712158,-25.001366138458252,155.65739631652832,268.5506343841553,-20.760583877563477,222.50568389892578,259.8441696166992,-31.455345153808594,220.72721481323242,282.768030166626,-26.54709815979004,204.90827560424805,288.95050048828125,-23.432328701019287,170.07822036743164,285.9659671783447,-31.707777976989746,223.8833999633789,283.857421875,-36.61432981491089,221.02581024169922,301.91614151000977,-33.62377882003784,206.67617797851562,307.221622467041,-32.0841646194458
rock,Right,163.96717071533203,369.3814945220947,-0.0001525951302028261,212.6202392578125,326.3348865509033,0.5161538347601891,225.3839111328125,292.93307304382324,-5.349993109703064,235.29178619384766,268.6182689666748,-13.874450922012329,236.17860794067383,249.6621608734131,-19.083735942840576,157.3753547668457,246.78239822387695,-0.5738424882292747,211.35618209838867,233.28904151916504,-15.199934244155884,216.86914443969727,257.28753089904785,-23.332879543304443,204.5357894897461,268.0941867828369,-29.310178756713867,151.06382369995117,251.75090789794922,-10.07939338684082,218.37814331054688,240.44940948486328,-23.47883939743042,221.23653411865234,268.37639808654785,-24.52077627182007,206.84715270996094,276.0227680206299,-25.02516746520996,154.89752769470215,264.4794273376465,-21.173760890960693,222.85701751708984,262.4069595336914,-31.587328910827637,221.18736267089844,287.98255920410156,-25.960135459899902,203.75530242919922,294.34149742126465,-22.74219512939453,166.60390853881836,281.65492057800293,-33.304316997528076,220.46070098876953,285.3890132904053,-38.76195192337036,219.17221069335938,304.1221332550049,-35.879340171813965,204.6471405029297,308.29010009765625,-34.46495771408081
rock,Right,168.52222442626953,369.4361400604248,-0.00020388479242683388,214.84586715698242,329.71200942993164,2.3901501297950745,230.89427947998047,296.1910629272461,-1.8807531893253326,242.6660919189453,272.8045177459717,-9.178310632705688,242.13951110839844,251.84042930603027,-13.43781590461731,167.3440933227539,246.08888626098633,4.977880120277405,219.2375373840332,237.29530334472656,-9.971877932548523,222.97183990478516,263.5957717895508,-19.816148281097412,207.9429054260254,273.72493743896484,-26.73698902130127,158.19562911987305,249.1688346862793,-5.650926232337952,222.05337524414062,241.2454605102539,-19.343693256378174,223.21474075317383,270.97320556640625,-22.213847637176514,206.9302749633789,278.0510902404785,-23.314847946166992,158.41737747192383,261.4486598968506,-17.95347809791565,220.53916931152344,261.59205436706543,-28.997676372528076,219.83579635620117,288.7898540496826,-24.088516235351562,202.74606704711914,293.4096336364746,-20.628695487976074,166.03473663330078,279.4959354400635,-31.062726974487305,214.13734436035156,282.4144649505615,-36.57118558883667,213.09770584106445,302.2913646697998,-32.662513256073,198.73041152954102,306.07715606689453,-29.969401359558105
rock,Right,175.3365707397461,364.7629165649414,-0.00025686213120934553,218.51123809814453,331.9240379333496,-0.2862164005637169,238.89631271362305,296.3525104522705,-4.6896591782569885,250.80081939697266,269.8887062072754,-12.04694390296936,244.04909133911133,251.10363006591797,-16.05674147605896,184.9306869506836,241.56766891479492,8.525915741920471,229.2655372619629,236.42958641052246,-8.966732025146484,232.35528945922852,265.297794342041,-19.950501918792725,218.61865997314453,273.971471786499,-26.550915241241455,171.26386642456055,243.27884674072266,-0.9721574932336807,226.26129150390625,242.88951873779297,-17.076934576034546,227.2578239440918,275.9623146057129,-20.737388134002686,211.9051742553711,280.0850486755371,-20.979530811309814,164.20696258544922,254.00879859924316,-13.045086860656738,218.0014419555664,259.74514961242676,-27.723488807678223,217.07866668701172,289.3118476867676,-23.491802215576172,200.8138656616211,291.6525936126709,-18.716167211532593,163.2129669189453,270.6050205230713,-26.029720306396484,205.1605224609375,278.408145904541,-33.98670434951782,204.0159034729004,298.3256149291992,-30.504591464996338,189.9062728881836,300.3291320800781,-26.64005756378174
rock,Right,180.79193115234375,362.3876953125,-0.00024393459170823917,219.32672500610352,333.0223846435547,-3.709094822406769,242.50494003295898,297.44547843933105,-8.597409129142761,253.86178970336914,268.6545753479004,-15.77432632446289,243.0218505859375,249.01348114013672,-19.324270486831665,200.49114227294922,243.0245304107666,9.265324473381042,237.92875289916992,239.09873485565186,-9.041443467140198,238.79545211791992,269.48598861694336,-20.44302225112915,225.10080337524414,276.8967819213867,-27.08820343017578,182.91339874267578,242.5989532470703,1.5945987403392792,227.44497299194336,242.93100357055664,-16.372495889663696,228.02074432373047,277.39285469055176,-21.382079124450684,213.96442413330078,280.57199478149414,-21.77253484725952,169.18386459350586,250.71558952331543,-9.198840260505676,214.64418411254883,257.10362434387207,-26.880295276641846,214.2744255065918,288.1864643096924,-23.426063060760498,199.12370681762695,289.9951457977295,-17.93652057647705,160.26336669921875,265.2838611602783,-20.95839500427246,198.9288330078125,274.7650337219238,-31.28361701965332,197.88387298583984,295.4281997680664,-28.282089233398438,183.15994262695312,296.3987731933594,-23.891243934631348
rock,Right,180.0627899169922,361.8958282470703,-0.00024586779545643367,216.0227394104004,339.59607124328613,-10.262466669082642,244.37009811401367,303.08117866516113,-17.374640703201294,254.1464614868164,269.2463493347168,-25.116498470306396,236.90576553344727,248.49051475524902,-29.092252254486084,219.2579460144043,250.0356960296631,0.19603628665208817,244.62547302246094,241.7676544189453,-18.677000999450684,241.69536590576172,273.63890647888184,-27.751224040985107,226.5553092956543,279.0191459655762,-32.54252910614014,196.21002197265625,247.01602935791016,-4.541341066360474,224.66386795043945,240.75676918029785,-22.90231227874756,223.8489532470703,279.58248138427734,-25.82162618637085,209.13959503173828,278.23222160339355,-24.44406270980835,175.09454727172852,252.98749923706055,-12.526516914367676,205.62444686889648,253.53432655334473,-33.09696435928345,206.8909454345703,288.55319023132324,-27.62162446975708,190.8810806274414,287.517728805542,-20.12735366821289,155.8953094482422,265.02330780029297,-21.490373611450195,185.82937240600586,270.69780349731445,-34.72381114959717,187.75970458984375,293.783655166626,-29.987456798553467,172.63595581054688,293.6268997192383,-23.670508861541748
rock,Right,175.94032287597656,361.04501724243164,-0.0002319691157026682,210.4336929321289,345.7463264465332,-13.751184940338135,241.34931564331055,309.1663455963135,-19.825758934020996,249.20169830322266,273.0340576171875,-25.436007976531982,230.63817977905273,249.80246543884277,-27.093665599822998,229.05681610107422,264.0008354187012,-2.4134327471256256,248.69003295898438,249.33202743530273,-19.613635540008545,240.72111129760742,280.9116840362549,-26.385252475738525,227.54526138305664,282.2468376159668,-29.97015953063965,205.2528190612793,259.0114688873291,-4.495684504508972,225.2528953552246,243.04987907409668,-22.714321613311768,220.03236770629883,282.92781829833984,-24.178502559661865,208.4547996520996,279.71569061279297,-21.538751125335693,180.3483772277832,261.8985843658447,-9.927442073822021,199.73230361938477,251.40973091125488,-31.962625980377197,199.7398567199707,289.1304016113281,-25.212883949279785,187.53520965576172,286.9984245300293,-16.24519944190979,153.77123832702637,268.749475479126,-16.19977116584778,174.56045150756836,267.1952819824219,-30.313997268676758,178.65524291992188,291.5895366668701,-24.30906057357788,168.07809829711914,290.6202793121338,-16.969023942947388
rock,Right,173.82156372070312,359.82616424560547,-0.00022265488951234147,206.3089370727539,346.78175926208496,-14.359674453735352,236.91265106201172,309.85899925231934,-19.443559646606445,243.56239318847656,273.2046604156494,-23.660664558410645,224.69865798950195,250.9211254119873,-23.996849060058594,231.1638069152832,270.4867172241211,-0.7759668678045273,247.48855590820312,251.5697193145752,-16.426626443862915,238.29980850219727,281.22350692749023,-23.167150020599365,226.46976470947266,282.45457649230957,-26.686007976531982,207.80677795410156,265.2911853790283,-1.7283771932125092,221.87192916870117,244.7288417816162,-18.268325328826904,216.72874450683594,282.12621688842773,-20.04307270050049,207.68793106079102,278.5993766784668,-17.7144992351532,182.3288917541504,267.5215816497803,-6.056114435195923,194.95752334594727,251.61231994628906,-26.960890293121338,196.18825912475586,287.12562561035156,-20.86205005645752,187.2407341003418,284.40098762512207,-12.258371114730835,154.50156211853027,272.27136611938477,-11.146889925003052,169.58948135375977,264.5876884460449,-24.32156801223755,174.05736923217773,288.1174564361572,-17.78192400932312,165.9450912475586,287.6966857910156,-10.143011808395386
rock,Right,166.6373062133789,357.14080810546875,-0.0002131732617272064,198.2467269897461,346.7336368560791,-16.456502676010132,230.3662109375,309.98270988464355,-21.896193027496338,237.04397201538086,271.82936668395996,-26.228175163269043,217.1388053894043,247.6156711578369,-26.12508773803711,230.90478897094727,269.91628646850586,0.39712417870759964,243.64601135253906,249.7346305847168,-16.77970290184021,232.3044204711914,278.3118438720703,-24.31678533554077,221.75872802734375,280.4381275177002,-27.761752605438232,206.66419982910156,262.9508399963379,0.3915710002183914,216.5749740600586,241.98246002197266,-17.70391583442688,210.05699157714844,279.64405059814453,-19.795421361923218,203.98548126220703,275.7326889038086,-16.657241582870483,180.6173324584961,264.28616523742676,-3.589184284210205,188.00891876220703,248.30801010131836,-25.504944324493408,188.62239837646484,283.8552474975586,-19.27531123161316,183.8308334350586,280.0320625305176,-9.894421696662903,152.56362915039062,268.4725856781006,-8.649223446846008,162.835693359375,261.5449333190918,-22.07369089126587,166.7643165588379,285.12182235717773,-15.601072311401367,162.60848999023438,283.81364822387695,-7.559645175933838
rock,Right,163.33135604858398,355.67742347717285,-0.00017518250388093293,195.3699493408203,346.3989543914795,-17.60772466659546,225.04981994628906,311.82583808898926,-24.24525260925293,230.1820182800293,273.80616188049316,-30.059707164764404,211.5583038330078,249.53106880187988,-31.336216926574707,230.1064682006836,269.0620422363281,1.3104045391082764,238.14685821533203,248.55603218078613,-17.251858711242676,228.16431045532227,272.0423984527588,-25.04204273223877,220.44727325439453,278.11065673828125,-27.591497898101807,204.94674682617188,261.75127029418945,1.6735787689685822,210.75267791748047,240.9082317352295,-16.15088939666748,204.68875885009766,277.5674343109131,-16.462197303771973,203.58200073242188,274.69213485717773,-11.373603343963623,178.94771575927734,262.5809383392334,-2.5791293382644653,182.646484375,246.69590950012207,-24.58305597305298,183.0348014831543,281.2972354888916,-17.057044506072998,182.4707794189453,278.7737274169922,-6.2765806913375854,150.87374687194824,267.01197624206543,-8.30060601234436,156.78199768066406,260.048131942749,-21.864066123962402,160.6316375732422,283.30389976501465,-15.122436285018921,160.31965255737305,282.8547191619873,-6.422632932662964
rock,Right,159.5860195159912,353.51125717163086,-0.00020067800505785272,192.21307754516602,345.3921890258789,-20.677969455718994,222.66416549682617,309.7229290008545,-27.51039981842041,222.82283782958984,270.21105766296387,-32.39858627319336,202.88162231445312,245.39488792419434,-32.085068225860596,230.7623291015625,266.54139518737793,-2.489626407623291,236.43016815185547,245.1387119293213,-21.787102222442627,223.88404846191406,274.1473960876465,-29.754786491394043,218.57677459716797,279.2728614807129,-32.9047155380249,205.75244903564453,258.6112976074219,-0.8613177388906479,208.4994125366211,238.84813785552979,-20.627474784851074,201.3018798828125,276.44442558288574,-21.777021884918213,201.8326187133789,274.11166191101074,-17.250131368637085,179.4447898864746,258.86804580688477,-4.020102918148041,179.72238540649414,243.7287139892578,-27.667410373687744,178.99658203125,279.96700286865234,-20.305066108703613,181.2330436706543,277.7374076843262,-9.421330690383911,151.67895317077637,262.32765197753906,-8.83779525756836,153.78976821899414,255.6569766998291,-23.054795265197754,157.00852394104004,280.4823303222656,-16.316882371902466,159.3613338470459,280.76869010925293,-7.512366771697998
rock,Right,156.5037727355957,352.18603134155273,-0.0001999913547479082,188.61600875854492,342.4810981750488,-22.609245777130127,218.24697494506836,307.2685432434082,-30.676121711730957,215.42205810546875,267.8514862060547,-36.39401435852051,193.59594345092773,242.78809547424316,-36.41665697097778,231.68554306030273,263.9490509033203,-3.7619999051094055,235.21160125732422,241.92466735839844,-24.011459350585938,223.49956512451172,273.8118553161621,-33.09272050857544,221.14028930664062,281.08397483825684,-36.87649488449097,206.59175872802734,255.40088653564453,-1.2453588098287582,206.58254623413086,236.4151096343994,-21.38444185256958,198.80943298339844,274.9928283691406,-23.081777095794678,200.87963104248047,273.51250648498535,-19.0909206867218,180.19033432006836,254.8787784576416,-3.7456566095352173,177.09457397460938,239.22327518463135,-27.181625366210938,175.49768447875977,275.31277656555176,-19.926414489746094,179.85906600952148,273.9538764953613,-9.231306314468384,152.64973640441895,257.92619705200195,-8.128001689910889,152.6003074645996,249.26136016845703,-21.441404819488525,155.01343727111816,273.2831382751465,-14.124324321746826,158.2012939453125,274.58106994628906,-4.933965802192688
rock,Right,153.82619857788086,350.9603691101074,-0.00019332816009409726,185.57802200317383,341.2203025817871,-25.3141450881958,210.44960021972656,307.6260566711426,-34.16017770767212,200.41664123535156,269.044189453125,-39.93070363998413,180.73062896728516,243.66680145263672,-39.56594705581665,232.36225128173828,260.0521945953369,-3.725019693374634,229.10236358642578,244.13497924804688,-27.245960235595703,220.29579162597656,273.60082626342773,-39.074692726135254,220.4821014404297,284.8865604400635,-43.497676849365234,206.1667251586914,250.25193214416504,-0.01838242867961526,195.84640502929688,237.14253902435303,-22.713749408721924,190.35696029663086,273.58177185058594,-26.117405891418457,196.63606643676758,275.90681076049805,-22.383077144622803,179.17219161987305,249.1325283050537,-2.157682180404663,167.4897575378418,239.63810920715332,-28.435025215148926,166.84141159057617,273.91316413879395,-23.960227966308594,175.45564651489258,274.44674491882324,-13.843259811401367,152.269926071167,253.26290130615234,-6.432600617408752,146.54221534729004,246.50373458862305,-21.804208755493164,148.61412048339844,269.5206356048584,-16.679201126098633,154.5369052886963,271.3315200805664,-7.987548112869263
rock,Right,148.19722175598145,350.5232620239258,-0.00018223219740320928,178.46607208251953,341.39674186706543,-25.37909746170044,198.526611328125,307.8149127960205,-35.20234823226929,184.27013397216797,270.4306411743164,-42.2955846786499,163.39096069335938,244.4685173034668,-43.26000690460205,227.21147537231445,262.72241592407227,-5.822514295578003,220.73474884033203,244.6658992767334,-32.53221273422241,210.7789421081543,272.28970527648926,-46.410040855407715,210.57561874389648,287.1163558959961,-51.523075103759766,200.48473358154297,250.29873847961426,-2.6383963227272034,181.1378288269043,236.32630348205566,-28.495233058929443,175.1197052001953,271.19690895080566,-33.29721450805664,185.14545440673828,276.66297912597656,-29.89989995956421,173.12297821044922,247.5651454925537,-5.440300703048706,154.65450286865234,237.25424766540527,-33.3954644203186,152.1605110168457,270.4779624938965,-29.73809242248535,163.5344696044922,274.3937301635742,-19.703890085220337,147.2457790374756,251.20662689208984,-10.519224405288696,135.18169403076172,246.2790584564209,-27.545602321624756,136.1147117614746,268.9688014984131,-23.994953632354736,145.79769134521484,273.1253242492676,-15.812106132507324
rock,Right,148.52558135986328,354.9341011047363,-0.0001565726415719837,177.98572540283203,345.73079109191895,-28.066768646240234,194.82894897460938,312.1864700317383,-40.10277271270752,177.01248168945312,275.4297637939453,-48.82260799407959,155.69395065307617,249.35723304748535,-51.32126331329346,223.96333694458008,263.41100692749023,-8.378865122795105,214.06177520751953,245.36338806152344,-36.65746212005615,203.52190017700195,273.4702777862549,-51.2332820892334,204.76619720458984,288.7459087371826,-56.96256637573242,195.38328170776367,251.2602138519287,-4.659565687179565,179.06536102294922,235.08257389068604,-34.37623739242554,172.35990524291992,271.1674404144287,-40.94249725341797,181.49673461914062,278.8290309906006,-37.49373912811279,167.10281372070312,249.54108238220215,-7.103317379951477,148.2607078552246,239.69078063964844,-38.05866241455078,146.75050735473633,273.11742782592773,-35.67844867706299,158.85568618774414,277.87513732910156,-25.548477172851562,141.26531600952148,254.76327896118164,-11.938624382019043,128.17984580993652,251.1811637878418,-31.59694194793701,129.61734771728516,273.733434677124,-29.841136932373047,140.76703071594238,277.53350257873535,-22.417702674865723
rock,Right,149.0782642364502,357.5570011138916,-0.00016115804100991227,178.78841400146484,346.5392303466797,-27.587831020355225,194.0640640258789,313.5696029663086,-40.043959617614746,174.81937408447266,278.205041885376,-49.49435234069824,151.09915733337402,253.54900360107422,-52.99116134643555,222.6580047607422,264.30593490600586,-9.48866069316864,210.38890838623047,244.31259155273438,-38.14628839492798,200.93143463134766,273.0260181427002,-53.04825782775879,203.4466552734375,288.39755058288574,-59.10776615142822,193.5334587097168,252.56263732910156,-6.253514289855957,176.48069381713867,234.9219560623169,-36.336214542388916,170.2427101135254,271.50157928466797,-42.90260314941406,178.89284133911133,280.32114028930664,-39.58547592163086,164.72209930419922,251.4858341217041,-9.025186896324158,146.12278938293457,239.98871326446533,-39.568750858306885,145.02305030822754,273.6883735656738,-36.37711048126221,156.59899711608887,279.4759941101074,-25.962977409362793,138.01427841186523,257.4111843109131,-14.225133657455444,124.8984146118164,252.89789199829102,-33.465046882629395,126.80618286132812,274.80966567993164,-31.23439311981201,137.53653526306152,279.0202331542969,-23.645968437194824
rock,Right,150.74743270874023,357.498836517334,-0.0001441831591364462,180.7503890991211,346.6365051269531,-30.171334743499756,194.90625381469727,313.78149032592773,-43.91075611114502,174.84418869018555,277.9097557067871,-54.19266700744629,151.4928436279297,252.34522819519043,-58.315229415893555,222.9298973083496,263.5937690734863,-10.915108919143677,210.49488067626953,244.91286277770996,-41.598052978515625,200.5573272705078,274.2395210266113,-57.6589298248291,202.67545700073242,289.6073055267334,-64.06911849975586,193.18687438964844,252.99307823181152,-6.745973229408264,176.8004035949707,234.92026805877686,-39.05672311782837,170.41610717773438,271.9144535064697,-46.682820320129395,178.7793731689453,280.7562446594238,-43.48959922790527,164.58114624023438,252.18180656433105,-9.024117588996887,146.34870529174805,241.00032806396484,-41.57020092010498,145.2122974395752,274.627046585083,-39.21681880950928,156.3778305053711,279.591007232666,-28.76983880996704,138.58522415161133,257.9992961883545,-13.920154571533203,125.6600284576416,253.98465156555176,-34.4012975692749,127.6274299621582,276.22218132019043,-32.91494131088257,138.37443351745605,279.7385501861572,-25.554704666137695
rock,Right,149.86761093139648,359.0477657318115,-0.00014977854334574658,181.17794036865234,347.5031089782715,-28.58147621154785,195.82082748413086,315.3412628173828,-41.58486843109131,175.4775047302246,280.30566215515137,-51.48916721343994,151.3577175140381,255.8683204650879,-55.2720832824707,222.99278259277344,267.1340560913086,-9.545251727104187,212.2044563293457,245.33841133117676,-39.313392639160156,201.93836212158203,274.03575897216797,-54.83156681060791,204.18731689453125,290.27183532714844,-60.9785795211792,194.28314208984375,255.49409866333008,-5.75368344783783,179.05437469482422,236.9111680984497,-37.41291046142578,171.74554824829102,273.5479545593262,-44.85862731933594,180.21612167358398,283.20576667785645,-41.6107702255249,165.89483261108398,253.60344886779785,-8.2500159740448,147.84521102905273,242.22384452819824,-39.97020244598389,145.9878921508789,275.7982063293457,-37.8161883354187,157.55229949951172,282.2469234466553,-27.584798336029053,139.4872283935547,258.1775951385498,-13.247733116149902,126.34574890136719,254.80135917663574,-33.38343620300293,128.0884552001953,276.91203117370605,-32.321085929870605,138.97537231445312,281.6613578796387,-25.311083793640137
rock,Right,149.87342834472656,360.63119888305664,-0.0001720114960335195,180.70281982421875,349.6982002258301,-27.16479778289795,196.1788558959961,318.3541488647461,-40.01345634460449,176.17889404296875,284.06272888183594,-50.10232448577881,151.82245254516602,259.76938247680664,-54.4841194152832,223.06625366210938,268.0782222747803,-9.63567852973938,212.7747344970703,248.31893920898438,-38.83280277252197,200.65309524536133,276.22653007507324,-54.11520957946777,202.041015625,291.9879627227783,-60.368003845214844,194.25811767578125,255.6753158569336,-6.643038988113403,179.4207000732422,238.28909397125244,-37.422523498535156,170.29541015625,273.7335777282715,-44.44417476654053,177.83723831176758,283.71814727783203,-41.31631374359131,165.88916778564453,253.95423889160156,-9.619962573051453,147.32183456420898,243.16140174865723,-39.92048978805542,144.5470142364502,275.79989433288574,-36.856021881103516,155.96909523010254,282.66849517822266,-26.63313627243042,139.56069946289062,259.09369468688965,-15.04815936088562,125.26307106018066,254.80831146240234,-33.8816237449646,126.70244216918945,276.6107368469238,-31.757867336273193,138.04892539978027,281.8985366821289,-24.378864765167236
rock,Right,148.8172149658203,361.2638568878174,-0.00017407855921192095,179.42462921142578,351.6012668609619,-26.42157793045044,196.28055572509766,320.0361442565918,-38.00612449645996,174.74214553833008,286.25226974487305,-46.60486698150635,149.07453536987305,262.77966499328613,-49.598398208618164,219.43910598754883,264.89155769348145,-9.057283401489258,212.3052215576172,249.96271133422852,-37.292001247406006,203.7070083618164,276.52424812316895,-52.20170974731445,204.44452285766602,291.2376022338867,-58.28707218170166,191.47197723388672,251.5378475189209,-5.997084975242615,171.94149017333984,244.30752754211426,-33.20026874542236,166.6461181640625,278.7696647644043,-38.98332357406616,175.9486198425293,283.69683265686035,-36.392199993133545,163.2269287109375,250.59019088745117,-8.920494318008423,141.9441795349121,251.50354385375977,-36.7964243888855,142.1958827972412,282.8584671020508,-33.71772766113281,154.40712928771973,283.98207664489746,-24.797635078430176,136.8614959716797,256.62328720092773,-14.297711849212646,121.89685821533203,259.6432399749756,-31.095521450042725,124.91753578186035,282.02327728271484,-28.061790466308594,136.01972579956055,283.21681022644043,-20.812969207763672
rock,Right,147.2495174407959,363.9967918395996,-0.00018084845578414388,177.20220565795898,355.8328342437744,-22.34060764312744,197.1029281616211,327.30889320373535,-32.0050573348999,174.84981536865234,296.08909606933594,-39.23321723937988,149.91124153137207,275.3341770172119,-41.400628089904785,216.6363525390625,269.4766902923584,-7.921118140220642,209.74231719970703,252.78345108032227,-33.11601400375366,201.13365173339844,277.7317714691162,-45.68404674530029,202.42137908935547,292.11719512939453,-50.506768226623535,188.8521385192871,254.14289474487305,-5.792984962463379,169.84491348266602,252.31189727783203,-29.328739643096924,164.17356491088867,286.1613464355469,-32.95497417449951,173.81887435913086,291.30151748657227,-29.830946922302246,160.76276779174805,251.021089553833,-8.951611518859863,140.9582805633545,256.6319274902344,-32.269723415374756,139.20001029968262,287.26633071899414,-27.601358890533447,150.03877639770508,288.636474609375,-19.07622218132019,133.71864318847656,254.40402030944824,-14.408550262451172,118.99145126342773,260.2610206604004,-27.935116291046143,120.62297821044922,283.8833713531494,-23.60722064971924,130.81985473632812,286.1249256134033,-16.167476177215576
rock,Right,148.87553215026855,362.4494934082031,-0.00016354359104298055,179.48835372924805,357.2702980041504,-25.176572799682617,202.83790588378906,335.93467712402344,-38.76735210418701,178.68925094604492,312.37449645996094,-48.559231758117676,151.15381240844727,295.9719944000244,-53.45197677612305,213.79589080810547,260.52669525146484,-21.12056255340576,200.5640411376953,267.213077545166,-45.61642646789551,192.76405334472656,296.700496673584,-57.1836519241333,195.60775756835938,304.88871574401855,-62.87111282348633,180.6949234008789,245.82375526428223,-18.7032413482666,160.73455810546875,271.607666015625,-42.177414894104004,159.50565338134766,304.3021774291992,-46.04169845581055,167.20989227294922,303.7487983703613,-44.80116844177246,149.89380836486816,246.2241554260254,-20.514299869537354,131.64100646972656,279.0688133239746,-42.50050067901611,134.92473602294922,306.1394691467285,-38.8772988319397,143.8601779937744,301.3157558441162,-33.036723136901855,122.48061180114746,254.1500473022461,-24.886512756347656,111.30475044250488,281.45971298217773,-39.14653301239014,117.37533569335938,304.3798542022705,-36.880812644958496,126.88669204711914,301.9643497467041,-31.74733877182007
rock,Right,152.43438720703125,359.7030830383301,-0.00010608973752823658,185.8096694946289,354.82824325561523,-22.41647481918335,213.240966796875,336.00059509277344,-37.03963756561279,187.82865524291992,319.081449508667,-48.48313331604004,154.3179702758789,312.0222759246826,-56.34287357330322,202.72356033325195,253.17455291748047,-22.73555040359497,194.57687377929688,273.57959747314453,-47.01066970825195,192.59723663330078,299.18360710144043,-61.15955352783203,195.18625259399414,300.7749652862549,-69.64262008666992,166.19258880615234,242.57466316223145,-22.480156421661377,158.9847469329834,286.97482109069824,-43.33982467651367,165.14963150024414,314.77643966674805,-49.18553829193115,170.64626693725586,309.36756134033203,-51.11558437347412,134.8904323577881,249.37545776367188,-25.611212253570557,131.43534660339355,300.47226905822754,-43.795437812805176,141.08779907226562,322.02000617980957,-40.979042053222656,147.1775722503662,312.14258193969727,-37.475221157073975,108.48550796508789,264.1713523864746,-31.388545036315918,109.52690124511719,305.344934463501,-43.25422286987305,121.64019584655762,324.9214839935303,-41.1616325378418,129.78582382202148,318.6602210998535,-37.2485876083374
rock,Right,152.48242378234863,357.1142578125,-7.029978860373376e-05,186.95873260498047,352.448787689209,-21.22920513153076,213.49533081054688,334.5154094696045,-37.04965114593506,185.95212936401367,322.50171661376953,-49.71695899963379,150.21838188171387,318.59453201293945,-59.5139741897583,193.7711524963379,248.89151573181152,-24.853034019470215,187.73956298828125,284.1273593902588,-49.04776573181152,188.09295654296875,310.2715015411377,-64.64529514312744,190.10984420776367,308.88184547424316,-74.82307434082031,155.3165340423584,242.33662605285645,-25.869879722595215,155.3765869140625,292.5537586212158,-45.65165996551514,163.46599578857422,317.8772735595703,-52.84597396850586,167.46173858642578,310.909366607666,-57.18558311462402,124.28020477294922,252.34210968017578,-29.726524353027344,129.6946144104004,306.9942283630371,-46.68617248535156,140.11881828308105,326.2491989135742,-44.81083393096924,143.58251571655273,314.5800018310547,-43.175692558288574,99.417724609375,269.5890140533447,-36.0959792137146,108.43019485473633,313.7226963043213,-47.553725242614746,121.92014694213867,331.2719535827637,-46.2479829788208,128.7067985534668,322.61630058288574,-43.91530513763428
rock,Right,148.0372142791748,355.55002212524414,-0.00012732764844258782,183.32948684692383,351.5002727508545,-22.43492364883423,212.25757598876953,335.128698348999,-39.029717445373535,188.35594177246094,324.6357536315918,-52.33790874481201,152.2044849395752,323.00548553466797,-62.61577129364014,190.34029006958008,250.19940376281738,-27.103679180145264,187.92739868164062,287.7077007293701,-51.65377616882324,186.76218032836914,314.77383613586426,-66.86310768127441,186.05207443237305,313.9789295196533,-76.75276756286621,152.09016799926758,244.2886447906494,-27.522907257080078,154.91182327270508,298.2799530029297,-48.11453819274902,162.67866134643555,323.60572814941406,-54.8951530456543,165.62555313110352,317.1763515472412,-58.80488872528076,121.36351585388184,254.5846939086914,-30.788147449493408,129.40035820007324,312.1897315979004,-47.86637306213379,139.08071517944336,329.9311065673828,-45.10657787322998,140.7284927368164,317.71711349487305,-42.84567832946777,96.76965713500977,271.9822311401367,-36.74750804901123,107.14738845825195,317.51197814941406,-48.60546112060547,120.12956619262695,333.68199348449707,-47.08341598510742,125.10263442993164,324.1941833496094,-44.38304424285889
rock,Right,146.30047798156738,357.09131240844727,-0.00015801728295627981,182.33423233032227,354.0355968475342,-22.99696445465088,213.64688873291016,337.52503395080566,-39.08388376235962,193.54806900024414,328.2308292388916,-51.5972900390625,158.8341999053955,329.11027908325195,-60.92775821685791,189.5908546447754,252.16449737548828,-26.75257682800293,187.45492935180664,293.03675651550293,-50.7250452041626,187.6774787902832,319.3234920501709,-65.342698097229,187.83748626708984,316.48841857910156,-74.93595123291016,151.22605323791504,247.5139045715332,-26.77989959716797,154.7895336151123,302.39707946777344,-46.40195846557617,162.6992416381836,326.473445892334,-52.631378173828125,164.27932739257812,318.05105209350586,-56.54428005218506,121.02459907531738,258.5232639312744,-29.626712799072266,129.31930541992188,315.49747467041016,-45.68621635437012,139.00428771972656,332.4778175354004,-42.350897789001465,139.50791358947754,319.39661979675293,-40.06373405456543,96.47008895874023,275.9047222137451,-35.273284912109375,105.81097602844238,320.5809688568115,-46.27788543701172,118.77748489379883,335.566349029541,-44.28963661193848,123.27084541320801,325.0582695007324,-41.50284767150879
rock,Right,146.28545761108398,358.7161159515381,-0.0001305760542891221,181.98131561279297,355.97265243530273,-24.06714677810669,213.83216857910156,339.7708225250244,-40.91745853424072,195.9770393371582,331.8753433227539,-54.08693790435791,162.06777572631836,336.3311004638672,-64.01928901672363,188.65036010742188,253.90929222106934,-27.627642154693604,189.09408569335938,297.7636241912842,-52.260499000549316,190.8180809020996,323.89391899108887,-67.7846097946167,191.39484405517578,320.2426815032959,-77.98978328704834,150.4258155822754,249.88031387329102,-27.59197473526001,156.08430862426758,306.6380023956299,-47.22975254058838,164.63312149047852,329.8688793182373,-53.82945537567139,166.3161277770996,319.81584548950195,-58.30286979675293,120.1516342163086,261.4701747894287,-30.517594814300537,130.5217170715332,320.8307361602783,-46.237192153930664,141.17432594299316,336.7939853668213,-42.95539855957031,141.82249069213867,322.3531723022461,-40.87388515472412,95.93738555908203,279.10157203674316,-36.46310329437256,106.63019180297852,324.9528121948242,-46.986093521118164,119.79578971862793,338.9659023284912,-44.943389892578125,124.00228500366211,327.610502243042,-42.40427017211914
rock,Right,145.8389949798584,359.7879123687744,-0.0001495410378993256,182.54268646240234,357.21405029296875,-24.059057235717773,215.3097915649414,340.92206954956055,-40.80619812011719,196.36165618896484,332.1152973175049,-53.91706466674805,161.514892578125,335.6110954284668,-63.8458251953125,188.7506866455078,254.9267292022705,-27.634780406951904,189.49134826660156,298.97120475769043,-52.48306751251221,190.62808990478516,327.07091331481934,-67.98174858093262,190.79519271850586,324.3917942047119,-78.05474281311035,150.6655788421631,250.8812427520752,-27.406649589538574,157.21758842468262,308.09889793395996,-47.17149257659912,165.28121948242188,333.97430419921875,-53.540611267089844,166.79048538208008,325.32225608825684,-57.74442672729492,120.8238410949707,262.439661026001,-30.145182609558105,131.53393745422363,321.5321159362793,-46.25149726867676,141.6864776611328,339.35362815856934,-42.957754135131836,142.01732635498047,326.18863105773926,-40.72169303894043,96.57360076904297,279.93945121765137,-35.79559326171875,107.55897521972656,325.25814056396484,-46.54294967651367,120.75397491455078,340.1318550109863,-44.48081016540527,124.90148544311523,329.485445022583,-41.816110610961914
rock,Right,144.23385620117188,358.8102149963379,-0.0001682696347415913,179.83705520629883,356.6408443450928,-22.864348888397217,212.8761863708496,342.1479606628418,-39.48821783065796,197.4882698059082,333.2855701446533,-52.8179931640625,163.7908172607422,333.77649307250977,-63.20229530334473,190.98304748535156,254.54326629638672,-27.329912185668945,192.00435638427734,298.01313400268555,-51.86137676239014,189.9392318725586,326.63246154785156,-67.53143310546875,187.7869415283203,324.6328067779541,-77.84334182739258,152.62385368347168,250.2286434173584,-27.692503929138184,158.6241912841797,306.88021659851074,-47.49716758728027,165.24612426757812,333.1171131134033,-54.20342445373535,166.75674438476562,325.51563262939453,-58.55125904083252,121.95319175720215,261.3435459136963,-30.785646438598633,132.5393581390381,320.47865867614746,-46.989030838012695,142.2428321838379,339.45945739746094,-43.63048553466797,143.13766479492188,327.9587459564209,-41.183176040649414,96.87681198120117,278.6663818359375,-36.69186353683472,108.52582931518555,324.4241237640381,-47.41304874420166,122.59065628051758,340.8148384094238,-44.91498947143555,128.16131591796875,332.00157165527344,-41.774330139160156
rock,Right,147.1804714202881,360.9532356262207,-0.00015755616914248094,182.54661560058594,358.07973861694336,-22.495574951171875,214.6169662475586,342.85268783569336,-38.89202117919922,197.01862335205078,332.67465591430664,-52.12831497192383,163.1475067138672,332.81161308288574,-62.32532978057861,193.19934844970703,255.90991973876953,-26.498608589172363,193.14430236816406,295.7872009277344,-50.77127933502197,191.61624908447266,324.4258975982666,-65.9929084777832,190.30973434448242,322.9701232910156,-75.91900825500488,155.27295112609863,250.7907199859619,-27.01998233795166,160.82014083862305,306.1368656158447,-46.926865577697754,167.1919822692871,331.55176162719727,-53.713226318359375,168.87781143188477,323.8406753540039,-57.89173603057861,124.68048095703125,261.4596176147461,-30.33970355987549,134.49865341186523,320.0558567047119,-46.85231685638428,143.8945198059082,339.23272132873535,-44.0046501159668,145.2842140197754,328.21014404296875,-41.674156188964844,99.68151092529297,278.43000411987305,-36.40291690826416,110.6686019897461,323.9473056793213,-47.348875999450684,124.59220886230469,340.19436836242676,-45.392470359802246,130.43212890625,331.09336853027344,-42.535037994384766
rock,Right,149.33040618896484,360.3820037841797,-0.00014647129319200758,184.59224700927734,358.0401420593262,-22.996652126312256,216.36985778808594,343.23760986328125,-39.559619426727295,198.7889289855957,333.3135509490967,-52.6763391494751,165.5605125427246,332.1808433532715,-62.72515296936035,195.83038330078125,256.08083724975586,-28.034865856170654,194.8379898071289,297.039270401001,-52.03444957733154,192.79052734375,324.84357833862305,-66.88302040100098,191.18841171264648,322.58179664611816,-76.73479557037354,157.59072303771973,251.11324310302734,-28.239986896514893,162.25284576416016,305.5752182006836,-48.105530738830566,168.2120132446289,330.85272789001465,-54.68062400817871,169.4927215576172,322.70750999450684,-58.90194892883301,126.7409896850586,261.5910243988037,-31.15623712539673,135.44743537902832,318.6371612548828,-47.43578910827637,144.52528953552246,336.8660259246826,-44.437856674194336,145.5029010772705,324.851016998291,-42.33633995056152,101.70751571655273,278.41309547424316,-36.841843128204346,111.95070266723633,322.7429008483887,-48.0101203918457,125.23453712463379,338.8988971710205,-46.176133155822754,130.63870429992676,329.67799186706543,-43.5705041885376
scissors,Right,197.28570938110352,356.5755844116211,-6.512731488328427e-05,189.52926635742188,314.5981979370117,4.673285484313965,194.45241928100586,267.8510570526123,-0.5053390562534332,192.6241111755371,231.43239498138428,-7.503570914268494,181.00591659545898,207.0779800415039,-15.606311559677124,234.61885452270508,251.77814483642578,-14.981982707977295,278.9229965209961,222.0600986480713,-22.85712242126465,305.9731864929199,205.1999044418335,-26.36500358581543,326.82247161865234,193.06437492370605,-28.738219738006592,251.93758010864258,268.15821647644043,-20.987722873687744,290.5204391479492,264.64430809020996,-26.658639907836914,277.19261169433594,278.1345748901367,-20.73542356491089,258.50114822387695,286.38450622558594,-16.543285846710205,265.8547592163086,292.74699211120605,-25.500431060791016,294.0554428100586,287.5008773803711,-28.734304904937744,283.3130645751953,298.7469291687012,-18.186920881271362,267.1556282043457,306.868371963501,-11.726269721984863,277.2938346862793,317.8282928466797,-29.28558111190796,296.263370513916,308.88035774230957,-27.04225778579712,284.62745666503906,318.41397285461426,-15.430269241333008,270.33599853515625,325.64366340637207,-7.340717911720276
scissors,Right,197.22883224487305,357.2002601623535,-6.345172550936695e-05,188.90605926513672,315.1732921600342,3.6058077216148376,193.57595443725586,268.764123916626,-1.9676506519317627,191.7784881591797,232.50250339508057,-9.116055369377136,180.9621810913086,207.77223587036133,-17.294329404830933,235.18497467041016,252.29899406433105,-15.89734435081482,278.98963928222656,222.99184799194336,-24.125869274139404,305.7316207885742,205.93554496765137,-27.945537567138672,326.26598358154297,193.60034465789795,-30.5611515045166,252.49040603637695,268.9327812194824,-21.47325038909912,289.251708984375,265.4354953765869,-27.60484218597412,275.96221923828125,278.5634708404541,-22.241978645324707,258.1327819824219,286.1132526397705,-18.506290912628174,266.4116859436035,293.58896255493164,-25.608384609222412,293.4095573425293,287.82666206359863,-29.483299255371094,282.6517868041992,298.6519145965576,-19.225106239318848,266.88785552978516,306.2278461456299,-12.887771129608154,277.7110481262207,318.74842643737793,-29.06928539276123,295.60646057128906,309.18651580810547,-27.441654205322266,284.0610694885254,318.2597351074219,-16.067891120910645,270.2144432067871,325.07686614990234,-8.027759194374084
scissors,Right,195.23405075073242,356.9876289367676,-6.239794856810477e-05,185.2510643005371,315.3214931488037,3.9958426356315613,189.51539993286133,268.538875579834,-0.3857836127281189,188.4441375732422,232.13702201843262,-6.394349932670593,177.98200607299805,207.80353546142578,-13.399190902709961,230.2033233642578,252.0450496673584,-13.707677125930786,273.58129501342773,221.75137996673584,-21.38286828994751,299.7521781921387,203.74674797058105,-24.90020751953125,319.58885192871094,190.75661659240723,-27.253150939941406,247.82554626464844,268.50422859191895,-18.986083269119263,285.19527435302734,262.8320789337158,-24.78935718536377,272.6729202270508,276.30955696105957,-19.429901838302612,254.83802795410156,284.98878479003906,-15.416337251663208,262.3579978942871,292.75425910949707,-22.914929389953613,290.6464385986328,285.939416885376,-26.302273273468018,279.9152946472168,296.8351936340332,-16.193697452545166,263.8656997680664,304.9076271057129,-9.782874584197998,273.86180877685547,317.5372123718262,-26.209075450897217,293.12753677368164,308.5430145263672,-24.489729404449463,281.357421875,317.51243591308594,-13.586950302124023,267.08715438842773,324.33749198913574,-5.765955448150635
scissors,Right,192.2380828857422,355.2252388000488,-7.277983513631625e-05,181.87606811523438,314.5014953613281,4.329229295253754,186.35272979736328,267.0768928527832,-0.3158649429678917,186.09939575195312,229.66876029968262,-6.547396779060364,174.20024871826172,204.74395751953125,-13.93648624420166,227.08192825317383,249.12803649902344,-14.891270399093628,269.37255859375,217.2644805908203,-22.683899402618408,295.9369468688965,199.3893814086914,-26.323609352111816,316.17774963378906,186.57872200012207,-28.749563694000244,245.1582908630371,264.9558448791504,-20.263168811798096,281.954345703125,260.71123123168945,-25.22758960723877,269.0766716003418,274.8919486999512,-19.42217707633972,251.09088897705078,283.2861042022705,-15.64144492149353,259.78931427001953,289.5194435119629,-24.14825677871704,286.7251205444336,283.96754264831543,-27.76397466659546,276.4892387390137,295.29988288879395,-17.625619173049927,260.4056930541992,303.61255645751953,-11.422439813613892,271.5923881530762,314.4998073577881,-27.180538177490234,290.3999137878418,304.30578231811523,-25.263783931732178,278.9942169189453,313.89309883117676,-13.566694259643555,264.4356155395508,321.2110233306885,-5.387035012245178
scissors,Right,191.1358642578125,353.48236083984375,-7.85794691182673e-05,180.05922317504883,312.75681495666504,4.761956036090851,183.49063873291016,265.451717376709,0.40486864745616913,183.40621948242188,228.9418888092041,-5.57641327381134,172.77009963989258,204.34450149536133,-12.68758773803711,224.67218399047852,248.3887767791748,-15.434257984161377,266.4889717102051,215.5909538269043,-23.544671535491943,293.0887985229492,197.16802597045898,-27.311766147613525,313.23974609375,184.15502071380615,-29.681525230407715,242.28044509887695,264.1431713104248,-20.964550971984863,279.4858741760254,260.20694732666016,-26.42615556716919,267.003173828125,273.8063621520996,-20.715913772583008,249.3785285949707,281.8575096130371,-16.912294626235962,256.7695999145508,288.31695556640625,-24.9381685256958,284.52762603759766,282.75604248046875,-28.84392023086548,274.3128967285156,293.54601860046387,-18.71719717979431,258.52699279785156,301.61770820617676,-12.371180057525635,268.5636329650879,312.75157928466797,-28.020782470703125,288.5490036010742,302.54467964172363,-26.395187377929688,277.392578125,311.8190288543701,-14.800581932067871,263.06039810180664,319.11314964294434,-6.5371328592300415
scissors,Right,185.71468353271484,351.0162162780762,-5.5303571571130306e-05,176.24635696411133,310.70743560791016,1.6694165766239166,180.89122772216797,263.35862159729004,-4.183560609817505,180.70436477661133,226.7318058013916,-11.356781721115112,168.95374298095703,202.04349517822266,-19.50119972229004,220.26813507080078,247.32187271118164,-17.508074045181274,261.91259384155273,213.938627243042,-26.786062717437744,288.7482452392578,194.93247985839844,-31.384530067443848,309.0487289428711,181.32299423217773,-34.46696996688843,236.71348571777344,263.03667068481445,-22.75768756866455,274.59630966186523,258.9188575744629,-30.433900356292725,261.93525314331055,272.81235694885254,-25.993938446044922,244.0670394897461,280.5830669403076,-22.86494731903076,250.84609985351562,286.9452667236328,-26.78102970123291,280.3839874267578,280.7335567474365,-32.76535987854004,270.1109313964844,291.7123031616211,-22.762436866760254,254.1269874572754,299.7352409362793,-16.16766095161438,262.5431823730469,311.5036869049072,-30.265119075775146,284.09135818481445,299.7706604003906,-30.09472131729126,272.9856872558594,309.1105270385742,-18.48465085029602,258.7819290161133,316.6597652435303,-10.064791440963745
scissors,Right,176.62368774414062,347.70761489868164,-5.9988597058691084e-05,167.57940292358398,307.67784118652344,3.0106347799301147,172.2492218017578,259.1037940979004,-2.2622571885585785,172.63351440429688,221.90212726593018,-8.99725615978241,159.4321346282959,197.6072359085083,-16.681809425354004,209.18329238891602,242.7377986907959,-16.51729941368103,250.55788040161133,209.61965560913086,-26.326351165771484,276.8424987792969,190.68461894989014,-31.31850004196167,297.8590965270996,177.0011329650879,-34.71061944961548,226.3412094116211,257.9977226257324,-22.488901615142822,266.57962799072266,254.09852027893066,-30.814268589019775,253.25580596923828,268.4284973144531,-26.07513666152954,234.70426559448242,276.63402557373047,-22.441539764404297,240.90038299560547,281.6740036010742,-27.216570377349854,271.2448310852051,277.0892143249512,-33.90782117843628,259.9123764038086,288.7298011779785,-23.62382173538208,243.63473892211914,296.8479824066162,-16.67563796043396,253.08826446533203,306.27665519714355,-31.28828763961792,273.87882232666016,297.64466285705566,-31.70715093612671,262.0775604248047,308.3374214172363,-20.313429832458496,248.20287704467773,315.8361625671387,-12.03993558883667
scissors,Right,174.9173355102539,343.3454990386963,-6.351086085487623e-05,165.22188186645508,303.6206531524658,4.0959373116493225,168.12959671020508,256.5604591369629,-0.9451305866241455,168.99362564086914,220.6985378265381,-7.353678345680237,157.78512954711914,196.00826740264893,-14.677550792694092,205.3156280517578,239.60683822631836,-17.799745798110962,247.1670150756836,206.2336778640747,-26.850502490997314,272.7130126953125,187.17790603637695,-31.027004718780518,292.97468185424805,173.38781833648682,-33.90124559402466,222.79409408569336,255.51109313964844,-24.05006170272827,264.33610916137695,252.7225112915039,-31.359360218048096,250.52888870239258,267.0068836212158,-25.635967254638672,231.85556411743164,274.6183776855469,-21.599810123443604,237.5668716430664,279.79230880737305,-28.78351926803589,269.2716407775879,276.1106300354004,-34.43867206573486,257.2504425048828,287.76074409484863,-23.50816249847412,240.9656524658203,295.3322410583496,-16.510729789733887,250.02519607543945,304.5528316497803,-32.70636796951294,271.6073417663574,296.9689178466797,-32.671964168548584,259.66075897216797,307.69168853759766,-21.088757514953613,246.06523513793945,314.50550079345703,-12.801835536956787
scissors,Right,174.42298889160156,342.4098300933838,-6.148347438283963e-05,164.40645217895508,303.21630477905273,3.3477893471717834,167.43709564208984,255.43785095214844,-1.6717807948589325,168.66683959960938,219.53096866607666,-7.8028446435928345,157.02451705932617,194.891996383667,-14.83210802078247,204.6793556213379,238.97626876831055,-18.675378561019897,246.6206932067871,205.9028434753418,-28.13901424407959,272.5778388977051,186.90892696380615,-32.78127670288086,293.2902145385742,173.41838836669922,-35.90362071990967,222.44388580322266,255.31763076782227,-24.347550868988037,264.406681060791,253.0700969696045,-32.03839063644409,250.69366455078125,267.4507999420166,-26.694889068603516,232.23031997680664,274.97145652770996,-22.834434509277344,237.3788070678711,279.93773460388184,-28.510210514068604,268.924503326416,276.6614055633545,-34.897027015686035,256.8795967102051,288.2764720916748,-24.544129371643066,240.42024612426758,295.68958282470703,-17.725534439086914,249.98567581176758,304.54845428466797,-31.775381565093994,270.9096145629883,297.1427822113037,-32.15106248855591,258.8082504272461,308.0467700958252,-20.643534660339355,244.85301971435547,314.8252487182617,-12.334040403366089
scissors,Right,172.1073341369629,342.8726577758789,-5.6723856687312946e-05,165.0331687927246,303.2577323913574,4.717625379562378,169.9911117553711,255.90768814086914,-0.4675259068608284,172.81671524047852,220.37411212921143,-7.146662473678589,160.95699310302734,195.37007331848145,-14.59535837173462,202.58975982666016,240.1530361175537,-19.835593700408936,243.74456405639648,206.26755237579346,-30.905113220214844,269.32531356811523,187.30971336364746,-36.00194454193115,290.0205612182617,173.56388568878174,-39.165382385253906,218.0118751525879,256.0393810272217,-27.091481685638428,264.96557235717773,254.2349338531494,-36.922504901885986,251.2155532836914,268.91063690185547,-31.348767280578613,232.04656600952148,275.83325386047363,-26.822469234466553,231.58273696899414,280.4122066497803,-32.75102138519287,270.2748489379883,278.3632278442383,-41.2824010848999,256.6151428222656,289.62804794311523,-30.283589363098145,238.8780403137207,295.9349727630615,-22.46274471282959,243.65728378295898,305.4379177093506,-37.38609313964844,271.21957778930664,298.67302894592285,-39.367737770080566,258.2757759094238,309.2168998718262,-27.77204990386963,242.92064666748047,314.8417854309082,-19.12024974822998
scissors,Right,169.85231399536133,344.86321449279785,-6.869696989042495e-07,170.274658203125,304.7921562194824,3.1710362434387207,181.05987548828125,259.4666862487793,-3.054114282131195,185.49400329589844,223.96021842956543,-11.05273962020874,174.58620071411133,198.34742546081543,-19.334025382995605,200.73991775512695,240.28241157531738,-19.97777223587036,238.75896453857422,205.24141788482666,-33.47967863082886,263.6064338684082,186.24343872070312,-39.99398469924927,284.69778060913086,171.477313041687,-44.16504383087158,209.25430297851562,255.49412727355957,-29.03888702392578,265.03883361816406,254.78805541992188,-44.942383766174316,253.4927749633789,271.5499019622803,-43.06107044219971,234.52146530151367,276.65173530578613,-40.057759284973145,219.08208847045898,279.30925369262695,-36.742422580718994,269.16786193847656,279.6291160583496,-49.760637283325195,254.91159439086914,291.5298271179199,-39.74098205566406,236.59305572509766,294.4747066497803,-31.60721778869629,228.2577896118164,305.25824546813965,-43.8619327545166,267.2434997558594,301.8655586242676,-48.37242603302002,254.1065788269043,312.2509574890137,-37.90373086929321,236.85447692871094,315.41367530822754,-29.69280242919922
scissors,Right,171.40186309814453,348.3797836303711,1.5497151650833985e-06,181.3916015625,308.0865955352783,1.0218116641044617,198.3763885498047,265.286922454834,-6.3302916288375854,208.13886642456055,230.6434965133667,-15.235930681228638,208.59670639038086,201.312575340271,-23.601534366607666,204.27108764648438,241.5849208831787,-22.866740226745605,235.88958740234375,207.51571655273438,-39.60561513900757,255.13898849487305,185.73789596557617,-47.476840019226074,272.3170471191406,168.8206672668457,-52.11247444152832,203.51436614990234,256.50904655456543,-31.812784671783447,267.17275619506836,262.7941703796387,-49.603543281555176,255.86179733276367,278.6804008483887,-47.5808048248291,240.01445770263672,280.51159858703613,-44.39674377441406,206.8423080444336,280.0313472747803,-40.06181716918945,268.44749450683594,290.12163162231445,-55.44984817504883,252.42626190185547,300.7811164855957,-46.87668323516846,235.37221908569336,299.5766830444336,-39.4653058052063,212.20775604248047,306.05403900146484,-48.08529853820801,259.9379348754883,311.96722984313965,-54.52596187591553,246.95978164672852,320.5600833892822,-46.63137435913086,229.8276710510254,319.5659065246582,-40.22684574127197
scissors,Right,187.9513168334961,355.00536918640137,-3.409269311305252e-05,226.26474380493164,321.05137825012207,-1.4976714551448822,243.52460861206055,283.1157875061035,-10.21710753440857,251.0628890991211,253.27852249145508,-21.61870002746582,260.9078025817871,227.95178890228271,-32.05747365951538,218.5658073425293,239.75282192230225,-16.149321794509888,232.3573875427246,205.99247932434082,-35.37421226501465,243.69382858276367,180.96891403198242,-46.40162467956543,253.0496597290039,161.3237428665161,-53.62287521362305,201.45776748657227,247.63961791992188,-25.64652919769287,261.6546821594238,264.8173427581787,-48.02167892456055,256.6625213623047,287.4609088897705,-50.04867076873779,241.93906784057617,290.396146774292,-48.95627975463867,192.7227783203125,269.57170486450195,-35.657498836517334,254.06112670898438,289.650821685791,-57.153425216674805,245.25981903076172,306.6753959655762,-51.44702434539795,230.59247970581055,304.52831268310547,-45.04448890686035,190.2769660949707,296.72922134399414,-46.05410575866699,238.86951446533203,313.22922706604004,-59.37525272369385,233.56927871704102,324.3848133087158,-54.687867164611816,219.45440292358398,321.30958557128906,-49.36741828918457
scissors,Right,201.13435745239258,357.0146942138672,-4.888312105322257e-05,242.2594451904297,329.3015956878662,-5.132601261138916,262.02808380126953,293.57102394104004,-13.907283544540405,273.42681884765625,266.0262966156006,-24.866533279418945,285.67399978637695,241.27601623535156,-34.94412899017334,226.66362762451172,243.89694213867188,-18.551461696624756,234.3954086303711,205.39655685424805,-36.87933683395386,241.6309356689453,178.7021827697754,-48.1190824508667,246.63511276245117,155.8685302734375,-56.38751029968262,203.14153671264648,247.90091514587402,-26.485698223114014,252.72907257080078,263.80937576293945,-49.84858989715576,252.5607681274414,288.154821395874,-55.289316177368164,238.1458854675293,291.4668273925781,-56.93228721618652,187.96354293823242,266.1662006378174,-34.90490913391113,239.4917106628418,287.73021697998047,-56.5854549407959,236.70671463012695,306.73888206481934,-52.88933277130127,222.29387283325195,304.86328125,-48.25160026550293,178.59302520751953,289.93383407592773,-44.16154861450195,219.89120483398438,308.1786918640137,-58.30313682556152,222.59584426879883,320.9684371948242,-54.91547107696533,211.6569709777832,319.7267532348633,-50.41161060333252
scissors,Right,212.20699310302734,354.6651363372803,-2.5888614345603855e-05,246.5216064453125,334.1304016113281,-9.405869841575623,271.0173797607422,295.2125930786133,-17.562193870544434,288.93890380859375,268.91956329345703,-27.233591079711914,308.97239685058594,252.21665382385254,-36.73762083053589,235.82361221313477,244.27245140075684,-18.450849056243896,238.49384307861328,202.67477989196777,-35.29214143753052,242.39131927490234,175.7167911529541,-45.45738697052002,244.2000961303711,151.5955924987793,-53.33035945892334,208.47412109375,245.67964553833008,-23.527073860168457,237.33705520629883,253.4370231628418,-48.888816833496094,245.62030792236328,282.678279876709,-54.90541458129883,239.27196502685547,295.0429916381836,-55.199971199035645,187.5492286682129,260.70393562316895,-29.531610012054443,222.72899627685547,277.75065422058105,-52.12916374206543,229.75765228271484,300.86523056030273,-48.897457122802734,222.26041793823242,305.7802391052246,-43.02150249481201,171.0276222229004,282.29169845581055,-36.778414249420166,203.78902435302734,298.4890651702881,-50.801639556884766,212.8624153137207,314.320707321167,-48.159942626953125,207.3291015625,316.97404861450195,-43.459906578063965
scissors,Right,210.12004852294922,351.29098892211914,-8.822178898526545e-07,249.00876998901367,333.58351707458496,-11.684833765029907,279.54565048217773,294.59529876708984,-18.457179069519043,302.76458740234375,269.5613193511963,-26.053578853607178,325.4191589355469,260.76624870300293,-33.90304088592529,241.68479919433594,240.77253341674805,-16.679437160491943,242.07857131958008,196.82692050933838,-29.65665102005005,242.5377655029297,169.45205211639404,-36.10871076583862,242.2254180908203,146.16033554077148,-41.334543228149414,212.49507904052734,240.6731414794922,-19.119728803634644,228.85692596435547,245.39895057678223,-41.68233871459961,235.44946670532227,280.2715587615967,-44.4914436340332,232.33821868896484,296.5152168273926,-41.67024612426758,187.24929809570312,252.6298713684082,-22.72102117538452,206.7776107788086,266.18785858154297,-44.255475997924805,215.1555061340332,293.63656997680664,-39.47763442993164,213.44446182250977,302.00843811035156,-31.54954195022583,164.0604019165039,269.1302490234375,-27.570552825927734,182.4048614501953,281.59257888793945,-40.36629676818848,195.24728775024414,299.9666118621826,-36.17879390716553,197.4411964416504,304.15080070495605,-29.873764514923096
scissors,Right,208.65375518798828,347.79842376708984,-8.602396519563626e-06,246.9952392578125,330.85201263427734,-11.965779066085815,278.90859603881836,291.83956146240234,-18.350566625595093,303.02473068237305,267.5543403625488,-25.498099327087402,326.06040954589844,258.62417221069336,-33.05259704589844,239.21253204345703,238.9643669128418,-15.932015180587769,239.1973876953125,193.19376468658447,-28.58043909072876,239.1718292236328,166.29618644714355,-34.76174354553223,238.32603454589844,143.23053359985352,-39.60410118103027,211.4969253540039,240.7006072998047,-18.022488355636597,222.92644500732422,239.4059658050537,-40.57976722717285,230.2212905883789,275.7085418701172,-43.31058979034424,228.6744499206543,293.1338882446289,-40.271596908569336,186.54468536376953,252.38327980041504,-21.27746820449829,199.4124412536621,257.19162940979004,-44.05306339263916,209.78614807128906,288.05365562438965,-38.37486505508423,210.13477325439453,299.1880989074707,-29.20783519744873,162.3923110961914,267.67799377441406,-25.525381565093994,175.25646209716797,271.252384185791,-38.90535116195679,189.12986755371094,291.84579849243164,-33.05093765258789,192.19480514526367,298.9072608947754,-25.305631160736084
scissors,Right,206.0919189453125,344.7410774230957,-1.3401188425632427e-05,243.8912582397461,327.98644065856934,-13.574743270874023,276.41469955444336,289.2081069946289,-19.999406337738037,301.2747573852539,264.34038162231445,-27.027311325073242,324.8302459716797,254.24205780029297,-34.586942195892334,235.14398574829102,239.11999225616455,-14.420831203460693,233.21027755737305,191.11501693725586,-27.25367307662964,232.0433807373047,163.81208896636963,-33.89939069747925,229.76930618286133,140.24168014526367,-39.15493965148926,209.90530014038086,244.20985221862793,-16.02226972579956,215.68336486816406,231.61630153656006,-40.66508769989014,224.14955139160156,268.96193504333496,-44.738173484802246,224.59653854370117,288.2468318939209,-41.96030139923096,185.95867156982422,256.25739097595215,-19.070805311203003,190.82603454589844,246.87646865844727,-45.211896896362305,203.67897033691406,280.5900192260742,-39.99401092529297,206.79227828979492,295.0723457336426,-29.92624282836914,161.59820556640625,271.3228511810303,-22.92011022567749,166.2430763244629,259.8629951477051,-39.91664409637451,181.55805587768555,281.8231201171875,-34.29370641708374,187.17302322387695,292.7006149291992,-25.99079132080078
scissors,Right,199.51881408691406,335.5964183807373,2.5862257189146476e-05,238.04876327514648,320.11719703674316,-20.6997013092041,268.58964920043945,282.78857231140137,-29.53131675720215,295.18646240234375,256.76164627075195,-37.31926441192627,320.62896728515625,244.993314743042,-45.137085914611816,228.20232391357422,233.4602165222168,-18.896878957748413,221.99125289916992,184.89068984985352,-32.61321544647217,217.39269256591797,156.5416717529297,-40.52177906036377,212.662353515625,132.76097774505615,-46.767258644104004,203.8431167602539,241.11019134521484,-17.271761894226074,199.10749435424805,223.01390647888184,-44.766154289245605,210.4206657409668,258.3457088470459,-50.53703308105469,217.55828857421875,279.9088668823242,-47.927069664001465,180.64054489135742,253.6351776123047,-17.7756404876709,176.42192840576172,240.8232879638672,-45.78991413116455,192.19013214111328,273.7602138519287,-41.49844169616699,200.66890716552734,290.2737522125244,-31.048247814178467,157.84244537353516,267.7956962585449,-19.846919775009155,155.9760856628418,253.08279991149902,-39.09953594207764,170.55801391601562,276.3329887390137,-35.05263090133667,178.84748458862305,289.1399574279785,-27.17313051223755
scissors,Right,196.09806060791016,331.0815238952637,2.2783785880164942e-05,234.31413650512695,313.3545970916748,-20.579264163970947,261.91205978393555,275.95367431640625,-29.717390537261963,288.59384536743164,249.84292030334473,-37.7837347984314,313.90411376953125,237.48799324035645,-45.84064960479736,219.66064453125,230.4140281677246,-19.169368743896484,210.81993103027344,183.472638130188,-33.04075241088867,204.2854118347168,155.62665939331055,-41.300225257873535,196.97397232055664,132.36454010009766,-48.09255123138428,195.4928970336914,238.85584831237793,-17.969151735305786,187.3094940185547,218.4749937057495,-44.83774662017822,200.82578659057617,253.37262153625488,-50.459914207458496,209.30879592895508,275.5052947998047,-48.21370601654053,172.6426124572754,252.82645225524902,-18.89158606529236,166.51805877685547,237.2444486618042,-46.265625953674316,184.6648406982422,269.2602252960205,-41.48427486419678,194.42811965942383,286.3023090362549,-31.196365356445312,150.62957763671875,268.93959045410156,-21.44678831100464,146.73736572265625,252.44098663330078,-40.912208557128906,163.32576751708984,273.8751983642578,-37.10759401321411,173.2471466064453,286.6258907318115,-29.742565155029297
scissors,Right,193.0445671081543,331.16246223449707,2.786031927826116e-05,230.95802307128906,312.9345703125,-20.80967426300049,258.45754623413086,274.41816329956055,-30.122666358947754,285.1068115234375,246.96321487426758,-38.33101272583008,310.9833526611328,235.03483772277832,-46.632728576660156,214.63041305541992,228.03454399108887,-19.3476402759552,203.9679718017578,181.66362762451172,-33.21171522140503,196.51472091674805,154.20239925384521,-41.71992301940918,188.69504928588867,131.50397300720215,-48.71927261352539,190.516357421875,237.3969841003418,-18.00905466079712,181.07479095458984,218.73390197753906,-45.260887145996094,195.52993774414062,252.47517585754395,-51.46458148956299,205.16170501708984,273.8049030303955,-49.5239782333374,168.11742782592773,252.0457363128662,-18.753468990325928,160.76658248901367,237.9296636581421,-46.019110679626465,179.86652374267578,268.6332035064697,-41.770572662353516,190.4734992980957,285.36303520202637,-31.82119607925415,146.8830108642578,269.044246673584,-21.17889642715454,141.9679832458496,253.80918502807617,-40.68260192871094,159.24917221069336,274.87918853759766,-37.198498249053955,170.05386352539062,287.19783782958984,-29.91330862045288
scissors,Right,191.45383834838867,331.4179801940918,2.94163169201056e-05,228.9339256286621,312.2390556335449,-21.445374488830566,256.5026664733887,273.07193756103516,-30.865955352783203,282.69378662109375,244.94256019592285,-38.97991895675659,308.5583305358887,232.81941890716553,-47.13294982910156,211.10206604003906,226.97311878204346,-19.585901498794556,199.8457145690918,181.12220764160156,-33.258020877838135,192.04166412353516,153.56623649597168,-41.586289405822754,184.10118103027344,130.71184158325195,-48.44460487365723,187.0945167541504,236.77136421203613,-17.921630144119263,177.51214981079102,218.1424856185913,-44.97403621673584,192.7781867980957,252.04679489135742,-51.04085922241211,203.01448822021484,273.69967460632324,-48.892998695373535,164.98123168945312,251.91035270690918,-18.393088579177856,157.8647518157959,238.39133262634277,-45.745320320129395,177.71381378173828,269.1368293762207,-41.66621208190918,188.5845947265625,285.7074165344238,-31.70440435409546,143.9939308166504,269.25896644592285,-20.569751262664795,139.0929412841797,253.70518684387207,-39.84579801559448,156.4320945739746,274.48144912719727,-36.270177364349365,166.96456909179688,286.4271068572998,-28.93009662628174
scissors,Right,190.81039428710938,331.2794780731201,2.675172709132312e-05,228.00270080566406,312.436466217041,-21.796834468841553,255.45917510986328,273.08810234069824,-31.51682138442993,280.92477798461914,243.8199806213379,-39.802749156951904,307.4793243408203,231.48024559020996,-48.14168453216553,209.13702011108398,227.15585231781006,-19.854679107666016,197.3851776123047,181.70465469360352,-33.47080945968628,189.14072036743164,154.0861988067627,-41.78530693054199,180.80717086791992,131.13784790039062,-48.751487731933594,185.340576171875,237.1851110458374,-17.96436071395874,175.4630470275879,218.1428861618042,-44.99011039733887,191.4514923095703,252.26014137268066,-50.94033241271973,202.18873977661133,273.8081645965576,-48.72467041015625,163.65997314453125,252.4013900756836,-18.207733631134033,156.2794303894043,238.77814292907715,-45.34739017486572,176.57489776611328,269.0433597564697,-40.95413684844971,187.66849517822266,285.232458114624,-30.874950885772705,142.8554916381836,269.77646827697754,-20.199224948883057,137.34087944030762,253.76246452331543,-39.33032751083374,154.71805572509766,274.4651126861572,-35.61326742172241,165.19813537597656,286.24417304992676,-28.24273109436035
scissors,Right,189.27169799804688,331.10944747924805,3.037623400814482e-05,226.60125732421875,311.7172622680664,-21.821916103363037,253.83033752441406,272.6935386657715,-31.696488857269287,279.4226264953613,243.84063720703125,-40.19829750061035,305.08310317993164,230.2833652496338,-48.703083992004395,208.32477569580078,227.1646499633789,-19.97149348258972,196.53593063354492,181.12730026245117,-34.09348964691162,188.17777633666992,153.55130195617676,-42.7214241027832,179.70413208007812,130.5226993560791,-49.8579740524292,184.65137481689453,237.0340919494629,-18.17659020423889,175.14450073242188,218.17015171051025,-45.62410354614258,190.78746795654297,252.47145652770996,-51.57993793487549,201.3916778564453,273.4322261810303,-49.328670501708984,162.84042358398438,252.24411964416504,-18.59718680381775,155.4518222808838,238.5238552093506,-46.13434314727783,175.6168556213379,269.1391181945801,-41.53038501739502,186.8758201599121,284.9933338165283,-31.26884698867798,141.97420120239258,269.6330451965332,-20.7828426361084,136.54117584228516,254.65270042419434,-40.49583435058594,154.1231346130371,275.76870918273926,-36.902899742126465,165.0003433227539,287.29957580566406,-29.507014751434326
scissors,Right,188.2784080505371,330.6764316558838,2.3934610453579808e-05,226.05865478515625,311.32049560546875,-21.890101432800293,253.14729690551758,272.12785720825195,-31.668081283569336,277.57286071777344,242.97637939453125,-40.000600814819336,302.04607009887695,229.26256656646729,-48.29636573791504,206.7372703552246,226.11611366271973,-20.52908420562744,194.59304809570312,180.4804229736328,-34.621455669403076,186.19403839111328,152.95759677886963,-43.08812141418457,177.57596969604492,129.99328136444092,-50.02434253692627,182.89352416992188,236.3063621520996,-18.60734462738037,173.53460311889648,218.27579498291016,-45.90092182159424,189.8299217224121,252.4057674407959,-51.66694164276123,200.63655853271484,273.3962631225586,-49.29452896118164,161.21074676513672,251.78340911865234,-18.850938081741333,154.1145420074463,238.67019653320312,-46.38680458068848,174.61252212524414,269.0990924835205,-41.81834697723389,185.76313018798828,284.8385524749756,-31.574115753173828,140.53461074829102,269.2993927001953,-20.8345627784729,135.40603637695312,254.32883262634277,-40.36778450012207,153.3784008026123,275.33812522888184,-36.62064552307129,164.2557144165039,286.97041511535645,-29.122178554534912
scissors,Right,188.39628219604492,330.9818458557129,3.535883934091544e-05,225.74182510375977,311.5561866760254,-21.841182708740234,252.5560188293457,272.2092533111572,-31.86906337738037,276.5155220031738,242.9927158355713,-40.5062198638916,301.02027893066406,229.64710235595703,-49.09780025482178,205.07501602172852,226.74695491790771,-20.426959991455078,193.29383850097656,180.872483253479,-34.41455841064453,185.1703643798828,153.08783054351807,-42.7088737487793,176.44317626953125,130.13810634613037,-49.58338260650635,181.48330688476562,237.09255695343018,-18.584697246551514,172.95652389526367,218.7817668914795,-45.36508083343506,189.8727798461914,253.06872367858887,-50.568480491638184,199.84930038452148,273.20569038391113,-47.94608116149902,160.09790420532227,252.7606201171875,-18.924916982650757,153.29753875732422,239.0200710296631,-46.101436614990234,174.3630599975586,269.49442863464355,-40.71028709411621,184.58690643310547,284.51239585876465,-30.020756721496582,139.62335586547852,270.60215950012207,-21.025362014770508,134.51702117919922,255.02869606018066,-40.142860412597656,152.6333999633789,275.8332824707031,-35.69412708282471,162.35240936279297,287.1734046936035,-27.805650234222412
scissors,Right,186.7406463623047,334.4557571411133,2.7040778149967082e-05,223.5460090637207,313.62765312194824,-21.808593273162842,249.77445602416992,273.56961250305176,-31.92997455596924,273.80348205566406,244.2615509033203,-40.617666244506836,298.2636260986328,229.97301578521729,-49.29889678955078,203.16919326782227,228.79916667938232,-21.360502243041992,191.38622283935547,182.35077381134033,-35.93873977661133,183.26309204101562,154.27637100219727,-44.5476770401001,174.28102493286133,130.98255157470703,-51.52002811431885,179.4355583190918,239.41490650177002,-19.523955583572388,170.9859848022461,221.46170139312744,-46.5671968460083,187.82764434814453,256.4468765258789,-51.57124996185303,197.76777267456055,276.9057369232178,-48.80763053894043,157.9137420654297,255.34812927246094,-19.869266748428345,151.1782455444336,242.2379207611084,-47.4019193649292,172.2555923461914,273.0896759033203,-41.77565097808838,182.7771759033203,288.3717155456543,-30.849063396453857,137.5167942047119,273.5869789123535,-21.940383911132812,132.43704795837402,257.70106315612793,-41.38303756713867,150.8449935913086,278.76248359680176,-36.68695688247681,160.95489501953125,290.5070686340332,-28.490126132965088
scissors,Right,185.96298217773438,335.51934242248535,3.156045750074554e-05,222.9770851135254,314.50504302978516,-23.091068267822266,248.97050857543945,274.6590328216553,-33.976027965545654,272.90136337280273,244.79195594787598,-43.22509765625,297.0101547241211,229.1466522216797,-52.200326919555664,201.85735702514648,229.77986812591553,-22.31045961380005,189.83362197875977,183.03052425384521,-37.73375988006592,181.35116577148438,154.64369773864746,-46.499996185302734,172.07382202148438,131.32385730743408,-53.41097354888916,178.24647903442383,240.6625270843506,-20.10117769241333,170.23767471313477,223.5340118408203,-47.697105407714844,186.8638801574707,258.96300315856934,-52.12374210357666,196.7559814453125,278.1134605407715,-48.83622646331787,156.64484024047852,256.712007522583,-20.372183322906494,150.62832832336426,244.74403381347656,-48.6151123046875,171.36018753051758,275.73984146118164,-42.43350028991699,181.8814468383789,289.2636966705322,-31.029961109161377,136.32949829101562,274.8017120361328,-22.52483367919922,131.8435287475586,260.67615509033203,-42.225399017333984,150.24370193481445,281.6257667541504,-37.31961965560913,160.27965545654297,292.0139408111572,-28.95301580429077
scissors,Right,187.01513290405273,335.42552947998047,2.3534789761470165e-05,223.57500076293945,314.3473720550537,-22.37468957901001,249.64767456054688,273.5424041748047,-32.64412879943848,273.13756942749023,243.9946174621582,-41.37766361236572,295.7680130004883,228.14208984375,-49.884467124938965,201.33039474487305,229.50628280639648,-22.024221420288086,188.5048484802246,182.67158031463623,-37.4692177772522,179.45877075195312,154.53286170959473,-46.16793155670166,169.90541458129883,131.3869285583496,-53.00405025482178,177.74309158325195,240.4933261871338,-20.031981468200684,171.30523681640625,224.41547870635986,-47.92061805725098,188.52493286132812,260.20551681518555,-52.35945224761963,198.93804550170898,279.5526123046875,-49.02847766876221,156.13513946533203,256.56643867492676,-20.476794242858887,151.27674102783203,245.8436679840088,-48.932623863220215,172.61112213134766,276.6016960144043,-43.04458141326904,183.7274932861328,290.1683521270752,-31.852025985717773,135.7919692993164,274.7369956970215,-22.711844444274902,132.47547149658203,262.0375728607178,-42.65346050262451,151.6045379638672,283.0038070678711,-38.084349632263184,162.19070434570312,293.3079242706299,-29.936001300811768
scissors,Right,190.12001037597656,334.3197727203369,4.497680947679328e-05,224.28422927856445,312.4940299987793,-21.915383338928223,247.81402587890625,269.48020935058594,-32.81437873840332,269.67967987060547,238.90414237976074,-42.301979064941406,291.52332305908203,222.4680519104004,-51.37321949005127,197.93832778930664,229.173903465271,-25.324087142944336,182.59859085083008,181.1751365661621,-42.67345905303955,172.7192497253418,152.94097423553467,-52.30603218078613,162.3772430419922,129.14288520812988,-59.80050086975098,173.71065139770508,239.76425170898438,-23.946609497070312,171.00378036499023,226.92542552947998,-53.104119300842285,190.41704177856445,262.4626350402832,-57.161850929260254,200.65975189208984,280.2545642852783,-53.89544486999512,151.92449569702148,256.24457359313965,-24.891388416290283,151.04896545410156,249.69051361083984,-53.37348461151123,173.88845443725586,278.73169898986816,-46.554484367370605,185.438232421875,290.5587387084961,-35.31036376953125,131.7967414855957,275.1944160461426,-27.73874044418335,132.4661636352539,267.5103950500488,-47.276268005371094,153.26210021972656,286.53685569763184,-42.572336196899414,164.26528930664062,294.77219581604004,-34.67905521392822
scissors,Right,195.1418113708496,334.6218967437744,3.560283403203357e-05,226.8030548095703,308.5741710662842,-17.519463300704956,246.86031341552734,264.57286834716797,-28.473198413848877,264.43349838256836,233.57910633087158,-39.07869577407837,284.20650482177734,217.15347290039062,-49.283881187438965,193.10430526733398,222.87673473358154,-24.61556911468506,177.39618301391602,181.21680736541748,-41.676249504089355,166.3574981689453,154.0605354309082,-50.74845314025879,155.80467224121094,131.36215209960938,-57.74056911468506,164.16717529296875,230.97835063934326,-25.141360759735107,176.41469955444336,233.0855655670166,-50.45339107513428,195.57058334350586,266.06011390686035,-52.590088844299316,201.13740921020508,279.2054843902588,-49.133005142211914,142.26205825805664,249.69191551208496,-27.38304853439331,161.31982803344727,258.489933013916,-51.21859073638916,180.3583526611328,282.6953887939453,-43.71327877044678,185.00642776489258,289.0992736816406,-33.75635862350464,124.25477981567383,272.17145919799805,-31.581125259399414,142.45610237121582,279.47447776794434,-46.958909034729004,162.75531768798828,293.94527435302734,-41.8721866607666,169.38838958740234,296.2909698486328,-34.47220802307129
scissors,Right,196.07973098754883,331.77952766418457,-2.7175055947736837e-05,227.0852279663086,304.84042167663574,-13.750743865966797,245.23876190185547,260.45122146606445,-23.391594886779785,258.6325454711914,230.54848194122314,-33.2516884803772,275.47481536865234,212.25311279296875,-43.20748805999756,190.39424896240234,222.5788450241089,-26.061205863952637,173.65118026733398,181.35455131530762,-42.768330574035645,163.33728790283203,154.56027030944824,-52.177090644836426,154.33920860290527,131.86692237854004,-59.238080978393555,160.5168914794922,231.60158157348633,-28.030474185943604,184.47620391845703,239.58992958068848,-52.73820877075195,200.84630966186523,268.51515769958496,-56.44134998321533,202.3935890197754,282.4642753601074,-55.05051612854004,140.18922805786133,252.53823280334473,-30.88447093963623,169.70123291015625,263.6817169189453,-53.03294658660889,185.0121307373047,284.1826057434082,-47.8652286529541,185.67909240722656,290.63255310058594,-40.43332099914551,125.08858680725098,277.45362281799316,-35.26713848114014,149.32029724121094,283.53896141052246,-49.07796382904053,167.16989517211914,294.873046875,-44.77125644683838,171.69353485107422,297.60875701904297,-38.43446969985962
scissors,Right,196.66778564453125,329.5041275024414,-2.9322122827579733e-05,226.91444396972656,301.25450134277344,-12.602312564849854,241.57878875732422,257.05026626586914,-21.423633098602295,253.0384635925293,226.6072940826416,-30.712604522705078,269.40101623535156,207.73972034454346,-39.97816801071167,188.26412200927734,221.47175788879395,-24.66552734375,172.1282196044922,181.4308261871338,-41.469435691833496,161.57054901123047,155.63056468963623,-50.885868072509766,151.52735710144043,133.00334930419922,-58.20420265197754,159.25320625305176,230.7254934310913,-27.49096155166626,184.85275268554688,238.42947006225586,-51.52493476867676,202.21942901611328,264.5312976837158,-55.33111572265625,203.02621841430664,276.0138988494873,-54.37907695770264,140.83356857299805,252.2222900390625,-31.257343292236328,174.8784065246582,265.4919147491455,-52.92790412902832,190.06830215454102,283.690767288208,-48.40939998626709,188.4621238708496,287.02099800109863,-41.81282043457031,128.43578338623047,277.76275634765625,-36.53435468673706,157.9251003265381,286.81921005249023,-50.07894039154053,173.82123947143555,297.53345489501953,-46.43486499786377,174.08781051635742,299.0921401977539,-40.89195728302002
scissors,Right,195.0912857055664,327.6387691497803,-7.283766535692848e-05,224.67456817626953,293.82582664489746,-7.065069675445557,235.11566162109375,251.44858360290527,-14.710135459899902,242.80126571655273,222.14458465576172,-23.646843433380127,254.5740509033203,200.3895664215088,-32.39537000656128,186.53474807739258,222.21349239349365,-25.754482746124268,173.8935089111328,184.08020496368408,-43.564820289611816,165.54306030273438,158.93016815185547,-54.096903800964355,157.34613418579102,136.2661600112915,-62.22242832183838,159.5119857788086,232.48692512512207,-31.28587007522583,199.76446151733398,243.14558029174805,-53.9988374710083,212.5205421447754,263.6770248413086,-58.12727451324463,207.99322128295898,271.57676696777344,-59.17472839355469,145.06202697753906,255.53235054016113,-37.04685688018799,193.84096145629883,270.46889305114746,-56.79454326629639,203.11214447021484,285.1318073272705,-53.00975799560547,195.32794952392578,286.6299533843994,-48.8201379776001,138.68084907531738,282.3207950592041,-43.915700912475586,179.73691940307617,293.15279960632324,-56.459784507751465,191.00522994995117,301.33131980895996,-53.53017807006836,185.52936553955078,302.5283432006836,-49.69649314880371
scissors,Right,183.84668350219727,331.9494438171387,-8.855090527504217e-05,215.00057220458984,290.70207595825195,-5.649212002754211,225.73081970214844,249.15616035461426,-13.834314346313477,231.66339874267578,217.17308521270752,-23.619384765625,235.73814392089844,188.62854480743408,-32.40545034408569,183.17060470581055,224.6409273147583,-22.306249141693115,180.4637908935547,191.38486862182617,-39.61527347564697,176.5800666809082,165.07993698120117,-50.69534778594971,173.31304550170898,142.62866020202637,-59.490323066711426,161.63623809814453,234.91855144500732,-29.02907133102417,215.41427612304688,246.3951873779297,-49.61099624633789,219.8168182373047,262.80821800231934,-53.91972064971924,209.09130096435547,266.35863304138184,-56.4965295791626,153.0610466003418,258.0306816101074,-36.12534999847412,212.02529907226562,272.10765838623047,-53.062710762023926,210.9246063232422,283.8438320159912,-48.54093551635742,197.56683349609375,283.49902153015137,-45.548744201660156,152.33384132385254,285.3416347503662,-44.610867500305176,199.0827178955078,294.9090099334717,-57.434234619140625,201.11970901489258,301.5332794189453,-55.728936195373535,190.09273529052734,301.8851566314697,-53.416805267333984
scissors,Right,173.25634002685547,335.11138916015625,-4.042106866108952e-05,201.96123123168945,288.3237648010254,-4.007895290851593,213.19782257080078,245.48521041870117,-11.383368968963623,215.51015853881836,212.54891395568848,-20.810036659240723,218.02173614501953,181.95167541503906,-29.341654777526855,182.64070510864258,227.67524242401123,-16.648850440979004,190.14076232910156,197.50242233276367,-32.611732482910156,191.75048828125,172.38518714904785,-41.869235038757324,193.77460479736328,152.37078666687012,-48.68978500366211,170.11608123779297,241.60280227661133,-24.182822704315186,234.41862106323242,246.54613494873047,-42.91707992553711,228.55201721191406,261.11546516418457,-44.560346603393555,213.17663192749023,263.5257625579834,-44.82278823852539,167.64205932617188,266.1848831176758,-32.45879650115967,232.74696350097656,274.1357231140137,-50.315308570861816,219.9335479736328,283.3054733276367,-45.77453136444092,203.69081497192383,281.74930572509766,-41.67119026184082,170.23860931396484,293.75553131103516,-41.560492515563965,221.62715911865234,296.1936092376709,-54.23886299133301,212.46295928955078,301.49903297424316,-52.06504821777344,195.88281631469727,301.56867027282715,-49.25028324127197
scissors,Right,161.7985725402832,320.98812103271484,1.3322036238605506e-05,171.83979034423828,282.4102020263672,-4.713379740715027,188.36687088012695,238.1779432296753,-12.487280368804932,194.40420150756836,203.4944772720337,-20.288591384887695,188.50248336791992,175.39283752441406,-27.344536781311035,181.53064727783203,228.49239349365234,-26.38235092163086,210.3466796875,200.4040002822876,-42.3547887802124,224.11455154418945,181.79064273834229,-50.209031105041504,236.69105529785156,165.78729629516602,-55.51796913146973,182.78032302856445,247.1803092956543,-33.03466558456421,247.34880447387695,247.25515365600586,-51.40169143676758,235.60884475708008,260.72299003601074,-50.51868438720703,218.50460052490234,262.7923107147217,-48.650994300842285,187.79020309448242,271.82470321655273,-39.42471504211426,247.02232360839844,272.6891899108887,-56.12842559814453,231.01287841796875,281.16405487060547,-48.91560077667236,214.37129974365234,280.6775665283203,-42.454657554626465,194.4153594970703,297.31255531311035,-45.93458652496338,241.10889434814453,293.68083000183105,-54.71003532409668,228.87367248535156,299.59593772888184,-48.44141960144043,211.85537338256836,300.8459186553955,-43.32295894622803
scissors,Right,160.6475830078125,319.06333923339844,6.500142262666486e-05,163.28340530395508,282.09465980529785,-4.691500961780548,178.57614517211914,237.22774028778076,-13.213049173355103,185.55360794067383,201.6426658630371,-21.58379554748535,176.8798828125,174.86034393310547,-29.41805601119995,182.55292892456055,230.91888427734375,-26.62487268447876,219.0087890625,202.50256061553955,-41.117258071899414,238.955078125,185.6872272491455,-47.939724922180176,255.90518951416016,171.79331302642822,-52.54608154296875,189.36033248901367,249.5734691619873,-32.73726463317871,249.7879981994629,244.0085506439209,-51.193785667419434,239.08592224121094,257.84165382385254,-50.736894607543945,220.97530364990234,262.6165294647217,-48.14746379852295,197.91242599487305,273.30737113952637,-38.05257558822632,251.41857147216797,267.60629653930664,-53.26222896575928,237.69195556640625,277.150297164917,-44.77644443511963,220.2741241455078,279.19761657714844,-37.0609450340271,206.33874893188477,298.10863494873047,-43.3568000793457,248.7282943725586,289.35373306274414,-50.12540340423584,236.69219970703125,296.0785102844238,-41.91518783569336,219.3896484375,298.1778144836426,-35.243470668792725
scissors,Right,162.4376678466797,319.3420600891113,4.386387900012778e-05,160.49171447753906,280.97914695739746,-3.481259047985077,169.89830017089844,234.16308403015137,-11.733516454696655,173.65650177001953,198.34736824035645,-19.883134365081787,166.04192733764648,172.36421585083008,-28.074021339416504,186.47706985473633,231.32779598236084,-26.773509979248047,225.85969924926758,203.0460548400879,-42.14517593383789,249.79738235473633,187.1305274963379,-50.492634773254395,270.3644371032715,174.36163902282715,-55.99315166473389,198.28741073608398,249.71983909606934,-32.330322265625,251.73736572265625,242.19932556152344,-50.17303466796875,238.31253051757812,254.7396469116211,-49.293212890625,218.0307388305664,260.67935943603516,-46.34346008300781,210.1828956604004,273.21261405944824,-36.88276529312134,253.87929916381836,265.96856117248535,-50.457186698913574,240.0425910949707,275.2138423919678,-40.49865245819092,222.6620864868164,279.592809677124,-31.851556301116943,220.6068229675293,297.42064476013184,-41.298112869262695,252.89012908935547,285.90694427490234,-46.01137638092041,239.7987937927246,292.8636360168457,-35.605456829071045,224.17848587036133,296.7411518096924,-27.391481399536133
scissors,Right,164.0679931640625,315.44071197509766,3.3340088521072175e-05,156.60789489746094,277.05233573913574,-1.8009451031684875,162.78879165649414,231.14770889282227,-9.607911705970764,164.12513732910156,196.13712787628174,-17.51567006111145,154.24688339233398,171.05249404907227,-26.049768924713135,189.92216110229492,230.1092004776001,-24.319117069244385,231.28347396850586,202.2178030014038,-39.89419460296631,257.84847259521484,186.2688446044922,-49.39478874206543,280.0351905822754,175.26258945465088,-55.152530670166016,205.83234786987305,248.69556427001953,-28.81398916244507,250.12924194335938,239.20689582824707,-43.77863883972168,235.8384132385254,250.1956844329834,-41.80119514465332,215.51103591918945,258.4416103363037,-38.06923866271973,218.78311157226562,272.2170066833496,-32.245497703552246,254.0937614440918,261.57629013061523,-44.50324535369873,240.55469512939453,270.759916305542,-34.566192626953125,222.7151870727539,278.3137607574463,-25.5519962310791,228.99120330810547,295.8240222930908,-35.052618980407715,252.25440979003906,283.2436752319336,-39.42842483520508,238.99362564086914,291.4284038543701,-27.937767505645752,224.55812454223633,298.0751609802246,-18.40329885482788
scissors,Right,164.23212051391602,318.158655166626,6.325091135295224e-06,155.52322387695312,279.02478218078613,0.8617538958787918,159.77916717529297,233.29835414886475,-6.158552765846252,160.17131805419922,197.52413749694824,-13.78239631652832,149.56640243530273,172.37600326538086,-22.244274616241455,193.79552841186523,228.7952470779419,-20.928587913513184,236.20136260986328,201.98687553405762,-35.03183841705322,263.70065689086914,185.96088409423828,-43.61708164215088,285.77661514282227,175.8116912841797,-48.46841335296631,211.0231590270996,246.9316864013672,-25.085036754608154,250.46586990356445,238.73919010162354,-37.27698564529419,236.175537109375,251.12239837646484,-33.86146783828735,216.44084930419922,261.24913215637207,-29.17166233062744,224.1286277770996,270.77136039733887,-28.009324073791504,253.88256072998047,263.6495304107666,-37.83515214920044,241.06891632080078,273.6302089691162,-28.426899909973145,223.24440002441406,282.1390628814697,-20.055935382843018,234.3764877319336,294.3867015838623,-29.988210201263428,252.17845916748047,286.9032096862793,-31.962411403656006,239.15462493896484,295.7559871673584,-20.645315647125244,225.27517318725586,302.1422481536865,-11.441617012023926
scissors,Right,165.107421875,320.48975944519043,4.571994054458628e-06,156.23947143554688,279.4955062866211,0.6819070130586624,161.3262176513672,234.8118495941162,-6.079572439193726,161.14013671875,199.18068408966064,-13.32870602607727,150.6928825378418,175.0220775604248,-21.483983993530273,195.46213150024414,231.32635116577148,-20.79810380935669,238.4186553955078,205.19997596740723,-33.35444450378418,266.1819839477539,190.09945392608643,-40.66187858581543,288.62049102783203,180.32544136047363,-44.79569911956787,213.28567504882812,249.8709011077881,-24.46547031402588,250.22785186767578,240.11741638183594,-34.54016447067261,236.41645431518555,250.4596710205078,-30.43311595916748,217.8951644897461,259.8144721984863,-25.857760906219482,226.72784805297852,274.0341281890869,-26.83298349380493,253.35529327392578,264.9081516265869,-33.80708932876587,241.2132453918457,273.6283493041992,-24.060049057006836,224.91943359375,281.94122314453125,-16.276477575302124,236.54857635498047,298.3426094055176,-28.482470512390137,252.4266242980957,289.24020767211914,-28.175244331359863,240.1276969909668,296.28172874450684,-16.90393090248108,227.24699020385742,302.55523681640625,-8.215006589889526
scissors,Right,162.2863006591797,323.43174934387207,8.993038846938362e-07,153.7253761291504,282.8704261779785,0.07985218428075314,158.74637603759766,237.06005573272705,-7.552899718284607,158.95060539245605,200.83989143371582,-15.613243579864502,148.46704483032227,175.48938274383545,-24.58308696746826,193.07561874389648,233.77910614013672,-22.13442087173462,236.2388801574707,207.787127494812,-36.073057651519775,264.56798553466797,192.31321334838867,-44.345059394836426,287.31224060058594,182.63043880462646,-48.97971153259277,210.87717056274414,252.3849391937256,-25.80291748046875,248.7184715270996,242.74818420410156,-37.2940993309021,234.36378479003906,253.95272254943848,-33.36395740509033,215.07898330688477,263.68414878845215,-28.610036373138428,224.41181182861328,276.8016529083252,-28.251006603240967,252.76567459106445,266.79945945739746,-37.306859493255615,240.45305252075195,276.3332176208496,-27.383947372436523,223.3409881591797,285.11115074157715,-18.92341136932373,234.76245880126953,301.3926887512207,-29.853475093841553,251.3458251953125,290.8341121673584,-31.141912937164307,239.0455436706543,298.976354598999,-19.46745991706848,226.019287109375,305.8587455749512,-10.153943300247192
scissors,Right,162.9241943359375,322.8263854980469,7.67204085150297e-06,154.0640640258789,282.8606986999512,-0.32138682901859283,158.55274200439453,237.15773105621338,-8.132108449935913,158.72029304504395,201.03122234344482,-16.31981134414673,147.9481315612793,175.42193412780762,-25.45830488204956,193.64364624023438,234.44024562835693,-22.813925743103027,236.9831657409668,208.26775074005127,-37.146477699279785,265.4136657714844,192.7604055404663,-45.99253177642822,288.3433151245117,183.1702423095703,-51.041932106018066,211.6554069519043,253.35399627685547,-26.296770572662354,249.26128387451172,244.2165184020996,-38.26664447784424,234.92795944213867,255.34043312072754,-35.05481481552124,216.03057861328125,265.0267696380615,-30.80167531967163,225.26287078857422,277.85937309265137,-28.50778579711914,253.2560920715332,268.5212802886963,-37.74311304092407,240.35396575927734,277.96414375305176,-28.066370487213135,223.1983757019043,286.61035537719727,-19.83759045600891,235.69217681884766,302.2352600097656,-29.905478954315186,252.06157684326172,293.0354976654053,-31.326661109924316,239.02252197265625,301.00550651550293,-19.71045970916748,225.6917953491211,307.5135612487793,-10.431760549545288
scissors,Right,163.26229095458984,323.30211639404297,1.0478314607098582e-05,154.99320030212402,283.321008682251,0.5054491758346558,160.16958236694336,236.77531242370605,-6.954963207244873,160.7248878479004,200.57676315307617,-14.888777732849121,149.71979141235352,175.39807319641113,-23.751797676086426,195.1685333251953,234.40906047821045,-22.361156940460205,238.99253845214844,208.32149505615234,-36.27238750457764,267.5321960449219,192.99674034118652,-44.54419136047363,290.5078315734863,183.36050033569336,-49.285645484924316,212.22326278686523,253.47189903259277,-26.399567127227783,251.56694412231445,244.2689037322998,-38.477065563201904,236.9919204711914,255.8335304260254,-34.8034405708313,217.5303077697754,265.7229995727539,-30.018348693847656,225.18169403076172,278.17734718322754,-29.090020656585693,253.96772384643555,269.3894577026367,-38.19526433944702,241.16840362548828,279.113245010376,-28.13729763031006,224.03554916381836,287.5327777862549,-19.59049940109253,235.39451599121094,303.0069923400879,-30.927000045776367,252.85358428955078,293.68821144104004,-32.20882177352905,239.6670150756836,302.1111488342285,-20.37621259689331,226.34023666381836,308.5305690765381,-10.9750497341156
scissors,Right,164.0078353881836,323.1506824493408,1.2813400189770618e-05,155.6666660308838,282.52209663391113,-0.09932204149663448,161.12815856933594,237.46737957000732,-7.808459997177124,161.47871017456055,201.16793632507324,-15.972306728363037,150.68928718566895,175.68952560424805,-25.082600116729736,196.93403244018555,233.90915393829346,-21.715526580810547,240.4957389831543,208.3258295059204,-35.389132499694824,268.7963104248047,193.08239936828613,-43.52354049682617,291.5826606750488,183.5277271270752,-48.16184997558594,214.85849380493164,252.92301177978516,-25.291507244110107,251.90059661865234,244.34783935546875,-36.39989614486694,237.16495513916016,255.37413597106934,-32.48735427856445,218.38190078735352,264.61913108825684,-27.882533073425293,228.0489730834961,277.83785820007324,-27.668046951293945,254.72633361816406,269.21945571899414,-36.14349842071533,241.80095672607422,278.457555770874,-26.143152713775635,224.95882034301758,286.55985832214355,-17.86772131919861,237.8133773803711,302.7681541442871,-29.272027015686035,252.58201599121094,293.8692569732666,-29.956369400024414,239.79236602783203,301.61450386047363,-18.165167570114136,226.88018798828125,307.6758670806885,-8.88753592967987
scissors,Right,163.72886657714844,324.08180236816406,4.3329424670446315e-06,155.61569213867188,282.3302364349365,0.47077685594558716,162.41172790527344,237.13758945465088,-6.351718306541443,162.9271697998047,201.26054763793945,-13.683680295944214,152.41729736328125,176.48712158203125,-21.99655055999756,197.15938568115234,234.16324138641357,-21.01670503616333,240.86719512939453,208.63218784332275,-33.748111724853516,269.15666580200195,193.81364822387695,-41.083335876464844,291.7976379394531,184.41586017608643,-45.337867736816406,214.90375518798828,253.2813262939453,-24.912452697753906,252.43240356445312,245.11716842651367,-35.499258041381836,238.37778091430664,255.8708667755127,-31.488494873046875,219.37938690185547,265.00070571899414,-27.0652174949646,228.08849334716797,278.18281173706055,-27.568652629852295,255.30744552612305,269.90312576293945,-35.19866704940796,242.82550811767578,278.8180160522461,-25.250039100646973,226.03229522705078,286.5921878814697,-17.38416314125061,237.5152587890625,303.0409240722656,-29.54171895980835,253.49781036376953,294.07825469970703,-29.848549365997314,240.46554565429688,301.4381504058838,-18.44987392425537,227.08030700683594,307.44861602783203,-9.708274602890015
scissors,Right,163.56088638305664,324.6944332122803,2.773807850076082e-07,156.29072189331055,283.1026840209961,1.0314077138900757,163.63529205322266,237.12332725524902,-5.406416058540344,164.48678970336914,201.04436874389648,-12.400978803634644,154.08674240112305,176.3125991821289,-20.37327289581299,197.52300262451172,234.4244384765625,-20.985772609710693,241.24738693237305,208.91615867614746,-33.68459701538086,269.37435150146484,194.085431098938,-40.9121036529541,291.954288482666,184.48854446411133,-45.05936145782471,215.16115188598633,253.44414710998535,-25.106475353240967,253.48871231079102,245.42896270751953,-35.65486669540405,239.62116241455078,255.96439361572266,-31.467139720916748,220.4875373840332,265.09626388549805,-26.840217113494873,228.1163215637207,278.36634635925293,-27.903244495391846,255.83961486816406,270.41393280029297,-35.586206912994385,243.33553314208984,279.17152404785156,-25.65345287322998,226.42866134643555,286.9075584411621,-17.69503355026245,237.35326766967773,303.49133491516113,-29.945263862609863,254.48877334594727,295.00064849853516,-30.287485122680664,241.4340591430664,302.09092140197754,-18.922067880630493,227.75344848632812,307.8896713256836,-10.181447267532349
scissors,Right,164.9745750427246,324.8689842224121,2.1080671785966842e-06,156.5811061859131,283.1700038909912,0.795750617980957,164.05624389648438,238.68169784545898,-6.309260725975037,165.39621353149414,202.17673301696777,-13.940447568893433,155.13553619384766,176.55715942382812,-22.67442226409912,198.31132888793945,235.3888750076294,-21.349239349365234,242.3354148864746,209.53927516937256,-33.87049913406372,270.3804397583008,194.32843208312988,-41.07430934906006,293.1822204589844,184.60003852844238,-45.34517288208008,216.13021850585938,254.16440963745117,-25.20766258239746,253.47900390625,246.3193702697754,-34.94636058807373,239.6152114868164,257.27697372436523,-30.490293502807617,220.67928314208984,266.7100524902344,-26.05412721633911,229.31224822998047,279.00681495666504,-27.739980220794678,256.3214874267578,270.8452320098877,-34.12367820739746,244.3080711364746,279.6241092681885,-23.713209629058838,227.58275985717773,287.4503517150879,-15.972001552581787,238.6833953857422,303.83728981018066,-29.6298885345459,255.02521514892578,294.83731269836426,-29.064979553222656,242.1021270751953,302.15649604797363,-17.389293909072876,228.865966796875,308.25965881347656,-8.674054145812988
scissors,Right,164.4054412841797,324.5680618286133,4.717098818218801e-06,157.6396083831787,283.85945320129395,-0.06483270786702633,165.18281936645508,237.39745616912842,-7.218220233917236,167.51131057739258,201.61524295806885,-14.811536073684692,157.713623046875,176.24147415161133,-23.2852840423584,198.3745574951172,235.29075622558594,-21.866538524627686,242.30060577392578,209.8118019104004,-34.82336759567261,270.615234375,194.98961448669434,-42.45816707611084,293.3665657043457,185.27320861816406,-47.14621543884277,215.00646591186523,254.63913917541504,-26.1338210105896,255.14471054077148,247.39866256713867,-37.53631114959717,240.80095291137695,258.19204330444336,-34.02340888977051,221.12890243530273,266.3558006286621,-29.960453510284424,227.62147903442383,279.79894638061523,-29.147543907165527,258.4006881713867,271.26912117004395,-37.815330028533936,245.6273078918457,280.0256538391113,-27.67406702041626,228.1067657470703,287.3513889312744,-19.56655979156494,236.89868927001953,305.2354431152344,-31.48738145828247,256.3698196411133,294.6966075897217,-32.822203636169434,243.36435317993164,301.94217681884766,-21.156413555145264,229.34539794921875,308.03810119628906,-12.139458656311035
scissors,Right,163.2271957397461,324.4126224517822,1.1845397693832638e-05,160.0010871887207,285.24664878845215,-0.09788569062948227,170.77415466308594,238.90181064605713,-7.477738857269287,174.3674087524414,203.3721113204956,-15.530091524124146,164.84134674072266,177.46201515197754,-24.365687370300293,199.85284805297852,235.76927661895752,-21.880390644073486,242.54276275634766,210.26760578155518,-35.805726051330566,270.5970001220703,195.85570335388184,-43.91366958618164,293.3396911621094,185.9855031967163,-49.00416374206543,213.6590576171875,254.65805053710938,-27.446138858795166,258.3492088317871,250.2180290222168,-41.041555404663086,243.98527145385742,262.22225189208984,-38.46518278121948,223.43233108520508,269.02055740356445,-34.653143882751465,224.57374572753906,279.9088668823242,-31.87523126602173,261.1060333251953,274.1223621368408,-42.75012016296387,247.39742279052734,283.21374893188477,-32.6905632019043,228.86835098266602,288.5793399810791,-24.18980121612549,232.5314712524414,306.016845703125,-35.693349838256836,257.9658508300781,297.5034427642822,-38.76570701599121,244.58826065063477,304.80525970458984,-27.345774173736572,229.48003768920898,309.41920280456543,-18.298696279525757
scissors,Right,166.2424087524414,321.243953704834,1.0155041536563658e-05,163.73920440673828,284.214563369751,-0.16721660271286964,174.4492530822754,238.57038974761963,-7.072475552558899,180.92836380004883,203.67961406707764,-14.595383405685425,171.99153900146484,177.6410436630249,-22.96607255935669,205.34936904907227,235.17193794250488,-22.302205562591553,248.5774040222168,210.94595432281494,-36.026434898376465,276.34387969970703,197.28856086730957,-44.02061462402344,298.7936019897461,187.85582542419434,-49.05594348907471,218.85894775390625,254.90427017211914,-27.810938358306885,262.6752471923828,254.0188694000244,-42.16334342956543,247.35776901245117,265.12192726135254,-40.20160675048828,226.47476196289062,271.0258197784424,-36.77493095397949,228.6079216003418,280.49139976501465,-32.10374355316162,263.3786392211914,278.4854507446289,-44.96147155761719,248.57868194580078,286.9709300994873,-36.13428592681885,230.0563621520996,291.3038635253906,-28.108177185058594,236.1603546142578,305.77929496765137,-35.5030632019043,258.9000129699707,299.7772693634033,-40.06949424743652,244.4791030883789,307.88394927978516,-29.055685997009277,229.44480895996094,312.00897216796875,-20.115609169006348
scissors,Right,166.1955451965332,321.2080764770508,-1.3917060641688295e-05,167.96648025512695,284.0017604827881,2.4155928194522858,183.07464599609375,240.70086479187012,-3.3495348691940308,191.7266845703125,207.9484462738037,-10.21752119064331,185.86664199829102,182.0932102203369,-17.86783218383789,211.46442413330078,237.24170207977295,-20.966174602508545,255.08434295654297,213.99859428405762,-34.27929162979126,282.71446228027344,201.6447114944458,-41.48855686187744,304.75921630859375,192.96997547149658,-45.94290733337402,220.56879043579102,256.0902214050293,-27.911977767944336,266.1790657043457,260.71864128112793,-41.4936637878418,250.79843521118164,270.9646224975586,-38.678834438323975,230.49495697021484,273.87974739074707,-35.10127544403076,227.1549415588379,281.42964363098145,-33.52316856384277,265.26010513305664,284.94303703308105,-44.99524116516113,249.85305786132812,291.72640800476074,-35.29566526412964,231.69631958007812,293.0789566040039,-27.340664863586426,232.01910018920898,306.9302558898926,-38.2527232170105,259.73764419555664,304.6148872375488,-41.90054416656494,244.80636596679688,311.23878479003906,-30.729916095733643,229.43389892578125,313.2769203186035,-22.053685188293457
scissors,Right,164.05555725097656,321.6825485229492,-2.5787612685235217e-05,168.0629539489746,283.46351623535156,2.603309750556946,187.13539123535156,241.95568084716797,-2.284088283777237,198.17562103271484,210.30627250671387,-8.281515836715698,193.5595703125,184.73484992980957,-15.14763593673706,216.44203186035156,238.24373245239258,-19.378114938735962,260.6612014770508,218.1817388534546,-31.308104991912842,289.0710639953613,207.74365425109863,-37.66612768173218,311.42478942871094,200.44647216796875,-41.7030668258667,225.26721954345703,258.1835174560547,-26.190776824951172,268.5685729980469,265.2761936187744,-38.20423603057861,252.63851165771484,274.1448783874512,-35.18407583236694,232.63431549072266,275.1814556121826,-31.905500888824463,230.88190078735352,284.5902442932129,-31.680500507354736,268.0812454223633,289.500732421875,-41.96687698364258,252.38567352294922,294.9360466003418,-32.51376152038574,233.94020080566406,294.76996421813965,-25.144410133361816,234.0505027770996,310.72789192199707,-36.377155780792236,261.6119384765625,309.90546226501465,-39.780542850494385,246.64047241210938,314.6095275878906,-29.328672885894775,230.7785415649414,315.0325298309326,-21.279237270355225
scissors,Right,165.80272674560547,322.21824645996094,-3.600434638428851e-05,169.1949462890625,283.77004623413086,2.98748642206192,186.33634567260742,241.98400497436523,-2.076837420463562,195.88886260986328,210.09299755096436,-8.31576943397522,191.79067611694336,184.5924711227417,-15.422848463058472,216.65611267089844,238.68411540985107,-19.883793592453003,261.22549057006836,219.6910858154297,-31.265347003936768,289.16996002197266,208.68990898132324,-37.34961986541748,310.92491149902344,201.05196475982666,-41.1641263961792,226.12571716308594,258.25035095214844,-25.90090274810791,266.41124725341797,266.31311416625977,-35.90330123901367,250.29693603515625,273.63264083862305,-31.771445274353027,230.61071395874023,274.2413520812988,-28.344132900238037,231.81053161621094,284.6787643432617,-30.491890907287598,267.5740051269531,289.27722930908203,-40.074496269226074,252.37865447998047,294.77917671203613,-30.516409873962402,233.68045806884766,296.1936950683594,-23.207738399505615,235.29766082763672,310.79607009887695,-34.082911014556885,262.33999252319336,309.04815673828125,-37.21633195877075,248.14504623413086,313.74266624450684,-26.661314964294434,232.00201034545898,315.2394104003906,-18.526395559310913
scissors,Right,163.96373748779297,324.12620544433594,-3.402572247068747e-05,166.2481689453125,285.07232666015625,2.587893307209015,182.93920516967773,242.74263381958008,-3.030041754245758,191.97227478027344,209.7275161743164,-9.763542413711548,187.52180099487305,183.55911254882812,-17.460533380508423,214.8552703857422,239.09048080444336,-20.341510772705078,259.4598388671875,219.42287921905518,-32.30597496032715,287.7401542663574,208.1608772277832,-38.66382360458374,309.67052459716797,200.42461395263672,-42.56659984588623,224.98048782348633,259.0968990325928,-26.42622470855713,266.1077117919922,264.9773597717285,-36.87172174453735,249.63340759277344,273.3683967590332,-32.45616436004639,229.17339324951172,275.0364303588867,-28.556091785430908,231.00914001464844,285.99517822265625,-31.17398738861084,266.8238639831543,288.402042388916,-40.867390632629395,251.5515899658203,294.7778606414795,-30.70866346359253,232.55132675170898,296.7927646636963,-22.904422283172607,234.4783592224121,312.6815414428711,-34.97145414352417,260.8012580871582,309.3739986419678,-37.98750877380371,246.37287139892578,314.6315288543701,-26.88685178756714,230.36951065063477,316.5451240539551,-18.351978063583374
scissors,Right,164.89341735839844,325.51883697509766,-2.1733333142037736e-05,163.52289199829102,286.2845993041992,2.966853380203247,177.6451873779297,242.54287719726562,-2.5698208808898926,184.23423767089844,208.05988311767578,-9.10083532333374,176.41551971435547,182.341046333313,-16.830017566680908,209.60943222045898,239.0173101425171,-20.59544563293457,256.61376953125,218.2533359527588,-32.06149101257324,285.6781005859375,206.29849433898926,-37.93059825897217,308.1883239746094,198.4087371826172,-41.33565425872803,222.76216506958008,259.1443347930908,-25.763235092163086,262.60284423828125,260.31094551086426,-34.747488498687744,247.02852249145508,269.6653461456299,-29.173684120178223,226.59900665283203,274.01464462280273,-24.632627964019775,231.21484756469727,285.8480930328369,-29.492039680480957,263.94426345825195,284.14280891418457,-37.6509690284729,250.03087997436523,292.4860382080078,-27.29478120803833,231.42057418823242,296.9212532043457,-19.69067692756653,237.01465606689453,312.0054817199707,-32.11493492126465,260.16624450683594,306.67333602905273,-33.50850820541382,246.25118255615234,313.9478015899658,-21.955363750457764,230.48357009887695,317.5905418395996,-13.460798263549805
scissors,Right,166.47512435913086,327.8255081176758,-3.2079881862046022e-06,162.43078231811523,287.21649169921875,0.45884326100349426,172.5255584716797,242.54573822021484,-6.75727903842926,174.79095458984375,207.27705001831055,-14.705648422241211,164.60712432861328,182.51410961151123,-23.777623176574707,207.02146530151367,239.40869808197021,-20.902118682861328,251.64093017578125,216.51512145996094,-32.947678565979004,280.40992736816406,203.00106525421143,-39.7122597694397,302.84624099731445,194.76396560668945,-43.8611364364624,221.7223358154297,259.25963401794434,-25.11725902557373,260.03753662109375,256.1696434020996,-34.954657554626465,245.13790130615234,266.0576820373535,-30.485780239105225,225.59526443481445,272.5104331970215,-26.28559112548828,232.21172332763672,285.0062370300293,-28.172667026519775,262.1884536743164,278.91160011291504,-35.391902923583984,249.51396942138672,287.44969367980957,-25.113308429718018,231.64457321166992,293.8011074066162,-17.50190496444702,239.7978973388672,310.73596000671387,-30.61851978302002,258.3233070373535,301.86741828918457,-31.331212520599365,245.24879455566406,308.8413333892822,-20.076088905334473,231.05058670043945,313.93012046813965,-11.637742519378662
scissors,Right,166.9925308227539,333.97871017456055,2.738085413511726e-05,157.77507781982422,289.68518257141113,-0.5559701845049858,163.79024505615234,244.17597770690918,-8.634942770004272,160.30572891235352,207.7230405807495,-16.940215826034546,148.10479164123535,183.53533744812012,-26.411027908325195,198.61560821533203,242.26032257080078,-23.10699701309204,242.24899291992188,215.94091415405273,-36.21065616607666,270.1138687133789,200.1012897491455,-43.95756244659424,293.0305862426758,190.24653911590576,-48.639326095581055,216.85064315795898,262.0282459259033,-26.35345458984375,254.04823303222656,249.01293754577637,-35.844995975494385,240.8007049560547,258.2329559326172,-30.9900164604187,222.9814910888672,267.9855537414551,-26.401913166046143,230.52593231201172,287.04551696777344,-28.37127923965454,257.80487060546875,272.3151397705078,-33.36369752883911,246.87639236450195,280.4036808013916,-21.90098762512207,231.1910629272461,289.427490234375,-13.726367950439453,239.98165130615234,311.96534156799316,-30.080115795135498,256.41218185424805,297.3544120788574,-28.65623950958252,244.7174072265625,303.5738754272461,-16.499664783477783,232.755126953125,310.7526397705078,-7.577459216117859
scissors,Right,165.72593688964844,334.6549129486084,5.1757619985437486e-05,155.1266098022461,291.03604316711426,-1.6969279944896698,158.33492279052734,245.86864471435547,-11.030564308166504,152.36865997314453,209.80796813964844,-20.568406581878662,139.00495529174805,185.75406074523926,-31.187317371368408,193.5669708251953,242.50863075256348,-24.059324264526367,237.36139297485352,216.28726959228516,-39.09616708755493,265.96038818359375,200.37131309509277,-48.48297595977783,289.34226989746094,190.2077579498291,-53.97984504699707,212.5498390197754,261.9554328918457,-27.392592430114746,250.30643463134766,246.01807594299316,-39.64872360229492,236.68432235717773,256.09768867492676,-36.21971845626831,217.8322982788086,266.6487121582031,-31.700916290283203,227.4941062927246,286.4428997039795,-29.63395357131958,255.06328582763672,270.29788970947266,-37.408175468444824,243.68755340576172,279.620361328125,-26.46010160446167,227.43053436279297,289.41412925720215,-17.61164665222168,238.4316635131836,311.09676361083984,-31.539592742919922,254.00516510009766,296.56153678894043,-31.863479614257812,241.62681579589844,304.25597190856934,-19.72045660018921,229.33822631835938,312.0681953430176,-10.20782470703125
scissors,Right,166.74039840698242,335.0188636779785,4.698914381151553e-05,154.3366241455078,290.67970275878906,-0.6900147348642349,156.41807556152344,246.33647918701172,-10.134304761886597,149.3418312072754,210.28334140777588,-19.78994607925415,135.4472541809082,186.53387546539307,-30.701985359191895,193.38706970214844,243.36444854736328,-24.94694471359253,237.74120330810547,215.6654691696167,-39.18952703475952,265.42375564575195,199.0090799331665,-47.92908191680908,288.6389350891113,188.51118564605713,-53.11116695404053,213.14462661743164,263.52084159851074,-28.070321083068848,249.51248168945312,246.09435081481934,-38.55549097061157,235.52370071411133,254.54927444458008,-34.10300016403198,217.74940490722656,264.8837184906006,-29.534590244293213,228.22643280029297,288.1747627258301,-29.81431484222412,254.22203063964844,269.01869773864746,-35.0838041305542,242.8566551208496,277.4582290649414,-23.015613555908203,227.71404266357422,287.67457008361816,-14.265854358673096,239.19858932495117,312.36353874206543,-31.197094917297363,254.86106872558594,294.67151641845703,-29.9894380569458,242.49265670776367,301.69140815734863,-17.16645121574402,231.04894638061523,309.8785400390625,-7.5177764892578125
scissors,Right,167.42229461669922,336.55282974243164,4.775670277012978e-05,155.12954711914062,291.56275749206543,-0.6998471170663834,157.29183197021484,248.1734275817871,-10.228817462921143,150.1080322265625,212.18544960021973,-20.055012702941895,136.20197296142578,187.5919246673584,-31.04517698287964,194.40635681152344,243.4042453765869,-23.916943073272705,238.22429656982422,216.05006217956543,-38.26443910598755,265.8367156982422,199.50885772705078,-47.22240924835205,288.75078201293945,189.07944202423096,-52.58068084716797,214.19462203979492,263.1039333343506,-27.122972011566162,250.04255294799805,246.9521713256836,-37.506325244903564,236.1562156677246,256.26359939575195,-33.3008074760437,218.43612670898438,266.0811424255371,-28.97252321243286,229.20997619628906,287.7834892272949,-29.046568870544434,254.52587127685547,270.49072265625,-34.395010471343994,243.36679458618164,279.23046112060547,-22.564890384674072,227.8656005859375,289.0287494659424,-13.996058702468872,239.63678359985352,312.14921951293945,-30.636911392211914,253.52972030639648,296.5531253814697,-29.497992992401123,241.51683807373047,303.58643531799316,-16.92499279975891,229.9475860595703,311.2481689453125,-7.375636100769043
scissors,Right,165.96742630004883,336.68314933776855,4.6914756239857525e-05,154.97519493103027,292.80040740966797,-1.103011667728424,157.51001358032227,247.98328399658203,-10.447390079498291,150.94368934631348,211.7283582687378,-20.091776847839355,137.0297622680664,187.51630783081055,-30.829334259033203,193.41995239257812,244.36543464660645,-23.93869638442993,237.7478790283203,217.28821277618408,-38.06642293930054,265.28900146484375,200.8887004852295,-46.642699241638184,288.2180976867676,190.11603355407715,-51.83737277984619,212.44922637939453,264.28539276123047,-27.653262615203857,249.9481201171875,247.205171585083,-39.15986776351929,235.53688049316406,256.6944408416748,-35.417237281799316,217.2113800048828,266.8794250488281,-30.979783535003662,227.37415313720703,289.112491607666,-30.103542804718018,254.80737686157227,271.09262466430664,-36.870503425598145,242.71648406982422,280.25811195373535,-25.187456607818604,226.9715118408203,290.1789951324463,-16.240007877349854,238.35973739624023,313.94688606262207,-32.20541715621948,254.76512908935547,297.2657775878906,-32.05857276916504,241.8712615966797,304.5453071594238,-19.45854663848877,229.7832489013672,312.38256454467773,-9.73448097705841
scissors,Right,165.99355697631836,335.69217681884766,5.252597929938929e-05,155.0755214691162,291.4380741119385,-0.6501422077417374,157.7690029144287,247.59913444519043,-10.17129898071289,151.37605667114258,211.51638507843018,-19.942773580551147,137.38191604614258,187.30489253997803,-30.95905303955078,193.72190475463867,244.52113151550293,-24.684367179870605,237.5891876220703,216.68023109436035,-39.37476634979248,265.21785736083984,200.0861692428589,-48.54726314544678,288.5441207885742,189.55438613891602,-54.01933193206787,213.04492950439453,264.9568462371826,-28.156840801239014,250.0592041015625,246.99514389038086,-39.310593605041504,235.83444595336914,256.10618591308594,-35.33052206039429,218.09728622436523,266.1808776855469,-30.95792055130005,227.85844802856445,289.79498863220215,-30.28252124786377,255.09777069091797,270.779972076416,-36.699087619781494,243.17035675048828,279.4273281097412,-24.86316442489624,227.3917007446289,289.44934844970703,-15.957818031311035,238.526611328125,314.0837287902832,-31.96033477783203,254.8361587524414,296.326847076416,-31.668765544891357,242.29192733764648,303.52294921875,-18.885114192962646,230.2922821044922,311.6833019256592,-9.060826897621155
scissors,Right,164.76905822753906,334.4268035888672,3.982995622209273e-05,158.40645790100098,293.22638511657715,-2.002943605184555,163.80022048950195,245.0936222076416,-10.837562084197998,161.82064056396484,209.45013999938965,-19.963868856430054,150.0917625427246,184.4721794128418,-29.72343683242798,192.7798080444336,243.1340503692627,-24.587302207946777,234.78046417236328,215.04661560058594,-39.92151737213135,261.9645118713379,198.96068572998047,-49.4622278213501,284.36180114746094,187.54752159118652,-55.69845676422119,208.49143981933594,263.17219734191895,-29.993042945861816,252.9854393005371,251.02947235107422,-45.795583724975586,238.7697982788086,262.53604888916016,-44.700632095336914,218.03632736206055,270.5052852630615,-41.52321815490723,221.72832489013672,288.5548210144043,-34.25269365310669,258.7850761413574,275.66102027893066,-46.08993053436279,245.12651443481445,285.4822826385498,-35.55059194564819,226.57421112060547,292.593355178833,-26.41031265258789,231.60276412963867,314.62989807128906,-38.155314922332764,257.04296112060547,300.7354545593262,-42.103238105773926,243.61211776733398,308.6289596557617,-30.355398654937744,228.80144119262695,314.80058670043945,-20.81305980682373
scissors,Right,165.83255767822266,332.1134662628174,4.939851805829676e-05,162.90437698364258,294.21775817871094,-2.9384762048721313,171.6071319580078,246.69376373291016,-12.28292465209961,173.08561325073242,210.6737995147705,-21.942310333251953,163.04094314575195,184.43641662597656,-31.878416538238525,190.5744743347168,242.38812446594238,-26.402781009674072,230.66646575927734,213.53619575500488,-42.910308837890625,257.0162773132324,197.73911476135254,-52.54023551940918,279.659423828125,185.69729804992676,-58.93237113952637,202.7190399169922,261.07970237731934,-33.03523540496826,256.63021087646484,253.18971633911133,-52.975802421569824,242.2066307067871,266.65051460266113,-53.62861156463623,219.67397689819336,273.26345443725586,-50.833773612976074,214.82301712036133,285.4167079925537,-38.51938724517822,260.1126480102539,277.0979690551758,-53.74989032745361,245.3141212463379,287.4328136444092,-43.85406017303467,225.75246810913086,292.1099853515625,-34.463088512420654,225.14957427978516,310.5868721008301,-43.73188018798828,256.77419662475586,299.10447120666504,-49.978318214416504,242.8017807006836,307.4842643737793,-39.08769369125366,226.3240623474121,311.70215606689453,-29.864511489868164
scissors,Right,167.60520935058594,334.5028495788574,4.230970716889715e-05,171.58260345458984,295.8475971221924,-1.5505450963974,185.12123107910156,250.2352237701416,-9.407222867012024,190.62623977661133,214.2293643951416,-17.704111337661743,181.05398178100586,187.34464645385742,-25.592756271362305,191.18846893310547,240.80912590026855,-24.85889434814453,225.94919204711914,210.4260492324829,-39.03259992599487,246.41023635864258,193.98111820220947,-45.644564628601074,264.809513092041,180.98387718200684,-50.209760665893555,197.00544357299805,258.3885383605957,-32.36203670501709,258.6633110046387,255.17892837524414,-50.2309513092041,247.07464218139648,269.8955726623535,-49.20383930206299,228.82205963134766,273.80106925964355,-46.59977912902832,204.93513107299805,281.4107608795166,-38.85190010070801,259.7159194946289,279.9174499511719,-52.86849498748779,244.86949920654297,289.87515449523926,-43.571410179138184,227.0128631591797,291.20415687561035,-35.92375993728638,212.68808364868164,306.05518341064453,-45.192341804504395,255.07749557495117,301.56932830810547,-50.443077087402344,241.86962127685547,309.3701648712158,-41.60098075866699,224.08987045288086,310.7289791107178,-34.9795937538147
scissors,Right,173.10955047607422,331.02776527404785,1.5677567262173397e-05,180.2387237548828,294.1567039489746,-1.8905022740364075,195.99079132080078,251.75711631774902,-8.794971704483032,204.24713134765625,218.56168270111084,-15.922282934188843,199.53302383422852,192.42942810058594,-22.19918966293335,194.1106414794922,237.49736309051514,-23.61635684967041,223.04990768432617,209.25305843353271,-37.86667823791504,239.75067138671875,192.0802116394043,-44.76078510284424,255.54752349853516,178.7185764312744,-49.39399242401123,196.2640380859375,255.40125846862793,-30.804128646850586,259.02965545654297,257.4235153198242,-46.94103717803955,248.50969314575195,270.8575630187988,-45.55829048156738,232.37342834472656,272.25271224975586,-43.31071376800537,201.46589279174805,279.24041748046875,-37.32020139694214,259.6463203430176,281.3376045227051,-51.15833759307861,244.93478775024414,289.68252182006836,-43.35362911224365,227.8955078125,289.07973289489746,-36.86211824417114,207.6010513305664,304.2953395843506,-43.73504161834717,251.69307708740234,302.80726432800293,-50.3149938583374,239.63010787963867,309.0204048156738,-43.40432643890381,222.20474243164062,309.0461254119873,-37.94668436050415
scissors,Right,180.88253021240234,331.4783763885498,2.9653197088919114e-05,198.8150405883789,296.08131408691406,-0.44523492455482483,212.67566680908203,263.25047492980957,-7.904956340789795,219.38093185424805,240.61165809631348,-17.149946689605713,225.6211280822754,228.30132007598877,-25.551443099975586,200.84314346313477,233.51031303405762,-19.45167303085327,216.88674926757812,205.57092189788818,-36.571433544158936,225.93568801879883,184.5267105102539,-46.6972541809082,235.5812644958496,167.81453132629395,-53.16164493560791,194.40357208251953,248.46322059631348,-29.02712106704712,255.41479110717773,255.23737907409668,-48.22457790374756,244.13904190063477,268.33505630493164,-48.58248710632324,226.77143096923828,270.4807376861572,-46.565470695495605,193.3999252319336,271.5131378173828,-38.61069202423096,251.97261810302734,279.42715644836426,-55.31270503997803,237.4693489074707,288.4298801422119,-48.72097969055176,221.05653762817383,287.5345516204834,-42.01892852783203,194.7677230834961,296.99292182922363,-48.500733375549316,242.6648712158203,300.2101421356201,-56.58944606781006,232.4277687072754,306.35799407958984,-49.699883460998535,215.97457885742188,306.36197090148926,-43.55137348175049
scissors,Right,197.4043083190918,332.3997688293457,-3.172195647493936e-05,228.30068588256836,296.69517517089844,-3.9167535305023193,237.08200454711914,259.6951389312744,-10.132404565811157,238.40856552124023,230.5310869216919,-17.75606393814087,243.72106552124023,203.9296817779541,-23.983306884765625,199.33813095092773,230.2838373184204,-16.80166244506836,199.33208465576172,199.28677082061768,-34.086432456970215,199.68446731567383,174.59375381469727,-44.504942893981934,200.599365234375,154.49692726135254,-51.64013385772705,182.59645462036133,238.75173568725586,-24.069008827209473,234.99135971069336,249.0190887451172,-44.072089195251465,233.95755767822266,267.17966079711914,-47.12331771850586,220.71046829223633,269.7758960723877,-47.46722221374512,174.90264892578125,259.57085609436035,-32.068161964416504,230.26540756225586,272.66736030578613,-51.27140522003174,226.4155387878418,286.739501953125,-47.12460994720459,213.53425979614258,285.0784492492676,-42.319068908691406,173.2501220703125,285.46231269836426,-40.79782485961914,217.0206642150879,293.26452255249023,-54.04864311218262,216.22686386108398,302.0137310028076,-50.95979690551758,204.20284271240234,301.89929008483887,-46.70555591583252
scissors,Right,211.67451858520508,325.62292098999023,-8.699052500560356e-06,239.14865493774414,300.94945907592773,-10.348899364471436,253.46548080444336,260.22851943969727,-17.424957752227783,264.41577911376953,233.01039218902588,-25.195953845977783,278.8167381286621,216.98541641235352,-33.02232265472412,204.05868530273438,223.1543254852295,-16.653149127960205,189.90966796875,186.54064178466797,-30.412964820861816,181.74619674682617,162.0215892791748,-37.87701368331909,174.6581268310547,141.41066551208496,-43.458733558654785,178.46437454223633,231.47490978240967,-19.376747608184814,199.83116149902344,231.7064094543457,-42.36855983734131,216.97683334350586,259.76085662841797,-45.98553657531738,219.43302154541016,275.1204299926758,-43.65612506866455,161.09405517578125,249.58986282348633,-23.088805675506592,189.77594375610352,255.55212020874023,-43.83594989776611,203.9145278930664,276.2592315673828,-39.66864585876465,203.2463836669922,283.7747097015381,-32.35914945602417,147.90729522705078,271.60494804382324,-27.940573692321777,173.60702514648438,276.4941215515137,-40.07223129272461,187.79911041259766,288.5126781463623,-36.44664287567139,187.9071807861328,291.3998508453369,-30.675363540649414
scissors,Right,207.58392333984375,327.9909324645996,-1.2793542509825784e-05,238.42573165893555,304.71628189086914,-13.16278338432312,255.99563598632812,263.47503662109375,-20.474891662597656,270.49211502075195,235.5470895767212,-27.993664741516113,287.38996505737305,221.03639602661133,-35.62154531478882,206.47171020507812,225.27075290679932,-17.812819480895996,191.05768203735352,185.64813137054443,-31.118745803833008,181.69757843017578,161.748948097229,-37.97990560531616,173.6044692993164,141.69682502746582,-43.16401958465576,181.79790496826172,234.18797492980957,-18.950802087783813,193.22092056274414,229.37264442443848,-42.81001567840576,210.05510330200195,260.3631019592285,-46.32390022277832,215.09809494018555,277.61438369750977,-43.438963890075684,162.33623504638672,250.7570743560791,-21.25586986541748,177.10744857788086,250.9545135498047,-43.66358757019043,194.8077392578125,275.3954029083252,-38.28099489212036,199.90325927734375,286.35108947753906,-29.26753282546997,145.08428573608398,270.3840637207031,-24.766032695770264,159.3063735961914,269.5499038696289,-38.449177742004395,177.05480575561523,283.4597682952881,-33.84270906448364,183.3060646057129,288.69166374206543,-26.86079502105713
scissors,Right,203.2894515991211,329.3951225280762,-6.369369316416851e-06,234.47141647338867,305.90978622436523,-15.97319483757019,254.3998146057129,264.1434860229492,-23.12180757522583,270.71807861328125,235.74663162231445,-29.99997615814209,288.87935638427734,220.65128803253174,-36.91829442977905,205.18293380737305,227.98730850219727,-16.507943868637085,189.3075942993164,185.29585361480713,-30.20181655883789,178.81526947021484,160.92440128326416,-37.5469970703125,168.81044387817383,140.64302444458008,-42.99939155578613,183.62056732177734,239.52532768249512,-16.55807852745056,183.746337890625,225.8780336380005,-42.30595111846924,201.62212371826172,257.1415328979492,-46.8253755569458,210.36493301391602,274.7054386138916,-43.773980140686035,164.6123504638672,255.64764976501465,-18.3091938495636,166.240234375,246.49575233459473,-44.20249938964844,186.8280792236328,273.6038017272949,-39.17909622192383,195.8792495727539,286.2714099884033,-28.938581943511963,146.7542552947998,274.3380546569824,-21.250414848327637,148.89690399169922,262.94219970703125,-38.557288646698,167.82037734985352,280.08544921875,-33.87264013290405,177.02966690063477,289.35193061828613,-25.89531421661377
scissors,Right,198.21283340454102,328.7083625793457,2.485348318259639e-06,230.00579833984375,304.5790100097656,-17.979992628097534,250.14272689819336,263.59079360961914,-25.477769374847412,267.5383949279785,234.34584617614746,-31.993238925933838,287.24504470825195,218.61980438232422,-38.46588850021362,202.42416381835938,228.30767154693604,-17.299927473068237,186.2264060974121,186.02056503295898,-30.544426441192627,175.670166015625,160.87414741516113,-38.11786413192749,165.19508361816406,139.9742317199707,-44.104952812194824,181.6093635559082,240.47521591186523,-16.41331195831299,173.48608016967773,223.58529567718506,-41.32215976715088,192.28656768798828,254.4092845916748,-45.65916061401367,203.13690185546875,272.9648780822754,-42.690391540527344,163.10192108154297,257.321720123291,-17.43667721748352,157.5133514404297,244.54516410827637,-42.952280044555664,179.47755813598633,271.70162200927734,-37.51199722290039,189.72467422485352,285.52425384521484,-27.029283046722412,145.61028480529785,276.4227104187012,-19.829241037368774,141.41794204711914,261.49789810180664,-37.40588903427124,160.13229370117188,279.1172218322754,-32.63967037200928,169.45926666259766,289.25960540771484,-24.74766492843628
scissors,Right,196.63314819335938,329.0496826171875,6.361776172525424e-06,229.1201400756836,304.9918556213379,-18.28301191329956,249.88323211669922,264.7313117980957,-25.563831329345703,267.5992965698242,235.28710842132568,-31.896674633026123,286.1508369445801,219.50862407684326,-38.26747179031372,202.01093673706055,228.47521305084229,-16.684284210205078,186.66240692138672,186.30609512329102,-29.270095825195312,176.30132675170898,161.25091552734375,-36.6865348815918,166.2746810913086,140.65346717834473,-42.512245178222656,180.90974807739258,240.5829906463623,-15.633083581924438,171.4728546142578,223.49780559539795,-40.69948673248291,189.630126953125,252.9338550567627,-46.070852279663086,201.72924041748047,272.5327777862549,-43.617801666259766,162.359619140625,257.17872619628906,-16.446669101715088,155.89178085327148,243.63670349121094,-41.30424976348877,177.18748092651367,269.5905017852783,-36.93493604660034,188.57526779174805,284.5206642150879,-27.207765579223633,145.13652801513672,276.1590385437012,-18.748886585235596,140.49310684204102,261.2252998352051,-35.8649468421936,158.6499309539795,277.82830238342285,-31.910066604614258,169.20440673828125,288.2955265045166,-24.57174777984619
scissors,Right,195.9823989868164,329.8523426055908,9.346875344817818e-06,228.95330429077148,306.33716583251953,-19.019418954849243,249.94293212890625,265.32806396484375,-26.535828113555908,267.86876678466797,235.36748886108398,-32.8757119178772,287.51609802246094,219.86257553100586,-39.14456367492676,201.9758415222168,228.37459087371826,-16.834107637405396,187.26987838745117,186.57264232635498,-29.282855987548828,176.82785034179688,161.5664577484131,-36.56515836715698,166.8467903137207,140.9541893005371,-42.479376792907715,180.94293594360352,240.28581619262695,-15.42183518409729,171.1964988708496,223.63520622253418,-40.2691125869751,189.17776107788086,253.66876602172852,-45.35898208618164,201.7048454284668,272.83793449401855,-42.80223369598389,162.44915008544922,256.74267768859863,-16.001062393188477,156.1489963531494,244.5691680908203,-41.08285903930664,177.35380172729492,271.1184883117676,-36.741225719451904,189.02080535888672,285.4309844970703,-27.046265602111816,145.1288604736328,275.55310249328613,-18.11901569366455,140.5232048034668,261.4691734313965,-35.60466527938843,158.7322998046875,278.99539947509766,-31.92908525466919,169.60384368896484,289.0202236175537,-24.806020259857178
scissors,Right,196.04801177978516,330.5654811859131,5.8351122333988314e-06,228.89968872070312,307.22926139831543,-18.796236515045166,249.80871200561523,266.156587600708,-26.276841163635254,267.56357192993164,236.1165189743042,-32.64425277709961,287.5145149230957,220.46532154083252,-38.968684673309326,202.2937774658203,229.68422412872314,-16.82862639427185,187.13102340698242,187.36355781555176,-29.518768787384033,176.6022491455078,162.16705799102783,-36.89067363739014,166.4836311340332,141.40666007995605,-42.817625999450684,181.37775421142578,241.5900421142578,-15.469627380371094,172.71526336669922,224.60989952087402,-40.53873538970947,190.5746078491211,254.97419357299805,-45.45919418334961,202.29642868041992,274.10130500793457,-42.72686958312988,162.80773162841797,258.00567626953125,-16.10494375228882,157.06304550170898,245.47459602355957,-41.513071060180664,178.10562133789062,272.3770236968994,-36.892409324645996,189.25138473510742,286.6434574127197,-26.89840078353882,145.24686813354492,276.5922260284424,-18.234063386917114,140.9537696838379,262.2484302520752,-35.93201160430908,159.11376953125,279.8185729980469,-32.06650733947754,169.59293365478516,289.8181629180908,-24.75548028945923
scissors,Right,196.15747451782227,331.448278427124,-5.528877409233246e-06,229.47290420532227,307.98726081848145,-18.649100065231323,250.9308624267578,266.9718360900879,-25.880236625671387,268.51158142089844,237.47355937957764,-31.814301013946533,287.73895263671875,221.4928436279297,-37.65784502029419,203.25674057006836,230.41249752044678,-17.59235143661499,187.99261093139648,187.93370246887207,-30.187926292419434,177.54497528076172,162.91043758392334,-37.353224754333496,167.42048263549805,142.2808313369751,-43.18828582763672,182.45595932006836,242.66006469726562,-16.31995677947998,173.6473274230957,225.51904678344727,-40.93231678009033,191.50384902954102,256.0359764099121,-45.47316551208496,203.14844131469727,275.01073837280273,-42.72689342498779,163.93461227416992,259.29545402526855,-17.034560441970825,158.03461074829102,246.7708396911621,-42.21263885498047,179.3276023864746,273.59819412231445,-37.55790948867798,190.44410705566406,287.3737907409668,-27.790639400482178,146.48225784301758,278.1276512145996,-19.211779832839966,141.72128677368164,263.66835594177246,-36.96125030517578,160.12592315673828,281.0148525238037,-33.23901891708374,170.68159103393555,290.685396194458,-26.20828151702881
scissors,Right,195.7457733154297,332.0042896270752,-2.5563988970134233e-06,229.4729232788086,308.8523483276367,-18.693642616271973,250.51668167114258,267.5096797943115,-26.024627685546875,267.8191375732422,237.51410007476807,-32.09243059158325,287.5308036804199,221.61993026733398,-38.09786081314087,202.20989227294922,230.8516788482666,-17.172350883483887,186.39097213745117,188.59210968017578,-29.72161293029785,175.80913543701172,163.49992275238037,-36.95113658905029,165.57035446166992,142.76667594909668,-42.89795398712158,181.36653900146484,243.1527042388916,-15.789865255355835,172.9854393005371,226.66634559631348,-40.36470890045166,191.24473571777344,257.63437271118164,-44.8236083984375,202.59660720825195,276.2388324737549,-42.06183910369873,162.87385940551758,260.0437259674072,-16.39438271522522,156.88457489013672,247.64588356018066,-41.80233955383301,178.50276947021484,274.9856185913086,-36.79675579071045,189.3311309814453,288.5422897338867,-26.758406162261963,145.44219970703125,279.06280517578125,-18.438198566436768,140.58917999267578,264.69929695129395,-36.36027812957764,159.11602020263672,282.7931499481201,-32.255356311798096,169.2701530456543,292.58545875549316,-24.9139142036438
scissors,Right,196.03721618652344,332.3854637145996,1.8148118385852285e-06,228.83302688598633,308.8253402709961,-18.116319179534912,249.4607925415039,267.42387771606445,-25.528099536895752,267.20088958740234,237.9000949859619,-31.889593601226807,286.6297149658203,221.86699390411377,-38.25430154800415,201.4956283569336,231.2382459640503,-17.2379207611084,185.6254768371582,188.74375820159912,-30.17611265182495,175.43720245361328,163.5081911087036,-37.62046575546265,165.28724670410156,142.6444959640503,-43.62599849700928,180.550537109375,243.4529685974121,-16.32746458053589,172.20062255859375,226.17267608642578,-41.172356605529785,191.10633850097656,257.3297882080078,-45.595526695251465,202.31931686401367,276.56968116760254,-42.73513317108154,161.96041107177734,260.55049896240234,-17.353955507278442,156.5115737915039,247.27632522583008,-42.869181632995605,178.66230010986328,274.71879959106445,-37.60071039199829,189.23175811767578,288.9912986755371,-27.308614253997803,144.42336082458496,279.91870880126953,-19.76311206817627,140.50325393676758,265.13391494750977,-37.54355192184448,159.3624973297119,282.9961395263672,-33.11671495437622,168.9692497253418,293.1272506713867,-25.53457498550415
scissors,Right,195.00926971435547,332.41430282592773,3.457464003986388e-06,227.66712188720703,309.28247451782227,-19.244264364242554,248.123779296875,267.8696823120117,-27.073304653167725,265.99096298217773,238.2320737838745,-33.50116491317749,285.71372985839844,222.1040439605713,-39.796273708343506,200.19731521606445,231.57371520996094,-18.69999647140503,183.85526657104492,189.02990341186523,-31.953320503234863,173.02900314331055,163.7051296234131,-39.536685943603516,162.54657745361328,142.7101707458496,-45.64297676086426,178.95526885986328,243.89548301696777,-17.144662141799927,170.8293342590332,227.60968208312988,-42.174530029296875,189.56480026245117,259.2212104797363,-46.414241790771484,200.84117889404297,277.8471565246582,-43.417959213256836,160.1873016357422,260.71864128112793,-17.606332302093506,154.63306427001953,249.1230297088623,-43.25735092163086,176.52734756469727,276.5602111816406,-37.872135639190674,187.13350296020508,289.6285343170166,-27.52305507659912,142.64793395996094,279.5339012145996,-19.558734893798828,138.71453285217285,265.4528331756592,-37.3956823348999,157.33976364135742,283.7295341491699,-32.82705545425415,166.82483673095703,293.51929664611816,-25.11281728744507
scissors,Right,193.86594772338867,332.06494331359863,9.378397862747079e-06,226.62521362304688,308.66366386413574,-19.327975511550903,246.55950546264648,267.0197868347168,-27.684478759765625,264.1760063171387,237.14179515838623,-34.754741191864014,284.5572853088379,221.26582145690918,-41.6728401184082,198.07668685913086,231.33316040039062,-19.19141173362732,181.55956268310547,188.66370677947998,-32.98682689666748,170.2942657470703,163.32282543182373,-40.905890464782715,159.22650337219238,142.21956253051758,-47.24868297576904,176.93307876586914,243.51834297180176,-17.843377590179443,169.30940628051758,227.77748107910156,-43.332834243774414,188.21893692016602,259.7377395629883,-47.52697467803955,198.99154663085938,277.95899391174316,-44.477643966674805,158.0951690673828,260.359525680542,-18.52130651473999,152.92285919189453,249.09404754638672,-44.4969367980957,175.09281158447266,276.9622993469238,-38.754775524139404,185.36497116088867,289.9304008483887,-28.12476873397827,140.38297653198242,279.1256904602051,-20.711236000061035,136.57931327819824,265.46313285827637,-38.48681926727295,155.64369201660156,284.0398979187012,-33.555870056152344,165.11634826660156,293.72729301452637,-25.598576068878174
scissors,Right,193.3980941772461,333.0158042907715,7.62221020522702e-06,225.92790603637695,309.69371795654297,-18.913064002990723,245.2182960510254,268.1734371185303,-26.879141330718994,262.74988174438477,237.54435539245605,-33.76014947891235,282.4017333984375,221.03954315185547,-40.64802646636963,197.0262336730957,231.4540672302246,-18.106504678726196,180.64537048339844,189.47560787200928,-31.426539421081543,169.54980850219727,164.38340663909912,-39.20475482940674,158.62815856933594,143.62021923065186,-45.45229434967041,175.84619522094727,243.6833667755127,-16.920496225357056,167.4774169921875,228.26798915863037,-42.38893985748291,186.54972076416016,259.1367530822754,-47.17875003814697,198.32876205444336,277.7555179595947,-44.47768211364746,157.2340202331543,260.7400703430176,-17.706552743911743,151.40214920043945,249.3430995941162,-43.40886116027832,173.80367279052734,276.03200912475586,-38.421149253845215,185.31116485595703,289.5296001434326,-28.297877311706543,139.99090194702148,280.0389575958252,-19.989951848983765,135.81260681152344,267.03160285949707,-37.75773763656616,155.07317543029785,284.3876552581787,-33.55316638946533,165.86671829223633,293.57906341552734,-26.03947877883911
scissors,Right,192.97365188598633,333.323392868042,1.1751779993574019e-05,225.84178924560547,309.5522689819336,-19.327621459960938,245.43235778808594,268.0620288848877,-27.319960594177246,262.81654357910156,237.4855899810791,-34.07754898071289,282.8488540649414,221.36645793914795,-40.74689865112305,197.34024047851562,231.50854110717773,-17.896263599395752,181.00587844848633,189.63276386260986,-30.83411455154419,169.75353240966797,164.58005905151367,-38.377439975738525,158.65957260131836,143.85546684265137,-44.552106857299805,176.31759643554688,243.836088180542,-16.41478180885315,167.21092224121094,228.08934688568115,-41.23483657836914,186.44424438476562,258.58131408691406,-45.8579683303833,198.29490661621094,276.663122177124,-43.21380138397217,157.7696418762207,260.9396266937256,-16.958671808242798,151.36972427368164,249.53584671020508,-42.436585426330566,173.88299942016602,276.26383781433105,-37.49162435531616,185.23263931274414,289.3140506744385,-27.488563060760498,140.46636581420898,280.1419258117676,-19.02315378189087,135.55012702941895,266.5195083618164,-36.69295787811279,154.73716735839844,283.9903163909912,-32.4681830406189,165.4011344909668,293.20847511291504,-25.029690265655518
scissors,Right,191.55126571655273,334.0846824645996,5.416758881438e-06,224.31655883789062,310.5911064147949,-18.97119402885437,244.76293563842773,268.50451469421387,-26.83640956878662,262.99854278564453,237.87737846374512,-33.55294466018677,283.13446044921875,221.86513423919678,-40.240702629089355,197.29686737060547,232.25111961364746,-17.919291257858276,181.9132423400879,189.97265338897705,-30.99534511566162,171.1968994140625,165.02978324890137,-38.64626884460449,160.79063415527344,144.19326782226562,-44.86110210418701,176.0503387451172,244.11446571350098,-16.705071926116943,168.25010299682617,227.68664360046387,-42.02850341796875,186.5093994140625,258.5540771484375,-46.9532585144043,197.80292510986328,277.52949714660645,-44.373393058776855,157.22339630126953,260.67395210266113,-17.457754611968994,151.69305801391602,248.48224639892578,-42.85503387451172,173.42828750610352,275.3806400299072,-38.03990364074707,184.688720703125,289.40420150756836,-28.115205764770508,139.6595573425293,279.5623970031738,-19.73637104034424,135.58326721191406,265.98283767700195,-37.36430644989014,154.49451446533203,283.4841728210449,-33.37784290313721,165.30059814453125,293.22484016418457,-26.099705696105957
scissors,Right,192.63238906860352,334.2015266418457,1.3308037978276843e-05,224.5781707763672,310.33392906188965,-18.144490718841553,244.47330474853516,268.56279373168945,-25.970218181610107,262.6870346069336,239.06275749206543,-32.96164035797119,281.78321838378906,222.9420518875122,-39.86423969268799,196.71518325805664,232.55411624908447,-17.317079305648804,181.27567291259766,190.08087158203125,-30.861661434173584,170.87905883789062,164.9256420135498,-38.71959209442139,160.93242645263672,143.95601749420166,-44.94316577911377,175.5449676513672,244.3678092956543,-16.767501831054688,169.95262145996094,227.89881706237793,-42.648000717163086,188.14130783081055,258.955020904541,-47.80559539794922,198.83216857910156,277.8885269165039,-45.24959087371826,156.80740356445312,260.83394050598145,-18.173142671585083,153.36858749389648,249.08700942993164,-43.987107276916504,175.1143455505371,276.154203414917,-39.26631689071655,186.0634994506836,289.84442710876465,-29.30471658706665,139.27423477172852,279.6397876739502,-21.03691816329956,137.31552124023438,266.60900115966797,-38.603527545928955,156.30971908569336,283.97111892700195,-34.46416139602661,166.71194076538086,293.3927536010742,-27.04038381576538
scissors,Right,197.34128952026367,334.2081356048584,-6.426059684372376e-07,227.11109161376953,310.09557723999023,-14.699435234069824,244.62390899658203,266.5842819213867,-21.718831062316895,259.5760726928711,237.27544784545898,-28.671305179595947,276.46656036376953,220.75424194335938,-35.55135726928711,194.0902328491211,230.7663917541504,-17.252373695373535,176.8886947631836,189.85776901245117,-31.24210834503174,166.01743698120117,165.22737979888916,-38.87139320373535,156.12253189086914,144.3101692199707,-44.78214740753174,170.7173728942871,241.080322265625,-18.240904808044434,175.93591690063477,231.8598461151123,-43.05623531341553,195.00308990478516,263.0416202545166,-47.08266735076904,202.60587692260742,279.816312789917,-44.35089588165283,151.64617538452148,258.5987091064453,-20.74841022491455,159.32547569274902,253.88400077819824,-45.31685829162598,180.9346580505371,279.86701011657715,-39.74243640899658,189.22212600708008,291.6573429107666,-29.992473125457764,134.63886260986328,279.3266487121582,-24.533803462982178,142.64079093933105,274.4710922241211,-40.445284843444824,163.50658416748047,289.3399143218994,-35.76577425003052,172.65539169311523,296.14906311035156,-28.38850975036621
scissors,Right,198.56468200683594,333.1574249267578,-3.254728881074698e-05,227.6412010192871,307.3180675506592,-12.222433090209961,242.96823501586914,264.61864471435547,-20.162692070007324,255.78672409057617,236.02761268615723,-28.52090358734131,270.9628105163574,218.74382972717285,-36.919095516204834,192.81295776367188,227.46560096740723,-20.828230381011963,176.77387237548828,189.0587282180786,-35.55368185043335,166.88026428222656,164.6764039993286,-43.745789527893066,157.81628608703613,143.89195919036865,-49.923458099365234,166.13388061523438,235.66749572753906,-22.954912185668945,186.3604736328125,238.80961418151855,-46.640305519104004,202.82127380371094,267.4706268310547,-50.66997528076172,204.99446868896484,283.0861759185791,-48.99339199066162,147.16630935668945,254.40316200256348,-25.983023643493652,172.67004013061523,261.85566902160645,-47.45243549346924,188.3469581604004,283.34278106689453,-42.826056480407715,189.75202560424805,291.74503326416016,-35.27292251586914,132.33333587646484,276.8722915649414,-30.318028926849365,154.8805046081543,281.45050048828125,-43.156681060791016,171.8463897705078,293.7813377380371,-38.93449068069458,175.7334327697754,297.619571685791,-32.62696981430054
scissors,Right,199.56836700439453,333.8499641418457,-3.061272309423657e-05,228.6038589477539,308.2577133178711,-12.563867568969727,242.9689598083496,265.7281494140625,-20.703682899475098,254.22430038452148,236.21656894683838,-29.16931390762329,268.21983337402344,218.432936668396,-37.56984233856201,194.37904357910156,229.65917587280273,-20.52772283554077,178.34508895874023,192.30721950531006,-35.68585395812988,169.51278686523438,168.37822437286377,-44.1706657409668,160.91033935546875,147.82007217407227,-50.759267807006836,168.39073181152344,239.48630332946777,-23.16260576248169,186.30325317382812,238.13316822052002,-47.984304428100586,205.42774200439453,265.66600799560547,-52.456560134887695,208.93821716308594,281.8264961242676,-50.7946252822876,150.9325122833252,258.885555267334,-26.913840770721436,176.03761672973633,264.18042182922363,-49.21612739562988,193.51484298706055,284.30883407592773,-45.2503776550293,194.32056427001953,292.4641799926758,-38.07422399520874,138.6586093902588,281.96239471435547,-32.02170133590698,163.08837890625,286.7511749267578,-45.70343017578125,179.7457504272461,298.2992362976074,-42.58857727050781,181.58161163330078,301.5040111541748,-37.23231315612793
scissors,Right,203.2125473022461,333.9975929260254,-2.8416450277291005e-05,231.81486129760742,308.5496520996094,-12.255353927612305,245.57245254516602,266.3537120819092,-19.87354874610901,255.79126358032227,237.07144260406494,-27.852563858032227,268.4169578552246,218.7789487838745,-35.53952932357788,198.55419158935547,231.45073413848877,-21.439430713653564,183.71776580810547,193.3410930633545,-36.79350137710571,175.9873390197754,169.74411964416504,-45.11189937591553,168.19644927978516,148.76386642456055,-51.65677547454834,173.30116271972656,240.61237335205078,-24.37408208847046,191.64262771606445,238.92412662506104,-48.08166980743408,210.80217361450195,263.5122871398926,-52.187862396240234,215.02103805541992,277.00209617614746,-51.08376502990723,156.5740966796875,259.5590400695801,-28.451693058013916,184.307861328125,264.8689556121826,-49.6949577331543,202.03754425048828,283.915958404541,-45.59040069580078,203.16207885742188,291.38980865478516,-39.05006408691406,145.5695915222168,282.7357578277588,-34.05050277709961,173.45497131347656,289.24610137939453,-47.57053852081299,189.48959350585938,299.93602752685547,-45.23383617401123,190.76120376586914,302.883825302124,-40.819664001464844
scissors,Right,208.62289428710938,333.9041233062744,-7.215574441943318e-05,237.3556900024414,304.1147804260254,-6.997101306915283,249.0478515625,264.20705795288086,-14.081748723983765,256.7675018310547,235.98931789398193,-22.517247200012207,267.205753326416,215.50206184387207,-30.701520442962646,205.82101821899414,232.67477989196777,-21.097593307495117,193.97449493408203,197.19297409057617,-36.76462411880493,187.75474548339844,173.91297340393066,-45.73268413543701,181.80744171142578,153.2171630859375,-52.75967597961426,181.6741180419922,241.21524810791016,-26.232264041900635,214.05807495117188,247.33331680297852,-48.71584415435791,227.9171371459961,268.64550590515137,-53.203887939453125,225.7388687133789,278.2803440093994,-53.62940788269043,167.3641014099121,260.89768409729004,-31.741816997528076,208.1321144104004,273.0626678466797,-50.94493389129639,217.9298210144043,289.5323181152344,-47.348875999450684,211.60762786865234,293.8505172729492,-42.550554275512695,159.38047409057617,284.6902656555176,-38.335535526275635,194.8316764831543,294.2867088317871,-50.49348831176758,205.08647918701172,303.5127353668213,-48.18350315093994,199.71492767333984,305.74387550354004,-44.50852870941162
scissors,Right,209.41904067993164,335.0798034667969,-7.955555702210404e-05,239.44664001464844,303.6654853820801,-5.1589155197143555,251.44817352294922,265.1289653778076,-11.926357746124268,257.94214248657227,237.13006496429443,-20.279018878936768,266.6522979736328,214.5856761932373,-28.3343243598938,209.02349472045898,233.81070613861084,-20.57459831237793,200.3171730041504,199.38793659210205,-36.283907890319824,195.29563903808594,176.01051807403564,-45.991153717041016,190.68201065063477,155.1209306716919,-53.651509284973145,186.18288040161133,241.6018009185791,-26.781005859375,227.23268508911133,252.37295150756836,-48.04818630218506,236.0533905029297,273.1149673461914,-53.133559226989746,228.89707565307617,280.8061981201172,-54.96591091156006,173.14529418945312,261.14407539367676,-33.13098907470703,218.60958099365234,275.6206226348877,-51.518940925598145,223.40370178222656,291.45727157592773,-48.37407112121582,213.7725830078125,294.0699863433838,-44.78368282318115,165.75653076171875,285.17970085144043,-40.425944328308105,203.35872650146484,295.28895378112793,-52.59260654449463,212.5107765197754,304.12513732910156,-50.18471717834473,207.1202850341797,306.00425720214844,-46.76297187805176
scissors,Right,207.24176406860352,337.77305603027344,-0.00010184161510551348,239.2877197265625,302.68152236938477,-3.4613561630249023,249.94077682495117,266.2015914916992,-10.627377033233643,254.8741340637207,238.6505126953125,-19.792741537094116,260.6693649291992,214.16572093963623,-28.2135272026062,212.18172073364258,235.40410995483398,-19.61166739463806,209.05376434326172,202.32245922088623,-36.80291414260864,205.96399307250977,177.92999267578125,-47.41717338562012,202.94084548950195,156.4716625213623,-55.588908195495605,191.51962280273438,243.1223487854004,-26.91136360168457,240.6391716003418,253.72464179992676,-48.32186698913574,244.9311065673828,273.8586616516113,-52.86904335021973,234.28783416748047,279.94640350341797,-54.87687587738037,181.61943435668945,263.0138111114502,-34.401044845581055,234.16223526000977,276.8671989440918,-53.298091888427734,233.92553329467773,292.81548500061035,-49.599599838256836,221.33739471435547,294.5130157470703,-46.127285957336426,178.58036041259766,287.0350456237793,-42.729172706604004,220.5830192565918,296.76587104797363,-55.860562324523926,222.29835510253906,306.8140983581543,-53.81377696990967,210.86240768432617,308.3282947540283,-51.03351593017578
scissors,Right,201.6740608215332,341.7653274536133,-6.67478161631152e-05,233.19683074951172,302.6301383972168,-2.427974045276642,244.1260528564453,265.53388595581055,-9.733355045318604,248.53116989135742,237.9239559173584,-19.07219409942627,257.0828056335449,212.12668418884277,-27.2446608543396,211.43583297729492,236.06359004974365,-15.80902099609375,212.72396087646484,205.57388305664062,-32.7092981338501,213.11899185180664,181.01520538330078,-43.05500030517578,214.15130615234375,160.7929801940918,-50.60425281524658,194.87504959106445,244.95474815368652,-23.89763355255127,250.750732421875,254.06238555908203,-43.70194435119629,252.11711883544922,272.98742294311523,-46.41356945037842,240.9305191040039,278.4470272064209,-46.98697090148926,187.67339706420898,265.8712863922119,-32.564332485198975,245.49737930297852,278.2722473144531,-50.478973388671875,240.82571029663086,291.7869186401367,-45.72723388671875,227.26552963256836,291.73081398010254,-41.42201900482178,186.76666259765625,291.1185836791992,-42.035322189331055,232.2802734375,299.06561851501465,-53.900413513183594,230.68504333496094,308.33035469055176,-50.67224979400635,217.82733917236328,309.17309761047363,-47.16439247131348
scissors,Right,201.09811782836914,341.65889739990234,-5.6611706895637326e-05,230.64090728759766,302.726469039917,-0.40224622935056686,240.6127166748047,265.72729110717773,-7.92655885219574,243.05131912231445,237.2929286956787,-18.113032579421997,250.08060455322266,210.353422164917,-27.317276000976562,213.02547454833984,237.35126495361328,-13.492170572280884,217.50852584838867,207.7676010131836,-29.954822063446045,220.85588455200195,183.99271488189697,-39.20405864715576,224.8862648010254,165.60566425323486,-45.61495780944824,199.4887351989746,247.0656967163086,-22.43081569671631,258.2924270629883,255.2937126159668,-41.93000793457031,257.2768211364746,274.03003692626953,-43.335676193237305,245.2825164794922,278.0635643005371,-42.56011962890625,195.1487159729004,267.8748321533203,-31.84924602508545,254.22100067138672,277.9745864868164,-49.96645450592041,247.71724700927734,291.5453910827637,-44.22456741333008,234.23908233642578,291.23416900634766,-38.81554126739502,196.43917083740234,292.3271083831787,-41.75026893615723,242.74513244628906,298.87885093688965,-53.694467544555664,238.4002685546875,308.07703971862793,-50.01045227050781,224.81184005737305,307.74441719055176,-45.97124099731445
scissors,Right,197.7536392211914,339.9412536621094,-3.4768488603731385e-05,225.69290161132812,302.59546279907227,-0.8331149816513062,236.27010345458984,265.356388092041,-7.768422365188599,238.9204978942871,236.76987648010254,-16.953635215759277,243.5240936279297,209.73262310028076,-25.09551763534546,211.1316680908203,237.57506847381592,-13.809683322906494,221.34164810180664,207.352294921875,-30.19874334335327,227.10826873779297,183.90329360961914,-39.16388511657715,232.9279327392578,165.69532871246338,-45.16599655151367,200.5105972290039,248.5283660888672,-22.539067268371582,261.25999450683594,254.15282249450684,-41.701412200927734,257.93806076049805,272.2275638580322,-42.38930702209473,244.92721557617188,276.2685012817383,-41.01616382598877,197.92999267578125,269.5016670227051,-31.852755546569824,258.51537704467773,277.5634288787842,-50.49944877624512,250.14896392822266,291.3772487640381,-44.91931438446045,236.07404708862305,291.1535453796387,-39.160778522491455,200.4234504699707,293.8175868988037,-41.507368087768555,247.46347427368164,298.8782215118408,-53.3394193649292,241.25572204589844,308.0540084838867,-49.377593994140625,226.50253295898438,307.9270648956299,-45.076894760131836
scissors,Right,195.32062530517578,338.38025093078613,-3.344638344060513e-05,217.92675018310547,301.94732666015625,0.3097286820411682,228.44728469848633,266.40469551086426,-7.331497073173523,230.48871994018555,237.62851238250732,-17.513588666915894,231.4089012145996,215.92254638671875,-26.92401647567749,214.51433181762695,236.90075397491455,-15.831875801086426,227.86043167114258,208.84527683258057,-32.64719247817993,234.30486679077148,186.27367973327637,-41.404643058776855,240.45909881591797,169.30023193359375,-46.882662773132324,206.10021591186523,248.97191047668457,-25.433576107025146,267.1636772155762,257.1807289123535,-43.82918357849121,260.09883880615234,273.32101821899414,-42.494544982910156,246.2139129638672,274.0286922454834,-39.58667278289795,204.67229843139648,270.49455642700195,-35.45004844665527,264.9915885925293,280.3333282470703,-53.51679801940918,253.06364059448242,291.7852592468262,-47.18615531921387,238.3267593383789,290.07290840148926,-40.82859992980957,207.5323486328125,295.1858139038086,-45.68005561828613,253.7053108215332,300.0484371185303,-56.468844413757324,244.70624923706055,307.54809379577637,-51.51756286621094,229.42262649536133,307.30685234069824,-46.49985313415527
scissors,Right,189.5290184020996,332.5348377227783,-1.3186948422116984e-06,199.25420761108398,295.09958267211914,1.2626264989376068,213.14285278320312,258.60591888427734,-4.511181116104126,222.69100189208984,231.2891721725464,-11.95172667503357,229.15075302124023,213.04394245147705,-18.89379620552063,212.48662948608398,238.0248785018921,-18.48372459411621,233.95357131958008,208.8599395751953,-32.5146746635437,246.32200241088867,188.9640998840332,-39.878315925598145,258.939208984375,173.53282928466797,-44.54896926879883,212.88272857666016,252.1486473083496,-27.351338863372803,271.23125076293945,256.2410545349121,-42.141661643981934,260.66497802734375,268.78689765930176,-40.91350555419922,246.7163848876953,269.24583435058594,-38.99540901184082,217.20375061035156,273.760929107666,-35.75901746749878,272.4713706970215,279.13235664367676,-48.82943630218506,257.53368377685547,287.6352882385254,-42.1742057800293,243.02743911743164,286.7446517944336,-36.59436225891113,223.253173828125,297.489709854126,-44.17623043060303,266.9316101074219,297.1916198730469,-50.013771057128906,255.75838088989258,302.6937961578369,-43.24388027191162,240.68439483642578,303.4094524383545,-37.728519439697266
scissors,Right,187.76626586914062,330.47804832458496,4.811151939065894e-06,188.9623260498047,295.0591564178467,1.161995679140091,202.9578399658203,253.64456176757812,-4.423230588436127,212.2718048095703,220.94156742095947,-10.854851007461548,205.83415985107422,196.31383895874023,-17.297927141189575,210.99746704101562,240.06428718566895,-20.85665464401245,243.43612670898438,208.99652481079102,-32.42628574371338,262.3320770263672,190.63350677490234,-37.62797832489014,278.65840911865234,175.32511711120605,-41.27113342285156,217.28338241577148,254.5462417602539,-28.159945011138916,272.1692657470703,253.3553123474121,-41.36197566986084,263.02467346191406,267.7939224243164,-39.08505439758301,247.54968643188477,271.41700744628906,-36.6877818107605,225.0943374633789,275.4554271697998,-34.25602197647095,275.67699432373047,275.60176849365234,-45.24299144744873,263.23522567749023,285.2417278289795,-36.773223876953125,247.18814849853516,286.5515899658203,-30.499672889709473,233.20640563964844,298.0033493041992,-39.99194860458374,273.7200736999512,293.8392448425293,-44.25731182098389,262.2889709472656,301.6713523864746,-36.219589710235596,245.42890548706055,303.5697555541992,-30.290722846984863
scissors,Right,188.7300682067871,327.5221252441406,1.2788284493581159e-05,185.53159713745117,290.96288681030273,0.603003054857254,192.18219757080078,248.1595516204834,-5.218419432640076,195.4851531982422,216.04605674743652,-12.120319604873657,187.74024963378906,193.17194938659668,-19.216811656951904,211.15800857543945,239.60331916809082,-20.24275302886963,246.47483825683594,208.4809970855713,-31.967227458953857,267.8465461730957,191.58827304840088,-37.607502937316895,285.7917785644531,177.79067516326904,-41.439313888549805,222.21317291259766,254.82230186462402,-27.075283527374268,270.56514739990234,249.1454315185547,-40.13641834259033,259.85668182373047,262.3806953430176,-37.77360916137695,242.68444061279297,268.08091163635254,-35.134665966033936,233.0594825744629,276.15620613098145,-32.84146308898926,274.1850471496582,270.46451568603516,-43.18096160888672,262.04219818115234,280.147762298584,-33.677849769592285,246.0842514038086,284.5892143249512,-26.508619785308838,242.31496810913086,298.80420684814453,-38.33590269088745,275.2851867675781,289.67196464538574,-41.606197357177734,263.77567291259766,297.2782230377197,-32.05568790435791,248.53885650634766,301.4219856262207,-24.934961795806885
scissors,Right,187.9191017150879,324.2385005950928,-1.0316801990484237e-05,179.75038528442383,287.7000904083252,0.6801503896713257,183.65671157836914,245.77829360961914,-6.299359202384949,184.0609359741211,212.7152395248413,-14.152683019638062,174.41139221191406,189.01737213134766,-22.732787132263184,211.91085815429688,237.75150775909424,-20.526528358459473,247.92783737182617,208.12746047973633,-33.93205404281616,270.72879791259766,190.446195602417,-41.66469097137451,289.49146270751953,177.2183132171631,-46.28560543060303,227.2555923461914,252.5954532623291,-25.68711757659912,265.55885314941406,245.28619766235352,-36.61694288253784,253.20274353027344,257.2914218902588,-32.500526905059814,235.78996658325195,265.3841972351074,-28.504889011383057,240.02696990966797,274.6263885498047,-29.87227201461792,270.7836151123047,266.3302230834961,-39.732890129089355,259.67899322509766,276.1955165863037,-29.770097732543945,244.6546173095703,284.31713104248047,-21.71168565750122,250.9036636352539,297.6464653015137,-33.31310987472534,272.9624557495117,285.7383155822754,-35.9765362739563,261.35570526123047,294.4639778137207,-24.5202374458313,248.3101463317871,301.70594215393066,-15.614432096481323
scissors,Right,188.76859664916992,328.32475662231445,3.5995216762785276e-06,177.01990127563477,289.5205307006836,-1.5839166939258575,178.86783599853516,247.64917373657227,-9.308311343193054,175.2918243408203,213.69011878967285,-17.321696281433105,164.07819747924805,190.1528549194336,-25.935049057006836,211.96685791015625,239.45813655853271,-19.255926609039307,248.8221549987793,211.7050266265869,-31.792664527893066,272.82827377319336,194.71006393432617,-38.97476673126221,292.357177734375,183.24663162231445,-43.066840171813965,230.76818466186523,255.15666961669922,-22.313151359558105,263.3308792114258,241.36957168579102,-32.3469877243042,251.8086051940918,252.64168739318848,-28.461334705352783,235.5883026123047,263.5996341705322,-24.011638164520264,245.72504043579102,276.5548610687256,-24.657864570617676,268.58924865722656,263.82923126220703,-31.837141513824463,258.8513946533203,273.0182361602783,-22.47417449951172,244.8879051208496,282.5460720062256,-14.864726066589355,257.29257583618164,298.6992359161377,-26.685819625854492,269.49426651000977,286.1979103088379,-27.314534187316895,258.5464096069336,294.1742706298828,-16.93557858467102,247.53973007202148,301.865758895874,-8.7046879529953
scissors,Right,189.87873077392578,332.65809059143066,3.281398221588461e-05,176.52345657348633,291.8879699707031,-2.6393193006515503,177.59693145751953,249.5460605621338,-11.290477514266968,171.81257247924805,215.462064743042,-19.896225929260254,159.04942512512207,192.31850624084473,-29.259767532348633,212.0532989501953,245.3704833984375,-21.498796939849854,250.42783737182617,217.20282554626465,-34.14735555648804,274.64778900146484,199.97564792633057,-41.56928539276123,295.11518478393555,188.74172687530518,-45.94920635223389,231.33647918701172,263.09051513671875,-24.12781000137329,263.1191635131836,242.27731704711914,-34.93799448013306,249.88000869750977,250.14246940612793,-31.691133975982666,233.8308334350586,261.4577293395996,-27.419872283935547,246.01394653320312,284.8376655578613,-25.850157737731934,268.9743995666504,264.28070068359375,-32.61523962020874,257.8265190124512,271.638765335083,-22.653756141662598,244.18323516845703,282.2962188720703,-14.59636926651001,256.83727264404297,306.6636085510254,-27.382493019104004,269.26626205444336,288.224573135376,-27.730848789215088,257.77748107910156,294.64442253112793,-16.88465118408203,247.4556541442871,303.51250648498535,-8.258457779884338
scissors,Right,187.5223159790039,337.8420639038086,6.813995696575148e-05,174.66419219970703,295.48633575439453,-3.16697359085083,174.77153778076172,254.10381317138672,-12.860126495361328,167.0037841796875,220.9402084350586,-22.41628646850586,152.91847229003906,199.124493598938,-32.72469520568848,209.46577072143555,251.8985939025879,-22.725818157196045,250.29298782348633,226.42702102661133,-37.00029134750366,275.8774757385254,211.07319831848145,-45.785932540893555,297.3257827758789,201.4620065689087,-50.7849645614624,229.25302505493164,270.5900001525879,-25.204997062683105,263.30421447753906,246.65053367614746,-37.56582975387573,249.77529525756836,252.42238998413086,-34.92983341217041,233.5771942138672,263.0302619934082,-30.47774314880371,244.25220489501953,292.3570919036865,-26.77345037460327,268.8600730895996,268.13721656799316,-34.31033372879028,257.23350524902344,274.27940368652344,-24.01573657989502,243.48443984985352,285.03095626831055,-15.088807344436646,255.16191482543945,313.62659454345703,-28.224282264709473,269.38777923583984,292.82721519470215,-28.870081901550293,257.6512145996094,297.80433654785156,-17.666075229644775,247.13600158691406,306.3705253601074,-8.360280394554138
scissors,Right,189.50695037841797,340.8093452453613,0.00010571236998657696,174.38533782958984,299.1141700744629,-5.719157457351685,173.22551727294922,258.0600643157959,-17.250075340270996,163.97653579711914,224.7458553314209,-27.875962257385254,147.89772033691406,203.12739372253418,-39.197657108306885,207.6289939880371,257.13658332824707,-26.98835849761963,251.0322380065918,231.51326179504395,-41.2308406829834,277.05970764160156,216.13267421722412,-49.31127071380615,299.14188385009766,206.64484977722168,-53.89773368835449,228.84992599487305,276.8031406402588,-28.4702730178833,263.34861755371094,248.83237838745117,-41.97585582733154,248.72310638427734,254.04358863830566,-39.78971242904663,232.68571853637695,265.3424263000488,-35.37623882293701,244.78992462158203,297.3748970031738,-28.938000202178955,269.3386650085449,269.20480728149414,-36.710052490234375,256.6263961791992,275.169038772583,-26.131591796875,243.2060432434082,286.2166213989258,-16.988457441329956,256.4396286010742,316.17101669311523,-29.474077224731445,269.55738067626953,292.249059677124,-29.816174507141113,257.0912170410156,297.6133632659912,-18.341856002807617,246.82018280029297,306.81970596313477,-8.981399536132812
scissors,Right,191.74522399902344,341.2394142150879,0.00011393739441700745,176.9692039489746,298.6483955383301,-5.655641555786133,175.63024520874023,259.030065536499,-16.935850381851196,166.9042205810547,226.75240516662598,-27.37766742706299,150.89187622070312,205.4330348968506,-38.50166320800781,211.98345184326172,258.363676071167,-26.559131145477295,254.79339599609375,233.36583137512207,-40.118656158447266,280.7928276062012,218.43668460845947,-47.55076885223389,302.3342514038086,209.30238246917725,-51.50444507598877,233.24182510375977,278.47100257873535,-27.653539180755615,264.93051528930664,251.51750564575195,-40.120859146118164,250.60592651367188,254.79475021362305,-37.8964638710022,235.66762924194336,264.933557510376,-33.71960401535034,248.56143951416016,298.7545680999756,-27.681455612182617,270.51563262939453,271.9672107696533,-34.7360897064209,258.09425354003906,276.2524223327637,-24.643917083740234,245.30811309814453,286.30096435546875,-15.963895320892334,259.53542709350586,316.5830898284912,-27.755460739135742,271.4402770996094,293.64635467529297,-27.258906364440918,259.4502639770508,298.05078506469727,-15.70365309715271,249.40505981445312,306.7019462585449,-6.321566104888916
scissors,Right,192.32694625854492,340.0034809112549,9.907376806950197e-05,178.0009651184082,298.9812469482422,-5.678409934043884,176.90256118774414,258.7414741516113,-16.60609245300293,168.51160049438477,225.73206424713135,-26.857001781463623,152.94493675231934,204.2711877822876,-37.795634269714355,212.0282745361328,255.9331512451172,-25.117056369781494,253.7555694580078,229.98896598815918,-37.83744812011719,279.1395568847656,214.36002731323242,-45.07334232330322,300.4383850097656,204.39903259277344,-49.42001819610596,232.4604606628418,275.15210151672363,-26.631011962890625,264.7780990600586,249.62980270385742,-38.48789930343628,250.89168548583984,254.59087371826172,-36.15180492401123,235.78208923339844,265.13912200927734,-32.2830867767334,247.70008087158203,295.4973793029785,-27.27041244506836,271.2977981567383,270.1875114440918,-33.62027406692505,259.34139251708984,275.32456398010254,-23.557918071746826,246.10004425048828,285.6676197052002,-15.471242666244507,258.96398544311523,314.48530197143555,-28.13446283340454,271.6955757141113,292.51516342163086,-28.040051460266113,259.6587562561035,297.22314834594727,-17.362321615219116,248.94954681396484,305.82881927490234,-8.892889618873596
scissors,Right,189.53680038452148,339.17155265808105,7.885252671258058e-05,176.88003540039062,298.30312728881836,-3.6950066685676575,177.31534957885742,255.73079109191895,-13.691232204437256,170.16681671142578,222.6297426223755,-23.37881326675415,155.4888916015625,200.5151081085205,-33.685007095336914,208.21304321289062,252.6680088043213,-23.828229904174805,247.69088745117188,225.90471267700195,-37.654218673706055,272.66279220581055,210.02776622772217,-45.77988624572754,293.91992568969727,199.59068298339844,-50.67155361175537,226.88116073608398,271.16695404052734,-26.972575187683105,264.6261215209961,249.19784545898438,-40.073089599609375,251.10712051391602,257.7236080169678,-37.66808271408081,233.84122848510742,268.33531379699707,-33.37876796722412,242.13409423828125,293.2163429260254,-29.218080043792725,271.4463806152344,271.53676986694336,-37.609429359436035,259.41368103027344,279.4052982330322,-27.193658351898193,244.5627212524414,289.72034454345703,-18.227871656417847,254.00876998901367,315.51292419433594,-31.36787176132202,270.8279800415039,295.991849899292,-32.684359550476074,259.0206527709961,302.34907150268555,-21.493799686431885,247.59418487548828,310.52988052368164,-12.383317947387695
scissors,Right,188.74094009399414,334.7885513305664,5.4050465223554056e-05,179.82473373413086,297.1090507507324,-3.2736241817474365,181.07202529907227,252.85566329956055,-12.18371033668518,177.14805603027344,218.57937812805176,-21.037209033966064,165.6369400024414,195.10826110839844,-30.203397274017334,207.7322769165039,249.9030303955078,-23.439199924468994,244.74287033081055,222.44619369506836,-38.20862054824829,268.38809967041016,206.01971626281738,-47.189674377441406,288.71559143066406,193.963623046875,-52.99917697906494,224.4031524658203,267.059326171875,-27.779102325439453,267.3978805541992,251.65165901184082,-43.287353515625,255.29842376708984,262.94677734375,-42.507638931274414,236.63354873657227,272.05982208251953,-39.37169790267944,239.20135498046875,289.06225204467773,-31.191105842590332,273.87489318847656,274.5930862426758,-42.53830432891846,261.9457817077637,283.54705810546875,-32.96454668045044,245.06547927856445,291.24006271362305,-24.286246299743652,251.08760833740234,311.7637538909912,-34.40065622329712,272.9782295227051,296.7198657989502,-38.36090087890625,261.05945587158203,303.5371685028076,-28.068995475769043,247.08465576171875,309.1043472290039,-19.436861276626587
scissors,Right,189.40576553344727,331.6465473175049,4.697632448369404e-05,182.52735137939453,296.2979507446289,-2.2896872460842133,184.93824005126953,251.67720794677734,-11.067565679550171,183.79558563232422,217.09485054016113,-19.919015169143677,173.31966400146484,192.98888683319092,-29.038469791412354,207.7663230895996,248.2125949859619,-25.63120126724243,244.0750503540039,218.54734897613525,-41.90774917602539,267.89764404296875,201.23042106628418,-51.65532112121582,288.3996391296387,188.82051944732666,-57.77998447418213,222.41449356079102,265.0849914550781,-30.741844177246094,270.56949615478516,252.36631393432617,-48.23813438415527,259.06768798828125,265.140380859375,-47.74502754211426,239.75767135620117,273.9360523223877,-44.59829330444336,236.35391235351562,286.80524826049805,-34.72038984298706,276.6948699951172,275.19521713256836,-48.506107330322266,263.746280670166,284.4543743133545,-39.45172071456909,245.38419723510742,290.85299491882324,-30.755925178527832,248.4141731262207,309.04706954956055,-38.17046403884888,274.74822998046875,295.82350730895996,-43.99351119995117,261.5757751464844,303.111047744751,-34.09827947616577,245.69725036621094,307.747163772583,-25.56175947189331
scissors,Right,188.1792449951172,331.8884468078613,5.5934128795342986e-05,181.8593978881836,295.5062484741211,-2.53062903881073,186.0771942138672,250.6699562072754,-11.076253652572632,185.7257843017578,216.09190464019775,-19.76476550102234,174.94068145751953,191.82158946990967,-28.53724956512451,205.95678329467773,246.02471351623535,-24.39406394958496,241.8486785888672,216.8377161026001,-39.76602077484131,264.6983528137207,199.62035179138184,-48.96078586578369,283.88275146484375,186.33532047271729,-54.99420642852783,219.19355392456055,262.0209789276123,-29.857816696166992,269.8644828796387,251.5934658050537,-47.02769756317139,259.26191329956055,264.6925449371338,-46.87845230102539,239.7870635986328,272.4571895599365,-44.05658721923828,232.4168586730957,283.50972175598145,-34.22154426574707,274.2178153991699,274.4707202911377,-46.98408126831055,262.4654197692871,283.9881134033203,-37.78066396713257,244.58606719970703,289.3352794647217,-29.33523654937744,243.90565872192383,306.0336685180664,-38.30229997634888,273.6082649230957,294.296350479126,-43.25106143951416,261.5205383300781,301.8053913116455,-33.23814868927002,245.38530349731445,305.6956958770752,-24.84198570251465
scissors,Right,187.83306121826172,330.7646369934082,5.890093234484084e-05,184.86608505249023,295.5944538116455,-3.1399214267730713,191.18202209472656,252.01632499694824,-11.609487533569336,191.89071655273438,218.35284233093262,-20.407283306121826,182.18891143798828,193.85752201080322,-28.809707164764404,200.9844970703125,243.55307579040527,-24.60628032684326,231.96477890014648,212.00157165527344,-38.67206811904907,250.11497497558594,194.72474098205566,-45.40566921234131,266.42269134521484,180.72293758392334,-49.89522933959961,209.02915954589844,259.12073135375977,-31.002674102783203,265.23414611816406,250.55560111999512,-49.09625053405762,256.95899963378906,265.04536628723145,-48.81637096405029,240.5858612060547,271.09365463256836,-46.341209411621094,219.5037078857422,279.6396732330322,-36.57244920730591,269.48923110961914,272.82946586608887,-50.80127239227295,257.7735900878906,283.39659690856934,-42.12491512298584,241.52297973632812,286.7787551879883,-34.34615135192871,229.90459442138672,301.739444732666,-42.128634452819824,270.64884185791016,291.81278228759766,-48.06486129760742,259.9391174316406,299.8999500274658,-39.71451997756958,243.54042053222656,303.063440322876,-32.9587721824646
scissors,Right,191.49822235107422,332.3295021057129,1.1310594345559366e-05,194.5050048828125,296.68773651123047,-0.37000734359025955,203.65201950073242,256.1650085449219,-6.722797155380249,207.50921249389648,223.76790046691895,-13.749583959579468,202.23089218139648,198.70048999786377,-20.217182636260986,201.69179916381836,239.04250144958496,-20.922129154205322,224.74573135375977,209.1379451751709,-34.90673065185547,237.36013412475586,189.4394302368164,-41.5416145324707,248.7071418762207,173.0740785598755,-45.711283683776855,204.89439010620117,253.1890869140625,-28.184759616851807,264.7092819213867,248.776216506958,-43.27561378479004,257.1230697631836,264.4793701171875,-41.055893898010254,241.51010513305664,268.68149757385254,-37.913713455200195,211.79729461669922,274.23322677612305,-34.86607313156128,267.55184173583984,272.4352169036865,-48.46184253692627,255.87039947509766,283.7713050842285,-40.7682466506958,240.0623893737793,285.51804542541504,-33.9551043510437,220.0458526611328,297.30091094970703,-41.279296875,262.31922149658203,292.6508617401123,-47.063117027282715,252.90376663208008,301.0315418243408,-39.848501682281494,237.1967887878418,303.233585357666,-34.12662982940674
scissors,Right,196.51779174804688,333.84693145751953,9.871520205706474e-06,203.77721786499023,297.47034072875977,1.0017988830804825,212.20365524291992,261.3582229614258,-5.439311265945435,216.95226669311523,233.57049465179443,-13.706929683685303,220.44015884399414,215.74018478393555,-21.420183181762695,209.1529083251953,236.30664825439453,-18.404191732406616,225.72742462158203,206.16053581237793,-33.53014945983887,234.4484519958496,184.76261615753174,-41.621737480163574,243.2321548461914,167.78308868408203,-46.64125919342041,206.88003540039062,249.89882469177246,-27.34380006790161,266.5391159057617,250.58172225952148,-44.01785850524902,257.4233627319336,265.6427192687988,-42.94679641723633,241.9287872314453,269.22852516174316,-40.27451992034912,210.59181213378906,271.1989688873291,-35.97041368484497,266.5912628173828,274.3587398529053,-50.7094669342041,254.4322967529297,285.3738498687744,-43.83682727813721,240.20004272460938,286.3011646270752,-37.29690074920654,216.6899299621582,294.5545291900635,-44.61234092712402,261.94923400878906,293.1092834472656,-51.00055694580078,253.44568252563477,300.4126739501953,-43.934855461120605,240.08487701416016,302.2393226623535,-37.9097318649292
scissors,Right,201.84694290161133,333.6386489868164,1.646539885769016e-05,217.15103149414062,299.7243404388428,0.9415464103221893,227.44550704956055,268.38040351867676,-5.985046625137329,233.66310119628906,247.43056297302246,-15.185837745666504,241.18616104125977,237.56707191467285,-23.8612961769104,213.71355056762695,234.7352170944214,-15.437384843826294,226.60362243652344,205.45178890228271,-30.551180839538574,233.77634048461914,184.02823448181152,-39.43930149078369,241.1564826965332,166.83242797851562,-45.197505950927734,208.8282585144043,247.2212791442871,-24.880945682525635,265.90410232543945,249.04297828674316,-41.807308197021484,258.41915130615234,264.8086738586426,-42.050466537475586,243.1911277770996,268.4120750427246,-40.28249740600586,210.19914627075195,267.778959274292,-34.26054239273071,265.22043228149414,272.2313690185547,-49.923858642578125,254.06316757202148,284.386510848999,-44.349403381347656,239.61917877197266,284.9835777282715,-38.46628427505493,214.54376220703125,290.84704399108887,-43.754262924194336,258.73302459716797,291.0372734069824,-50.74295997619629,251.3660430908203,299.7292900085449,-43.92255783081055,237.91500091552734,301.968469619751,-37.93318271636963
scissors,Right,205.93273162841797,335.95956802368164,1.188084866043937e-05,225.38335800170898,301.7277145385742,0.5968907475471497,233.95505905151367,269.7948360443115,-6.847095489501953,235.25087356567383,246.14922523498535,-16.635655164718628,237.83899307250977,232.5639295578003,-25.813395977020264,215.05706787109375,234.16934967041016,-15.766130685806274,225.61384201049805,204.7682762145996,-32.51586437225342,232.43061065673828,181.53940200805664,-42.17543125152588,238.5917854309082,163.6621856689453,-48.09067726135254,207.19532012939453,245.49153327941895,-24.800679683685303,265.2251625061035,248.4214210510254,-42.11935043334961,261.4541244506836,265.75581550598145,-41.3339900970459,247.41596221923828,269.9443817138672,-38.83512496948242,207.46366500854492,265.9745979309082,-34.05529975891113,264.4671821594238,271.2856864929199,-51.22830390930176,256.33922576904297,284.7579574584961,-45.32175064086914,241.87889099121094,285.4749584197998,-39.06479597091675,211.98551177978516,289.29247856140137,-43.38122367858887,256.9389343261719,290.896053314209,-51.86570644378662,251.43672943115234,300.47218322753906,-45.304322242736816,237.73780822753906,302.3466110229492,-39.33152675628662
scissors,Right,209.16261672973633,334.7080993652344,-1.8017956335825147e-05,234.69104766845703,299.55339431762695,-1.8197406828403473,239.8104476928711,264.3789482116699,-9.564648866653442,236.86809539794922,237.00804233551025,-19.31339383125305,237.99291610717773,214.08745765686035,-27.99617052078247,216.0188102722168,232.2868251800537,-14.370813369750977,222.77664184570312,202.05881595611572,-31.22328281402588,227.38494873046875,178.6056089401245,-41.50528907775879,232.03643798828125,160.66546440124512,-48.40604305267334,204.56045150756836,242.57211685180664,-22.181901931762695,260.6451606750488,246.1520290374756,-41.42458438873291,259.32443618774414,263.67396354675293,-42.95684814453125,247.2317886352539,269.12206649780273,-42.23092079162598,202.22763061523438,262.2356700897217,-30.571815967559814,257.92285919189453,267.3405647277832,-48.33885192871094,252.61863708496094,281.1968421936035,-42.68145561218262,240.28308868408203,282.74877548217773,-37.16090202331543,205.74125289916992,284.9238681793213,-39.504456520080566,251.3977813720703,286.77515029907227,-50.68774223327637,246.8451690673828,297.2487545013428,-46.31820201873779,233.28271865844727,299.1925621032715,-41.80426597595215
scissors,Right,220.14310836791992,333.6112976074219,-4.2474698602745775e-05,250.9964942932129,304.1895389556885,-4.922279119491577,259.94543075561523,270.75599670410156,-12.21166729927063,260.99010467529297,245.5858039855957,-21.346046924591064,260.8473777770996,224.64224338531494,-29.433813095092773,223.22568893432617,231.69679641723633,-12.08510160446167,222.70166397094727,198.08838844299316,-27.1907901763916,222.42097854614258,173.90062808990479,-36.57320022583008,221.8557357788086,153.18381786346436,-43.55236530303955,205.37355422973633,237.83414840698242,-19.092832803726196,251.32347106933594,240.5379581451416,-39.36661958694458,257.49887466430664,264.14709091186523,-43.70110511779785,248.99864196777344,272.5663948059082,-44.16965961456299,195.95537185668945,254.16563987731934,-26.937146186828613,244.3685531616211,258.3157539367676,-46.13395690917969,247.22173690795898,277.9573059082031,-41.93412780761719,237.42511749267578,282.0472240447998,-36.52694225311279,192.60665893554688,275.0309944152832,-35.68108320236206,232.0220184326172,279.64599609375,-48.45346927642822,237.22427368164062,292.9248046875,-44.977078437805176,228.80264282226562,296.38243675231934,-40.25097370147705
scissors,Right,227.99983978271484,332.8279781341553,-4.8619299377605785e-05,255.9801483154297,310.0558376312256,-7.688159346580505,267.8613471984863,279.22350883483887,-16.68389916419983,272.24021911621094,254.47932243347168,-27.38307237625122,279.1312026977539,233.2374143600464,-37.19878911972046,231.51506423950195,232.91715145111084,-14.275217056274414,225.7726287841797,195.9730339050293,-29.266138076782227,223.8901710510254,171.3998508453369,-38.204684257507324,221.07357025146484,150.06254196166992,-44.92215633392334,211.58823013305664,236.44108772277832,-19.272549152374268,248.59979629516602,238.35691452026367,-40.86437702178955,256.9671058654785,262.68659591674805,-45.89241981506348,248.79959106445312,272.93054580688477,-46.29508018493652,199.19305801391602,250.15917778015137,-25.079216957092285,240.1402473449707,255.3346824645996,-45.256052017211914,246.49507522583008,275.764102935791,-41.354217529296875,238.51879119873047,281.10732078552246,-35.48966407775879,190.9791374206543,268.76240730285645,-31.83720827102661,225.10356903076172,273.7438488006592,-44.721126556396484,232.11957931518555,287.55892753601074,-41.37034893035889,225.21059036254883,291.39015197753906,-36.298155784606934
scissors,Right,232.9059600830078,331.17794036865234,-3.350334964125068e-05,260.2792549133301,310.29178619384766,-7.756195068359375,274.0900993347168,278.8982963562012,-15.828627347946167,280.4416275024414,255.78412055969238,-25.39797306060791,290.6077575683594,238.2883644104004,-34.39954996109009,237.05434799194336,232.63957500457764,-14.449810981750488,230.77373504638672,195.1842498779297,-28.624885082244873,229.68156814575195,171.16790771484375,-36.9912314414978,227.51977920532227,150.39945602416992,-43.24242115020752,216.49307250976562,235.8420753479004,-18.586663007736206,246.79622650146484,233.62868785858154,-39.40368890762329,258.2268714904785,258.62056732177734,-43.93880844116211,252.6271629333496,271.11499786376953,-43.66781711578369,202.07286834716797,248.23439598083496,-23.441061973571777,236.4554786682129,251.32624626159668,-43.11943054199219,246.22278213500977,272.94055938720703,-39.11308765411377,240.25028228759766,280.49288749694824,-32.63449192047119,191.1505126953125,265.3669738769531,-29.145147800445557,220.79910278320312,267.7865695953369,-41.41036510467529,231.08003616333008,281.44580841064453,-37.61326789855957,226.6541290283203,286.9834327697754,-31.954057216644287
scissors,Right,233.5448455810547,330.00165939331055,-5.1555111895140726e-05,262.6968574523926,310.26769638061523,-6.691931486129761,280.12828826904297,276.69519424438477,-12.849165201187134,291.58117294311523,254.92575645446777,-20.6286358833313,306.1930465698242,242.12456703186035,-28.24997901916504,242.7111053466797,232.21774578094482,-12.611836194992065,238.40646743774414,194.21952724456787,-24.084765911102295,237.03643798828125,170.82757472991943,-29.983668327331543,234.67039108276367,150.84983825683594,-34.543256759643555,221.54830932617188,235.5479621887207,-16.475504636764526,246.9319725036621,235.31551837921143,-36.338651180267334,256.4835548400879,263.4665107727051,-39.27077293395996,252.11944580078125,277.8292179107666,-37.25552320480347,205.2117919921875,247.13072776794434,-20.88270902633667,234.7726058959961,250.717191696167,-39.76998567581177,242.65199661254883,274.57895278930664,-35.369346141815186,237.35549926757812,283.85945320129395,-28.108010292053223,191.09619140625,262.28344917297363,-25.98961591720581,217.8138542175293,263.3390808105469,-37.1588134765625,226.52273178100586,278.15463066101074,-32.98934459686279,222.19791412353516,284.1162872314453,-26.934032440185547
scissors,Right,230.86370468139648,329.8704242706299,-6.480874617409427e-05,263.0502128601074,314.2078971862793,-7.602118253707886,284.3450164794922,279.0154838562012,-11.689867973327637,298.5408401489258,256.40204429626465,-16.835051774978638,315.1813507080078,247.39030838012695,-22.119579315185547,246.98553085327148,233.57986450195312,-10.83648681640625,243.70647430419922,195.35828590393066,-21.18009328842163,241.95812225341797,171.73779487609863,-26.013219356536865,239.61254119873047,152.09830284118652,-29.679858684539795,225.79448699951172,236.72418594360352,-13.4359872341156,245.80997467041016,231.7443037033081,-33.89406204223633,254.36105728149414,263.4078598022461,-35.97875356674194,251.26445770263672,281.86866760253906,-32.286536693573,207.97588348388672,246.79038047790527,-16.827908754348755,230.2804183959961,247.03256607055664,-37.04944849014282,237.80054092407227,273.8057613372803,-32.41947412490845,233.94664764404297,286.01019859313965,-23.914170265197754,191.12777709960938,260.0042152404785,-20.784661769866943,211.69158935546875,257.9894828796387,-32.6740837097168,221.10328674316406,274.79945182800293,-28.17816972732544,219.16820526123047,282.8498840332031,-21.543262004852295
scissors,Right,229.82772827148438,328.9338970184326,-5.164674803381786e-05,263.00804138183594,314.7415065765381,-8.736999034881592,287.20386505126953,280.1891326904297,-12.482315301895142,304.25811767578125,258.30888748168945,-16.708924770355225,322.21057891845703,250.94032287597656,-20.99586248397827,251.44351959228516,234.77818965911865,-10.775208473205566,247.75789260864258,195.8093547821045,-20.754764080047607,245.6745719909668,172.56380081176758,-25.2469801902771,243.41703414916992,153.18437576293945,-28.776381015777588,230.35171508789062,238.1416940689087,-12.740358114242554,245.33775329589844,229.14713859558105,-32.41205453872681,253.32645416259766,261.54876708984375,-33.88521671295166,251.30243301391602,279.4614028930664,-30.011906623840332,210.76967239379883,247.4611759185791,-15.746541023254395,226.88594818115234,242.25668907165527,-36.56156778335571,235.27938842773438,270.9839916229248,-31.283435821533203,232.60700225830078,283.5516357421875,-22.378482818603516,190.95001220703125,260.02169609069824,-19.265390634536743,206.40974044799805,253.75940322875977,-32.53328561782837,216.89754486083984,272.49486923217773,-27.72796869277954,216.18518829345703,281.5296936035156,-20.889198780059814
scissors,Right,226.3016700744629,328.0289840698242,-3.6752094274561387e-05,260.4483222961426,315.1223945617676,-10.478463172912598,287.4376678466797,281.05058670043945,-14.216747283935547,307.3129653930664,258.79591941833496,-18.17314624786377,326.2036895751953,251.78890228271484,-22.374441623687744,252.1017074584961,236.9612216949463,-9.821121096611023,248.85662078857422,197.56361961364746,-19.644596576690674,246.98747634887695,174.0359115600586,-24.57850694656372,244.23583984375,154.0898609161377,-28.68018388748169,231.5518569946289,241.4952278137207,-10.979963541030884,241.7085075378418,226.8812370300293,-31.45075798034668,249.21270370483398,259.44165229797363,-34.122676849365234,247.54243850708008,277.3154354095459,-30.762827396392822,211.78342819213867,250.75756072998047,-13.423508405685425,221.3052749633789,239.5946216583252,-35.817458629608154,231.2395477294922,269.4902515411377,-31.247992515563965,230.1960563659668,282.6273536682129,-22.214055061340332,191.0805892944336,262.64159202575684,-16.37467622756958,201.22146606445312,250.31095504760742,-31.57644748687744,212.60292053222656,270.2193832397461,-27.295610904693604,213.37087631225586,280.8163261413574,-20.492520332336426
scissors,Right,222.82957077026367,324.2749214172363,6.044132305760286e-07,258.3968925476074,312.2816562652588,-12.861101627349854,287.7875328063965,281.34867668151855,-17.606163024902344,311.1483573913574,261.5309143066406,-22.403321266174316,331.9439697265625,255.77576637268066,-27.484536170959473,252.53690719604492,236.78493976593018,-9.784916639328003,250.07984161376953,196.37101650238037,-19.127533435821533,248.41508865356445,172.72765159606934,-24.283757209777832,246.19321823120117,152.78005599975586,-28.708393573760986,232.08663940429688,241.5593719482422,-10.241084098815918,235.49476623535156,224.02044296264648,-31.05008602142334,243.642578125,255.42245864868164,-35.30297517776489,245.73444366455078,274.61108207702637,-33.05332660675049,212.12947845458984,250.98770141601562,-12.160425186157227,215.2484893798828,236.3831377029419,-34.26005840301514,226.36537551879883,265.5029296875,-30.63760757446289,229.45499420166016,280.8318328857422,-22.204573154449463,191.11610412597656,262.4820327758789,-14.94652271270752,195.32955169677734,247.33391761779785,-30.290799140930176,206.82607650756836,266.45153045654297,-26.88760995864868,210.83829879760742,278.1283664703369,-20.672290325164795
scissors,Right,218.33465576171875,323.68675231933594,1.8387395357422065e-05,253.65171432495117,312.5305366516113,-14.498262405395508,282.93766021728516,281.28905296325684,-20.899670124053955,308.3638000488281,260.7746887207031,-27.12526559829712,332.41748809814453,255.72815895080566,-33.60050916671753,249.53365325927734,235.9242582321167,-11.733812093734741,246.3271141052246,195.14672756195068,-22.20172882080078,244.82471466064453,170.4670000076294,-28.323185443878174,242.42897033691406,149.7814178466797,-33.53503227233887,228.21699142456055,240.4046630859375,-11.890921592712402,229.234619140625,221.71736240386963,-33.942790031433105,237.55558013916016,254.60145950317383,-38.10445785522461,240.17189025878906,274.2162322998047,-35.50452947616577,207.54343032836914,249.98248100280762,-13.631607294082642,208.60040664672852,234.00396823883057,-36.94267988204956,220.2142333984375,264.99475479125977,-32.15515851974487,223.75410079956055,281.1021137237549,-22.52370595932007,186.42694473266602,261.7393112182617,-16.408416032791138,189.19876098632812,246.0201358795166,-32.63455152511597,200.65874099731445,266.8129634857178,-28.504517078399658,204.54866409301758,278.77017974853516,-21.447677612304688
scissors,Right,214.04346466064453,325.0685691833496,1.3955057056591613e-05,250.14244079589844,313.21191787719727,-15.057792663574219,279.3158149719238,281.5125274658203,-21.165742874145508,304.95861053466797,260.5051803588867,-26.899330615997314,329.1631317138672,254.56375122070312,-32.84310579299927,245.70758819580078,235.6006622314453,-12.472038269042969,241.99430465698242,194.5103931427002,-22.890443801879883,239.67226028442383,169.55248832702637,-28.925249576568604,236.4492416381836,148.5207223892212,-34.18123483657837,224.10037994384766,240.99995613098145,-12.310711145401001,222.50852584838867,222.10508823394775,-34.24086809158325,231.73492431640625,254.60821151733398,-38.52822542190552,235.90417861938477,274.06219482421875,-36.13433837890625,203.19610595703125,251.58010482788086,-13.77119779586792,201.82205200195312,235.28091430664062,-37.15417146682739,214.73299026489258,265.719051361084,-32.88312911987305,219.91439819335938,281.2503719329834,-23.733489513397217,182.3175048828125,264.27595138549805,-16.304885149002075,182.99488067626953,248.79841804504395,-33.002731800079346,195.46234130859375,269.1596031188965,-29.58885669708252,201.19380950927734,280.7486343383789,-23.088440895080566
scissors,Right,211.9788360595703,325.6032657623291,1.8553033669377328e-05,247.7773094177246,313.26587677001953,-16.043593883514404,275.80007553100586,281.3180923461914,-23.448853492736816,300.8237075805664,258.7898254394531,-30.468711853027344,325.91007232666016,252.0553493499756,-37.71611213684082,240.38984298706055,236.03143215179443,-13.909324407577515,235.0620460510254,194.99430656433105,-25.081393718719482,231.7886734008789,169.98295783996582,-31.664769649505615,227.79251098632812,149.0319585800171,-37.255356311798096,218.80321502685547,242.04294204711914,-13.712325096130371,216.18316650390625,222.6595115661621,-36.55369997024536,226.04045867919922,254.2862319946289,-41.32237434387207,230.6822395324707,273.7140369415283,-39.13642406463623,198.23205947875977,253.21043014526367,-15.162299871444702,196.26873016357422,236.71411514282227,-39.132936000823975,210.2075958251953,266.30066871643066,-35.0255560874939,216.13027572631836,282.03649520874023,-25.855000019073486,177.9049301147461,266.5195083618164,-17.769540548324585,178.1004524230957,250.65879821777344,-34.49568510055542,191.51960372924805,270.5361270904541,-30.934247970581055,198.11193466186523,282.35795974731445,-24.294235706329346
scissors,Right,211.4976692199707,325.70414543151855,2.8571448638103902e-05,246.53692245483398,312.5074768066406,-16.674588918685913,274.01241302490234,280.9907913208008,-24.791254997253418,299.517822265625,258.9224624633789,-32.5049352645874,324.8672866821289,251.2477970123291,-40.349321365356445,238.00405502319336,235.95515727996826,-14.487615823745728,231.9136619567871,194.53843116760254,-26.341428756713867,228.44457626342773,169.38796520233154,-33.31078290939331,224.57183837890625,148.1839370727539,-39.13259506225586,216.65700912475586,242.3650360107422,-14.382259845733643,213.55485916137695,223.14751625061035,-37.93922662734985,223.99309158325195,255.30584335327148,-42.759742736816406,229.44578170776367,274.50968742370605,-40.46700954437256,196.3353729248047,254.02765274047852,-16.048942804336548,194.03568267822266,238.11012268066406,-40.69714546203613,208.3327293395996,268.2160949707031,-36.23213291168213,214.77758407592773,283.54671478271484,-26.64287567138672,176.41887664794922,267.7562427520752,-18.965176343917847,175.97375869750977,252.9393482208252,-36.2893271446228,189.57599639892578,273.32244873046875,-32.5607967376709,196.42423629760742,284.9669551849365,-25.631844997406006
scissors,Right,210.8723258972168,326.73351287841797,3.339613385833218e-05,246.63938522338867,314.4806385040283,-17.383294105529785,274.66915130615234,282.4684524536133,-25.75488805770874,298.9641571044922,258.91819953918457,-33.55935096740723,323.8582229614258,251.9004249572754,-41.539244651794434,237.54152297973633,236.265606880188,-15.94747543334961,231.15236282348633,194.04057025909424,-28.005590438842773,227.72567749023438,168.64500045776367,-34.925527572631836,223.84233474731445,147.49096870422363,-40.61476230621338,215.82757949829102,243.24892044067383,-15.341711044311523,212.48991012573242,224.44141387939453,-39.18241024017334,223.43761444091797,256.41122817993164,-43.759093284606934,229.3682861328125,275.5758762359619,-41.21562957763672,195.53237915039062,254.91022109985352,-16.521037817001343,193.0815315246582,239.4969606399536,-41.45354747772217,208.1173324584961,269.40144538879395,-37.01394081115723,215.18325805664062,284.8912811279297,-27.31236696243286,175.64807891845703,268.51481437683105,-18.98728847503662,175.2021598815918,253.1576156616211,-36.43609046936035,189.53670501708984,273.5379409790039,-32.75028467178345,197.22993850708008,285.3402614593506,-25.76084852218628
scissors,Right,209.55890655517578,327.0564937591553,2.6286488719051704e-05,245.518798828125,314.44167137145996,-17.37499713897705,274.1908645629883,282.1586322784424,-25.18134117126465,298.54684829711914,259.0714359283447,-32.3393177986145,323.62926483154297,251.66430473327637,-39.62056636810303,236.6004753112793,236.90903663635254,-15.046899318695068,230.64899444580078,195.41888236999512,-26.864917278289795,227.15797424316406,170.07765769958496,-33.66385221481323,223.29351425170898,148.97272109985352,-39.24370527267456,215.21347045898438,243.8734531402588,-14.265902042388916,211.7485809326172,224.2478370666504,-37.9905104637146,222.5425148010254,255.9708595275879,-42.68423557281494,228.56939315795898,275.4264450073242,-40.105042457580566,195.06572723388672,255.53698539733887,-15.32507061958313,192.94183731079102,240.078706741333,-40.49120903015137,207.48104095458984,270.03201484680176,-36.41624927520752,214.2336082458496,285.38609504699707,-26.798341274261475,175.20627975463867,268.8947296142578,-17.623125314712524,175.50176620483398,253.44609260559082,-35.127737522125244,188.82349014282227,273.63261222839355,-31.637535095214844,195.47809600830078,285.1150703430176,-24.79511260986328
scissors,Right,209.42794799804688,328.6423873901367,3.521340886436519e-05,244.78900909423828,315.36197662353516,-16.75925850868225,272.09606170654297,282.5413227081299,-24.477863311767578,297.19926834106445,259.54856872558594,-31.79084539413452,322.14088439941406,251.88672065734863,-39.29981708526611,235.96160888671875,237.5886583328247,-14.47542428970337,229.98348236083984,195.79825401306152,-26.260528564453125,226.5763282775879,170.38098335266113,-33.286943435668945,222.71093368530273,149.18476581573486,-39.00222301483154,214.51414108276367,244.361572265625,-13.992877006530762,211.21932983398438,225.50341129302979,-37.69761800765991,222.2890281677246,257.03006744384766,-42.73482322692871,228.2392120361328,276.7342185974121,-40.41287899017334,194.1762924194336,255.99992752075195,-15.270426273345947,192.10128784179688,240.6661605834961,-39.709062576293945,206.64958953857422,270.0465774536133,-35.59420347213745,213.21002960205078,285.77585220336914,-26.091022491455078,174.35874938964844,269.6177101135254,-17.804290056228638,174.68772888183594,254.2148208618164,-34.45257902145386,188.14458847045898,273.8063907623291,-30.626220703125,194.8261260986328,285.4606246948242,-23.60567569732666
scissors,Right,208.2724952697754,328.67640495300293,2.5989236291934503e-05,243.6077880859375,315.5991840362549,-16.889654397964478,271.79561614990234,282.95677185058594,-24.9625825881958,296.2727928161621,259.6097660064697,-32.44394540786743,321.4078903198242,251.76541328430176,-40.01492977142334,234.9405288696289,237.73263931274414,-15.2278733253479,228.7840461730957,196.02421760559082,-27.06474542617798,225.32814025878906,170.64738750457764,-33.815927505493164,221.16296768188477,149.3290901184082,-39.45934295654297,213.46073150634766,244.542818069458,-14.691972732543945,210.8400535583496,226.06191158294678,-37.73303270339966,221.4816665649414,258.97318840026855,-41.60933017730713,226.5005874633789,277.3388957977295,-38.73440742492676,193.2420539855957,256.26505851745605,-15.954419374465942,191.35120391845703,241.37706756591797,-40.30015468597412,205.65034866333008,271.6519832611084,-35.04291534423828,211.39654159545898,285.77659606933594,-25.00349521636963,173.24901580810547,269.88990783691406,-18.467702865600586,173.40021133422852,255.02949714660645,-35.116589069366455,186.66563034057617,275.44384002685547,-30.590720176696777,192.4688720703125,286.1326789855957,-23.24641227722168
scissors,Right,208.09810638427734,329.34651374816895,1.9548606360331178e-05,243.66622924804688,316.3006782531738,-16.301056146621704,271.4820861816406,283.3878421783447,-23.82481575012207,295.8993721008301,260.2627658843994,-30.94721794128418,320.3605651855469,252.12979316711426,-38.26590538024902,234.39882278442383,238.4788942337036,-14.486345052719116,228.2935333251953,196.51911735534668,-26.258723735809326,224.76884841918945,171.2005376815796,-33.07692527770996,220.6719207763672,149.8582363128662,-38.716914653778076,213.13499450683594,245.2621078491211,-14.196232557296753,210.41994094848633,226.6527557373047,-37.48122453689575,221.11438751220703,258.9038944244385,-41.889939308166504,226.52406692504883,277.99198150634766,-39.37130689620972,192.96993255615234,257.1532917022705,-15.641083717346191,190.94676971435547,241.3871669769287,-40.142059326171875,205.3736114501953,271.37094497680664,-35.486204624176025,211.6794776916504,286.6000270843506,-25.79488754272461,173.15593719482422,271.06770515441895,-18.26528549194336,173.16444396972656,255.75665473937988,-35.26338338851929,186.9266700744629,276.0579299926758,-31.239941120147705,193.71950149536133,287.61168479919434,-24.155495166778564
paper,Right,240.30534744262695,309.6595287322998,0.0002230607788078487,276.74455642700195,291.4009094238281,-12.537931203842163,301.5722465515137,258.5333061218262,-16.386051177978516,320.2571105957031,232.8301477432251,-20.12338161468506,340.04161834716797,220.69840908050537,-23.95683765411377,268.1569290161133,207.7778720855713,-5.83501935005188,276.30102157592773,171.2669849395752,-12.759208679199219,279.82723236083984,147.99729824066162,-19.976608753204346,281.4337730407715,127.82870292663574,-26.25340700149536,243.99314880371094,205.60523986816406,-7.37646222114563,239.20984268188477,164.07959461212158,-13.537403345108032,236.43943786621094,138.9248514175415,-20.45727014541626,232.9360008239746,118.54721546173096,-25.922131538391113,223.4860610961914,212.27429866790771,-10.9732186794281,215.19208908081055,174.3896198272705,-18.93466591835022,211.01736068725586,149.43772315979004,-26.621336936950684,207.01509475708008,127.44538307189941,-32.140376567840576,205.56392669677734,226.8497085571289,-16.045982837677002,189.1045379638672,201.2986135482788,-25.236811637878418,178.19509506225586,184.2129135131836,-30.50029754638672,168.95280838012695,167.48398303985596,-33.839616775512695
paper,Right,239.77523803710938,309.8092460632324,0.0002222576949861832,275.50363540649414,291.1075973510742,-12.21522569656372,300.5134391784668,258.18697929382324,-16.38991117477417,320.07225036621094,232.79388427734375,-20.550944805145264,340.0794982910156,219.98445510864258,-24.844837188720703,267.3654556274414,207.8849172592163,-6.253716349601746,275.7197570800781,171.20295524597168,-13.656917810440063,279.37021255493164,147.81818389892578,-21.160171031951904,281.16344451904297,127.50165939331055,-27.60305166244507,243.27245712280273,205.50646305084229,-8.121067881584167,238.39860916137695,164.3347406387329,-14.678277969360352,235.43991088867188,139.2716646194458,-21.82462215423584,231.79550170898438,118.90388488769531,-27.470173835754395,222.73809432983398,212.05530166625977,-11.977837085723877,214.38167572021484,173.9844274520874,-20.07423162460327,210.11741638183594,149.27166938781738,-27.46835708618164,206.1996078491211,127.42263793945312,-32.83413887023926,204.99345779418945,226.68625831604004,-17.285553216934204,188.6093521118164,201.0100793838501,-26.443002223968506,177.8392219543457,183.8602638244629,-31.386966705322266,168.83209228515625,167.15457916259766,-34.48548078536987
paper,Right,239.7103500366211,309.576358795166,0.00021905510948272422,275.57117462158203,291.15795135498047,-11.93257451057434,300.33512115478516,257.9830741882324,-15.627329349517822,319.1607666015625,232.67385005950928,-19.334990978240967,338.6043930053711,219.97112274169922,-23.14647674560547,267.1140670776367,207.65074253082275,-5.817369222640991,275.7990074157715,171.02421283721924,-12.944295406341553,279.48856353759766,147.70095348358154,-20.240466594696045,281.17919921875,127.42318153381348,-26.56294584274292,242.81349182128906,205.30066967010498,-7.767519950866699,238.0345916748047,163.95584106445312,-14.198150634765625,235.2351951599121,138.7144660949707,-21.33413553237915,231.64409637451172,118.10445785522461,-26.979236602783203,222.25547790527344,211.8679904937744,-11.685793399810791,214.30707931518555,173.9855432510376,-19.74692940711975,210.53783416748047,148.9258575439453,-27.418038845062256,206.87944412231445,126.75710678100586,-32.98479080200195,204.44725036621094,226.48964881896973,-17.01988935470581,188.2986831665039,201.02837562561035,-26.234827041625977,177.47716903686523,183.96559238433838,-31.401054859161377,168.2514190673828,167.35347747802734,-34.680376052856445
paper,Right,240.1409912109375,309.15618896484375,0.000215701584238559,275.8631134033203,290.7681083679199,-11.899542808532715,301.149845123291,257.6224422454834,-15.593430995941162,320.2610397338867,232.69529342651367,-19.330276250839233,339.8163604736328,220.2125358581543,-23.253142833709717,267.6461410522461,207.11312770843506,-5.624620318412781,275.68166732788086,170.61993598937988,-12.51423954963684,279.30675506591797,147.478609085083,-19.638948440551758,281.231632232666,127.47771263122559,-25.82953929901123,243.53164672851562,205.0297451019287,-7.540712356567383,238.81643295288086,163.6307716369629,-13.609787225723267,236.08890533447266,138.41903686523438,-20.53656578063965,232.54838943481445,118.18715572357178,-26.077325344085693,223.2196807861328,211.8220567703247,-11.459407806396484,214.92734909057617,173.99834632873535,-19.19446110725403,211.0393524169922,149.0737009048462,-26.93394184112549,207.3146629333496,127.23692893981934,-32.61582851409912,205.57388305664062,226.49012088775635,-16.813713312149048,188.96377563476562,201.28136157989502,-25.87460994720459,177.98477172851562,184.15931224822998,-31.220378875732422,168.66912841796875,167.49133586883545,-34.69648838043213
paper,Right,240.5413055419922,308.99654388427734,0.00021522355382330716,276.5366554260254,290.13413429260254,-11.356030702590942,301.7173385620117,256.2513828277588,-14.615490436553955,321.17420196533203,231.2656831741333,-18.030043840408325,340.77430725097656,219.33428764343262,-21.715381145477295,267.6886749267578,207.12913513183594,-5.37850558757782,275.68132400512695,170.44615745544434,-12.404656410217285,279.26530838012695,146.9263744354248,-19.66327428817749,281.23191833496094,126.50093078613281,-25.98881244659424,243.54755401611328,205.08170127868652,-7.562493085861206,238.35735321044922,163.51143836975098,-13.822880983352661,235.64563751220703,138.0567741394043,-20.93130350112915,232.35652923583984,117.5336480140686,-26.630775928497314,223.22189331054688,211.81254386901855,-11.680477857589722,214.63491439819336,173.67090225219727,-19.57713484764099,210.15636444091797,148.5879135131836,-27.327585220336914,206.06529235839844,126.50432109832764,-33.02079439163208,205.68281173706055,226.49580001831055,-17.184572219848633,188.93447875976562,200.8538818359375,-26.298725605010986,177.8211784362793,183.77881050109863,-31.54756784439087,168.45569610595703,167.1167278289795,-34.97231483459473
paper,Right,241.8845558166504,308.1292533874512,0.00021654956071870402,277.5117301940918,289.28661346435547,-11.680787801742554,301.1225128173828,255.10754585266113,-15.19449234008789,319.53025817871094,229.6866273880005,-18.763036727905273,338.4538269042969,217.72852420806885,-22.6039981842041,266.9793701171875,206.59245014190674,-6.675828695297241,274.4342231750488,169.93349075317383,-14.172163009643555,277.3892402648926,146.46615028381348,-21.66769027709961,278.5885238647461,126.09060287475586,-28.135216236114502,242.69702911376953,204.86104488372803,-8.92150104045868,236.8659782409668,163.04729461669922,-15.81916093826294,233.9405059814453,137.2705078125,-23.134684562683105,230.40241241455078,116.36642217636108,-28.883812427520752,222.46917724609375,212.11861610412598,-13.053842782974243,212.78322219848633,173.75568866729736,-21.492834091186523,208.15587997436523,148.514986038208,-29.31790828704834,203.9051055908203,126.15225791931152,-34.96877431869507,205.40252685546875,227.46191024780273,-18.562246561050415,188.02776336669922,201.79664611816406,-28.143949508666992,176.7015838623047,184.46685791015625,-33.51559400558472,167.1514129638672,167.4803638458252,-36.98692321777344
paper,Right,242.7366828918457,308.87526512145996,0.0002045399924099911,277.0524787902832,288.3577537536621,-10.766280889511108,299.93885040283203,252.70342826843262,-14.121342897415161,318.1371307373047,226.57180309295654,-17.787694931030273,336.81671142578125,213.53429317474365,-21.867427825927734,264.56478118896484,205.89981079101562,-6.380341053009033,270.1706886291504,168.50256443023682,-14.016797542572021,272.37552642822266,144.8789405822754,-21.573691368103027,273.1782531738281,124.38689231872559,-28.077867031097412,240.8238983154297,205.01685619354248,-9.261701703071594,233.7214469909668,163.38565349578857,-16.420576572418213,229.8215675354004,137.49069213867188,-24.079439640045166,225.32556533813477,116.54399871826172,-30.08920431137085,221.32104873657227,212.89114952087402,-13.93073558807373,210.68939208984375,174.4140386581421,-22.437355518341064,205.03314971923828,148.6618137359619,-30.46065330505371,199.8318099975586,125.85187911987305,-36.33414268493652,205.07762908935547,228.84766101837158,-19.888306856155396,187.0114517211914,203.21574211120605,-29.522380828857422,175.2689552307129,185.8431100845337,-34.94552135467529,165.34889221191406,168.9392852783203,-38.48814010620117
paper,Right,243.3036994934082,307.34859466552734,0.00019458422684692778,276.9181251525879,285.9404754638672,-10.94585657119751,298.51619720458984,247.8508472442627,-14.896177053451538,315.84129333496094,220.9438133239746,-19.195547103881836,333.9338684082031,207.2861623764038,-24.10187005996704,262.29156494140625,204.4647216796875,-9.12449300289154,266.0561752319336,166.44571781158447,-18.22509527206421,267.2203254699707,142.17684745788574,-26.51413917541504,267.42053985595703,121.2246322631836,-33.470892906188965,239.62127685546875,204.90089893341064,-12.450934648513794,230.99435806274414,162.61090278625488,-21.0634446144104,225.88640213012695,135.77332019805908,-29.40122127532959,220.22939682006836,114.10781621932983,-35.875864028930664,221.6878318786621,214.07814502716064,-17.437632083892822,209.521484375,175.31136989593506,-26.739418506622314,202.83702850341797,149.14029121398926,-35.10056018829346,196.73789978027344,126.01953506469727,-41.31992816925049,207.2406005859375,231.11430644989014,-23.715193271636963,188.48426818847656,206.67725086212158,-33.9052677154541,176.3076400756836,189.24636840820312,-39.811108112335205,165.93936920166016,172.41379737854004,-43.82736682891846
paper,Right,245.59345245361328,307.00944900512695,0.00014574426131730434,277.4276351928711,284.3815040588379,-7.565944194793701,295.3803062438965,245.70985794067383,-10.037229061126709,308.5192680358887,219.03884410858154,-13.442727327346802,323.4578323364258,205.4263973236084,-17.774986028671265,262.53061294555664,203.15526008605957,-7.570140957832336,263.6317825317383,165.9878969192505,-16.858491897583008,263.87683868408203,142.174072265625,-25.32698631286621,263.3485984802246,120.94369411468506,-32.52201318740845,241.70692443847656,204.59715843200684,-12.86575436592102,231.0321807861328,162.12902069091797,-21.878504753112793,225.2218246459961,134.87932205200195,-30.726709365844727,218.75757217407227,111.88838481903076,-37.65599250793457,225.69292068481445,215.08471012115479,-19.473018646240234,211.73276901245117,176.51358604431152,-29.144561290740967,204.7950553894043,149.76244926452637,-38.04890155792236,198.1973648071289,125.68611145019531,-44.7863245010376,213.2036590576172,233.1331729888916,-27.01674222946167,193.56990814208984,208.86197090148926,-37.78984785079956,181.7064666748047,191.12548828125,-44.25804615020752,171.2518310546875,174.0754508972168,-48.803348541259766
paper,Right,245.87993621826172,304.34420585632324,0.00010130250302609056,277.0965385437012,280.09366035461426,-4.666644036769867,291.1551094055176,243.16363334655762,-7.093188762664795,300.9574317932129,217.78006553649902,-10.935524702072144,312.4652671813965,201.28639698028564,-15.978554487228394,262.567081451416,201.85040473937988,-8.536447882652283,260.964298248291,164.03071403503418,-19.382189512252808,260.8761787414551,140.3506565093994,-28.359365463256836,260.52135467529297,119.01161670684814,-35.6790566444397,245.78920364379883,204.76558685302734,-15.702308416366577,233.8215446472168,162.16981887817383,-26.135237216949463,227.69672393798828,134.83047008514404,-35.36457061767578,221.0174560546875,110.94157218933105,-42.615413665771484,232.81288146972656,217.09402084350586,-23.839805126190186,218.01824569702148,177.52378463745117,-34.88200902938843,210.66638946533203,151.07946395874023,-43.53713035583496,203.34060668945312,126.42931938171387,-50.07462024688721,223.19021224975586,236.64124488830566,-32.49654769897461,204.89072799682617,211.37917041778564,-45.070505142211914,194.6723175048828,192.96074867248535,-52.051124572753906,184.82049942016602,175.41614055633545,-56.81354522705078
paper,Right,244.31028366088867,299.3971824645996,7.772142453177366e-05,274.2765998840332,273.557653427124,-2.2917401790618896,285.06744384765625,237.9122829437256,-4.323317110538483,292.19738006591797,213.86615753173828,-7.886611223220825,299.36614990234375,196.2762451171875,-12.848057746887207,260.90843200683594,200.87561130523682,-9.500042796134949,258.0652046203613,161.74726009368896,-21.30098581314087,257.19539642333984,137.79371738433838,-30.108942985534668,256.44935607910156,116.82889223098755,-36.96375370025635,248.64601135253906,205.0978660583496,-18.010016679763794,237.53894805908203,162.13531494140625,-29.80891704559326,231.85216903686523,134.3562126159668,-39.89208698272705,225.56671142578125,109.98837232589722,-47.51070022583008,239.2950439453125,218.41087818145752,-27.04033613204956,226.08572006225586,178.44170093536377,-39.848830699920654,219.83972549438477,152.88888931274414,-49.226226806640625,213.6272430419922,128.40157985687256,-56.04945182800293,232.8392219543457,238.16107749938965,-36.06945276260376,218.12885284423828,214.01560306549072,-50.69051265716553,211.1488151550293,195.81436157226562,-58.36831092834473,204.58534240722656,177.8807258605957,-63.41814041137695
paper,Right,242.52546310424805,294.00352478027344,4.596055532601895e-05,271.89470291137695,269.70720291137695,-0.21558528766036034,278.33810806274414,235.1537561416626,-0.23079121485352516,279.7835922241211,211.70416831970215,-1.9791854918003082,284.5748519897461,192.64389038085938,-4.947816431522369,262.29564666748047,196.1084747314453,-2.6986101269721985,257.7037239074707,160.25327682495117,-12.532962560653687,256.1705780029297,136.95520877838135,-20.358562469482422,254.76465225219727,116.78107738494873,-26.259338855743408,253.00479888916016,199.38074111938477,-10.685375928878784,244.7889518737793,160.45007228851318,-20.258660316467285,240.68172454833984,133.26220035552979,-29.461615085601807,236.6634750366211,108.6051893234253,-36.25451326370239,245.5086898803711,211.4057207107544,-19.314643144607544,234.71012115478516,176.67938232421875,-29.809589385986328,230.26073455810547,153.5438632965088,-37.82054424285889,226.46163940429688,131.38601303100586,-43.50409507751465,239.71736907958984,230.45056343078613,-27.980632781982422,230.08777618408203,209.57274913787842,-38.869197368621826,228.08809280395508,193.9702606201172,-44.341115951538086,227.12270736694336,178.44607830047607,-47.9580020904541
paper,Right,232.46673583984375,293.01724433898926,3.833000391750829e-05,258.4324645996094,268.7181758880615,-1.4602604508399963,262.62828826904297,236.53849124908447,-1.9612091779708862,262.9160499572754,212.29315280914307,-4.086340367794037,266.1488342285156,192.90876388549805,-6.269187927246094,260.51025390625,199.91357803344727,3.3115342259407043,257.1487808227539,164.55456733703613,-4.271473586559296,254.79230880737305,140.21060943603516,-11.740113496780396,252.5537872314453,119.33817386627197,-17.7310848236084,253.66235733032227,201.0559844970703,-2.8973057866096497,250.99172592163086,162.92999267578125,-10.849277973175049,249.82633590698242,136.03219985961914,-18.83684515953064,248.36124420166016,112.56391525268555,-24.732024669647217,246.51906967163086,207.0248508453369,-10.434468984603882,245.47582626342773,171.1911106109619,-18.714492321014404,245.55513381958008,147.26892471313477,-24.174442291259766,245.10412216186523,126.87320709228516,-27.890751361846924,240.38818359375,217.05987453460693,-18.560750484466553,241.01282119750977,190.78883171081543,-26.078507900238037,242.04267501831055,172.40601539611816,-29.40502166748047,242.9316520690918,156.3846731185913,-31.611456871032715
paper,Right,223.0773162841797,293.3407688140869,0.00010500049029360525,250.2171516418457,268.96121978759766,4.173882305622101,261.26670837402344,238.5248565673828,3.039803206920624,271.6460418701172,216.87586784362793,-0.45725516974925995,279.726619720459,197.49286651611328,-5.228331685066223,244.37936782836914,209.6509838104248,-7.1893662214279175,251.05852127075195,169.58782196044922,-18.687039613723755,254.36622619628906,141.97291374206543,-26.616110801696777,255.4763412475586,120.06810665130615,-32.44811773300171,242.32288360595703,214.07366752624512,-18.19452404975891,248.8355255126953,169.36645030975342,-29.85862970352173,253.18410873413086,139.64877605438232,-39.487056732177734,255.4143524169922,114.31254386901855,-46.23201370239258,243.89888763427734,226.14150524139404,-28.794386386871338,252.22074508666992,185.23030757904053,-41.906113624572754,257.77469635009766,159.31145668029785,-51.23028755187988,261.3966751098633,136.67685985565186,-57.574687004089355,250.01333236694336,243.55304718017578,-38.615429401397705,261.7491340637207,223.3414363861084,-51.93198204040527,271.54380798339844,207.53641605377197,-58.344035148620605,280.97129821777344,193.3035707473755,-62.503089904785156
paper,Right,218.79817962646484,293.3935260772705,0.00018272325178259052,222.4195098876953,257.74718284606934,5.129491090774536,231.24692916870117,224.40781116485596,2.425677478313446,238.7002944946289,200.12719631195068,-2.088112086057663,241.0669708251953,180.6261920928955,-7.708536982536316,232.08229064941406,214.52243328094482,-17.667953968048096,242.9554557800293,168.48222255706787,-33.494393825531006,249.4544792175293,138.80867958068848,-42.23825454711914,253.4015655517578,115.37092924118042,-47.16525077819824,236.611328125,221.91002368927002,-28.898584842681885,252.50064849853516,172.61592864990234,-45.319204330444336,262.45595932006836,139.89991664886475,-54.68022346496582,269.54322814941406,113.49628686904907,-59.90958213806152,245.75077056884766,234.99760150909424,-38.846755027770996,262.7341842651367,190.24123191833496,-54.194960594177246,274.4171905517578,161.77964687347412,-62.792696952819824,283.46923828125,138.97650718688965,-67.38602638244629,259.1648292541504,251.89410209655762,-47.68563270568848,277.14202880859375,226.4054775238037,-61.23873710632324,289.7888946533203,210.24072647094727,-66.84425830841064,302.15492248535156,196.7213487625122,-69.536452293396
paper,Right,218.2670783996582,288.8283634185791,0.00020582079741870984,216.68424606323242,255.53772926330566,2.7101147174835205,222.16228485107422,221.40259265899658,-0.26432281360030174,224.51457977294922,196.14614009857178,-4.580914378166199,220.91217041015625,176.75103664398193,-9.758691191673279,232.52199172973633,207.94172286987305,-13.755724430084229,244.6881103515625,162.55053520202637,-26.018502712249756,250.92620849609375,134.78416442871094,-32.56458044052124,253.84403228759766,112.94039011001587,-36.32410764694214,242.21935272216797,215.9078550338745,-22.677109241485596,261.8307685852051,168.8377332687378,-34.53225374221802,272.1897506713867,139.37639236450195,-41.457953453063965,278.47814559936523,116.47449731826782,-45.59345722198486,254.1663932800293,230.0306510925293,-30.88918685913086,275.272216796875,187.76381492614746,-42.816810607910156,287.8196716308594,161.9426965713501,-49.7318696975708,296.5873146057129,141.5299129486084,-53.80136966705322,267.7342224121094,248.55016708374023,-38.29732656478882,290.8989143371582,225.40858268737793,-49.063706398010254,306.1390495300293,211.87856197357178,-53.113765716552734,319.16149139404297,199.94423389434814,-55.085225105285645
paper,Right,218.69277954101562,287.7933883666992,0.00015879226339166053,212.3993682861328,255.74495315551758,2.921881079673767,216.6762351989746,220.6215476989746,1.8434378504753113,219.9522590637207,193.72783184051514,-0.11898177675902843,211.66683197021484,175.80001831054688,-2.762863039970398,233.9581298828125,206.90590381622314,-10.952820777893066,245.09502410888672,161.81592464447021,-21.159498691558838,250.65326690673828,134.72153663635254,-26.424005031585693,252.63866424560547,113.722665309906,-29.383909702301025,246.78279876708984,214.80420112609863,-18.437926769256592,267.35164642333984,168.83296966552734,-28.135757446289062,278.5043525695801,140.5235767364502,-33.60018968582153,285.4260063171387,118.48570346832275,-36.86512470245361,260.2671241760254,227.78862476348877,-25.39278268814087,281.4006805419922,186.86126232147217,-35.89425802230835,294.2182922363281,162.42540836334229,-42.60542869567871,303.4672546386719,143.38571548461914,-46.597042083740234,274.1183853149414,244.12442207336426,-31.527998447418213,298.9488410949707,222.9365587234497,-41.41993999481201,314.6076202392578,210.5097484588623,-45.96768379211426,327.7068328857422,199.31223392486572,-48.45489501953125
paper,Right,219.5892333984375,286.9424057006836,0.00017674077753326856,207.4007225036621,255.6748867034912,-0.9644564986228943,208.10237884521484,221.02044582366943,-3.8277852535247803,209.03221130371094,193.8634729385376,-6.886022090911865,199.2232894897461,176.1253023147583,-10.804462432861328,233.2571792602539,204.32458877563477,-13.552827835083008,242.50158309936523,159.47487831115723,-23.039672374725342,247.79726028442383,132.50327110290527,-28.062615394592285,250.65217971801758,111.92316055297852,-31.113803386688232,250.09029388427734,211.25357151031494,-19.44235920906067,271.22264862060547,167.5137233734131,-28.456976413726807,283.0010414123535,140.10046005249023,-33.94369840621948,291.15861892700195,119.1079831123352,-37.4339485168457,265.01373291015625,224.35792922973633,-25.082828998565674,287.6421928405762,185.91510772705078,-35.65570592880249,302.08229064941406,162.53552913665771,-42.76537895202637,313.04399490356445,144.23212051391602,-47.110962867736816,278.0694007873535,241.37489318847656,-30.15925645828247,304.35192108154297,220.65216064453125,-40.30627727508545,321.2596893310547,208.98475170135498,-44.70203876495361,335.56610107421875,198.602614402771,-47.01699733734131
paper,Right,218.83583068847656,286.75649642944336,0.00017990922060562298,203.97029876708984,254.08289909362793,-0.6440818309783936,200.19996643066406,218.83014678955078,-3.6604565382003784,196.5310287475586,192.0438051223755,-6.930003762245178,185.97345352172852,175.71540355682373,-11.267672777175903,231.0383415222168,200.9366512298584,-12.71360993385315,238.07809829711914,157.25325107574463,-21.377928256988525,242.77593612670898,130.995454788208,-26.117494106292725,245.9002685546875,111.23806715011597,-29.01132583618164,249.3350601196289,208.14316749572754,-18.741098642349243,270.2094841003418,165.47369956970215,-26.372089385986328,282.16970443725586,139.071364402771,-31.311428546905518,290.76183319091797,119.2253065109253,-34.67071533203125,264.863224029541,221.7505931854248,-24.551448822021484,288.36530685424805,184.47223663330078,-33.841145038604736,302.8019905090332,160.77012062072754,-40.78935146331787,313.5826873779297,142.24338054656982,-45.31853199005127,277.8484344482422,239.3759822845459,-29.76761817932129,304.9824523925781,218.60196590423584,-38.71577024459839,322.4241638183594,206.64064407348633,-42.485647201538086,336.9511413574219,195.9770107269287,-44.5459508895874
paper,Right,218.74755859375,285.737886428833,0.00020134117221459746,200.52879333496094,253.86348724365234,-2.795998454093933,194.90942001342773,218.84490966796875,-7.039003968238831,189.7854232788086,191.62673950195312,-11.293208599090576,178.65278244018555,174.9973726272583,-16.53196930885315,228.8616943359375,198.9772367477417,-14.135874509811401,236.3824462890625,156.76377296447754,-23.252854347229004,241.38608932495117,130.86041450500488,-28.494446277618408,245.21944046020508,111.0751461982727,-31.781785488128662,248.42422485351562,206.97285175323486,-19.408921003341675,269.00035858154297,165.99843978881836,-27.131454944610596,281.50495529174805,139.81281280517578,-32.36311674118042,291.1827850341797,119.46995973587036,-36.10316753387451,264.32844161987305,220.79069137573242,-24.674746990203857,287.0975685119629,184.74140167236328,-34.53459978103638,301.74163818359375,161.02718353271484,-41.60244941711426,312.9740333557129,141.9385814666748,-46.1505126953125,276.7449378967285,237.9297637939453,-29.52716588973999,303.8298797607422,217.17945098876953,-38.9096474647522,321.2867736816406,205.16242504119873,-42.63148307800293,335.74657440185547,194.5166301727295,-44.615864753723145
paper,Right,218.6118507385254,286.31641387939453,0.00019649578462122008,199.08721923828125,254.73212242126465,-3.597154915332794,192.31287002563477,219.8043394088745,-8.313310146331787,185.64821243286133,192.10095405578613,-12.861056327819824,173.29404830932617,175.26110172271729,-18.329999446868896,228.23375701904297,199.0335988998413,-14.788249731063843,235.62959671020508,157.2951078414917,-23.864529132843018,240.31835556030273,131.26490592956543,-29.24239158630371,243.90594482421875,111.29553079605103,-32.60706901550293,248.91239166259766,207.14431285858154,-19.406834840774536,268.7246894836426,166.54706954956055,-26.557128429412842,280.75782775878906,140.07173538208008,-31.497769355773926,289.96129989624023,119.47389364242554,-35.15462875366211,265.2338981628418,220.76485633850098,-24.014978408813477,287.4399185180664,184.86156463623047,-32.91011571884155,301.7296028137207,161.23796939849854,-39.26915645599365,312.1765327453613,142.18477249145508,-43.48830223083496,277.3053550720215,237.21113204956055,-28.328633308410645,303.6585235595703,216.82024955749512,-36.60451889038086,320.2833938598633,204.34979438781738,-39.63449954986572,333.71166229248047,193.18624019622803,-41.225199699401855
paper,Right,218.29116821289062,286.6732692718506,0.0002012827098951675,197.98343658447266,255.09458541870117,-3.77228319644928,190.54372787475586,220.0620174407959,-8.76060664653778,183.35176467895508,192.08802223205566,-13.408112525939941,170.54569244384766,175.11144161224365,-18.934344053268433,227.59061813354492,198.6357593536377,-15.400583744049072,235.06366729736328,157.07359313964844,-24.16874408721924,239.713134765625,131.365327835083,-29.258568286895752,243.5254669189453,111.63900375366211,-32.47406721115112,248.6041259765625,207.05958366394043,-19.697818756103516,268.6860466003418,166.54306411743164,-26.29146099090576,281.03565216064453,140.4708480834961,-30.753469467163086,290.7716941833496,120.43493270874023,-34.19855833053589,265.0710868835449,220.9150743484497,-23.946974277496338,286.9376754760742,185.1211166381836,-32.36785411834717,301.2775993347168,161.75105094909668,-38.5137152671814,312.0125198364258,143.02339553833008,-42.716403007507324,277.2144889831543,237.37947463989258,-27.894670963287354,302.7717399597168,216.84800148010254,-35.904457569122314,319.0773582458496,204.55764770507812,-38.867220878601074,332.39959716796875,193.6648464202881,-40.47195911407471
paper,Right,217.0528221130371,286.32697105407715,0.00019478555259411223,197.24458694458008,255.07713317871094,-2.9545357823371887,190.44477462768555,220.30112743377686,-7.339556813240051,183.5008430480957,192.62193202972412,-11.610705852508545,171.06250762939453,175.6679105758667,-16.861881017684937,227.22694396972656,198.0025577545166,-13.907396793365479,235.0121307373047,157.15370178222656,-22.407546043395996,239.8466682434082,131.7105531692505,-27.394397258758545,243.84893417358398,112.15052604675293,-30.579228401184082,247.9344940185547,206.15429878234863,-18.563028573989868,268.2097816467285,165.98407745361328,-25.046908855438232,280.64823150634766,139.99162673950195,-29.558615684509277,290.3207015991211,120.08339881896973,-32.99925088882446,264.1945266723633,220.2073574066162,-23.17863941192627,286.6471862792969,184.7393560409546,-31.639389991760254,301.0414695739746,161.84296131134033,-37.83759593963623,311.5687561035156,143.49138736724854,-41.99117183685303,276.16641998291016,237.1867561340332,-27.42257595062256,302.5318908691406,216.75902366638184,-35.457091331481934,319.02801513671875,204.6137523651123,-38.454182147979736,332.3556900024414,193.86187076568604,-40.05274295806885
paper,Right,216.57567977905273,286.4220142364502,0.00020197994672344066,197.57633209228516,254.89871978759766,-3.3668041229248047,191.05518341064453,220.27812480926514,-7.963342666625977,184.61952209472656,192.82021522521973,-12.433221340179443,172.39389419555664,175.75312614440918,-17.815247774124146,227.15295791625977,198.67425441741943,-14.320489168167114,235.77146530151367,158.16899299621582,-23.32061529159546,241.1336898803711,132.81068801879883,-28.639471530914307,245.45392990112305,113.21554183959961,-32.016916275024414,247.59401321411133,206.98728561401367,-19.004629850387573,268.4044647216797,167.20991134643555,-26.071112155914307,281.40899658203125,141.23042106628418,-30.977206230163574,291.57909393310547,121.16326332092285,-34.63143348693848,263.8655090332031,221.06733798980713,-23.703861236572266,286.31587982177734,186.02239608764648,-32.666001319885254,300.7958984375,163.1144142150879,-39.0999960899353,311.52368545532227,144.65051651000977,-43.36287975311279,276.16771697998047,238.22258949279785,-28.08626651763916,302.42889404296875,218.19933414459229,-36.48404836654663,319.24659729003906,206.17708683013916,-39.66531991958618,333.0633544921875,195.41059970855713,-41.36704921722412
paper,Right,217.20325469970703,287.09601402282715,0.00020053234038641676,198.2857322692871,255.22567749023438,-3.6061349511146545,192.07120895385742,220.22706985473633,-8.408273458480835,185.72509765625,192.35529899597168,-13.029956817626953,173.2931900024414,175.03613948822021,-18.58497142791748,228.77262115478516,199.8032283782959,-14.623700380325317,237.53503799438477,158.7097692489624,-23.527679443359375,243.08517456054688,133.12697410583496,-28.812146186828613,247.55329132080078,113.44268560409546,-32.167932987213135,249.35890197753906,208.38242053985596,-19.192419052124023,270.164852142334,168.12754154205322,-26.226561069488525,283.268985748291,142.09904193878174,-31.06372594833374,293.41211318969727,122.04847812652588,-34.65935707092285,265.5852699279785,222.45028495788574,-23.76255989074707,288.1426811218262,186.63182258605957,-32.68378257751465,302.8074645996094,163.7101650238037,-38.947932720184326,313.54515075683594,145.2803134918213,-43.0818510055542,277.667179107666,239.2434024810791,-28.01776885986328,303.8064956665039,218.64213466644287,-36.35361671447754,320.53321838378906,206.9403076171875,-39.269587993621826,334.06829833984375,196.56339168548584,-40.77407360076904
paper,Right,217.5980567932129,286.52137756347656,0.0002004689486057032,199.1411590576172,255.18427848815918,-3.141423761844635,193.15021514892578,220.0824737548828,-7.334287166595459,186.99522018432617,192.37762928009033,-11.39930248260498,175.1820945739746,175.3703498840332,-16.330320835113525,229.98979568481445,198.7176275253296,-12.962026596069336,239.10612106323242,158.70354652404785,-21.09978199005127,244.6744728088379,133.65574836730957,-26.07438087463379,249.13869857788086,114.45080995559692,-29.323019981384277,249.8826026916504,207.2867774963379,-17.454416751861572,271.2112617492676,168.18908214569092,-23.737058639526367,284.4989204406738,142.7655029296875,-28.33287239074707,294.7733688354492,123.23704719543457,-31.85624122619629,265.66396713256836,221.48380279541016,-21.996889114379883,289.01126861572266,186.9215726852417,-30.44559955596924,303.9199447631836,164.42879676818848,-36.85969352722168,314.95262145996094,146.28132820129395,-41.18587017059326,277.68747329711914,238.48824977874756,-26.210174560546875,304.6672821044922,219.11540508270264,-34.3721866607666,321.7036819458008,207.65655040740967,-37.592365741729736,335.5931091308594,197.28461265563965,-39.37965631484985
paper,Right,217.44186401367188,286.0338592529297,0.00020137074898229912,199.19269561767578,254.37426567077637,-3.0927270650863647,193.48909378051758,218.912672996521,-7.009446620941162,187.79367446899414,191.228928565979,-10.804957151412964,175.85203170776367,174.46406364440918,-15.485937595367432,229.91792678833008,198.23242664337158,-12.84592866897583,239.27118301391602,157.97075271606445,-20.864033699035645,245.27935028076172,132.80520915985107,-25.696861743927002,250.17215728759766,113.66997957229614,-28.825969696044922,250.1129150390625,206.92151069641113,-17.390862703323364,271.5167236328125,167.7341079711914,-23.48325252532959,284.775333404541,142.1030330657959,-27.972276210784912,295.0048828125,122.39490509033203,-31.427123546600342,265.97110748291016,221.19399547576904,-21.99571132659912,289.45640563964844,186.99032306671143,-30.2093505859375,304.0496826171875,164.22464847564697,-36.58935308456421,314.8232078552246,145.8463954925537,-40.95929145812988,277.7461814880371,238.32794666290283,-26.299684047698975,304.41768646240234,219.86703872680664,-34.3199348449707,321.1944580078125,208.2545042037964,-37.5742769241333,334.86122131347656,197.7383852005005,-39.42829132080078
paper,Right,217.6461410522461,286.86169624328613,0.0001945990698004607,199.11895751953125,254.68231201171875,-2.8164026141166687,193.47991943359375,219.37318325042725,-6.528735160827637,187.9363250732422,191.60279273986816,-10.10576605796814,176.50957107543945,174.3581199645996,-14.541370868682861,229.90436553955078,198.94625186920166,-12.596089839935303,239.45917129516602,158.3690643310547,-20.56258201599121,245.40578842163086,132.9425811767578,-25.334832668304443,250.20288467407227,113.49871158599854,-28.372974395751953,250.04779815673828,207.64019966125488,-17.05329179763794,270.97558975219727,167.99909591674805,-22.965023517608643,284.2993354797363,142.311429977417,-27.272624969482422,294.7590446472168,122.6255750656128,-30.610249042510986,265.9747123718262,221.8280839920044,-21.544947624206543,288.70067596435547,186.74387454986572,-29.548499584197998,303.7432861328125,163.772292137146,-35.83401679992676,314.91865158081055,145.41661262512207,-40.14267444610596,277.82737731933594,238.69248390197754,-25.712201595306396,304.14066314697266,219.37362670898438,-33.50984573364258,320.9017562866211,207.78981685638428,-36.6568660736084,334.55345153808594,197.58204460144043,-38.42700719833374
paper,Right,217.40354537963867,284.9572563171387,0.0001929245627252385,199.69951629638672,253.5937213897705,-2.925713062286377,194.1956901550293,218.9588212966919,-6.88647985458374,188.4939193725586,191.57837390899658,-10.85087776184082,176.5267562866211,174.59619998931885,-15.714911222457886,230.62877655029297,197.67163753509521,-12.463126182556152,240.22544860839844,157.65772819519043,-20.885398387908936,246.1452293395996,132.62525081634521,-26.09375,250.87316513061523,113.34477424621582,-29.47340965270996,250.36720275878906,206.2072992324829,-17.184336185455322,271.2181282043457,167.39623546600342,-23.619751930236816,284.2197799682617,142.1672773361206,-28.319063186645508,294.2820167541504,122.50100612640381,-31.902520656585693,266.09018325805664,220.3120994567871,-22.01645851135254,289.0275573730469,185.82687377929688,-30.535993576049805,303.8803291320801,163.3117389678955,-36.92298412322998,314.83015060424805,144.99710083007812,-41.24753475189209,277.78955459594727,237.41140365600586,-26.56822443008423,304.36594009399414,218.66714000701904,-34.78053569793701,321.1387252807617,207.52726078033447,-37.99635887145996,334.7567367553711,197.5306749343872,-39.771175384521484
paper,Right,217.70015716552734,285.7338237762451,0.0001961588168342132,199.64488983154297,253.96596908569336,-2.843593955039978,194.27427291870117,218.84263515472412,-6.627065539360046,188.7772560119629,191.40665531158447,-10.332225561141968,177.0171356201172,174.48606491088867,-14.856001138687134,230.9752082824707,196.8121862411499,-11.717911958694458,240.5340576171875,157.33972549438477,-19.43863034248352,246.7677116394043,132.57986068725586,-24.243807792663574,251.73009872436523,113.76998662948608,-27.42272138595581,251.09039306640625,205.60256481170654,-16.35321855545044,272.1061325073242,167.06241130828857,-22.11252212524414,285.50424575805664,142.02582836151123,-26.56240224838257,295.989933013916,122.81693458557129,-30.038352012634277,266.8637275695801,220.11646270751953,-21.101644039154053,289.603271484375,186.11947059631348,-29.10733938217163,304.41139221191406,163.66307258605957,-35.469186305999756,315.40027618408203,145.67522048950195,-39.88128423690796,278.48432540893555,237.51561641693115,-25.54947853088379,304.65946197509766,219.37278270721436,-33.267316818237305,321.30767822265625,208.14117908477783,-36.4089560508728,334.8737335205078,198.06780338287354,-38.248112201690674
paper,Right,216.55702590942383,286.3658809661865,0.00019448616512818262,199.2299461364746,254.08184051513672,-2.14673712849617,194.4681167602539,218.5632848739624,-5.599709153175354,189.03179168701172,191.10310077667236,-9.122316241264343,177.24382400512695,174.298996925354,-13.536243438720703,230.71683883666992,197.99463272094727,-11.656538248062134,240.98262786865234,158.10288906097412,-19.46789860725403,247.42671966552734,133.24793815612793,-24.173667430877686,252.38670349121094,114.19341087341309,-27.230408191680908,250.25951385498047,206.89892292022705,-16.713134050369263,272.11490631103516,167.92413711547852,-22.815096378326416,285.9386444091797,142.6472282409668,-27.32938051223755,296.5926742553711,123.12432289123535,-30.763559341430664,265.6404495239258,221.29594802856445,-21.802761554718018,289.2055892944336,186.97222709655762,-30.06995916366577,304.54565048217773,164.2100715637207,-36.555140018463135,315.8853530883789,145.8368968963623,-40.97031593322754,276.99832916259766,238.44184398651123,-26.50564193725586,304.0337562561035,219.7078514099121,-34.401962757110596,321.2289810180664,208.26021194458008,-37.635884284973145,335.1991271972656,197.93025970458984,-39.52073097229004
paper,Right,218.63197326660156,284.6561908721924,0.00019749901184695773,200.3097152709961,252.90913581848145,-2.6687929034233093,195.13404846191406,218.22197914123535,-6.457957029342651,189.56533432006836,190.84283351898193,-10.08056640625,178.0000877380371,173.91438961029053,-14.602746963500977,232.2797393798828,197.2458028793335,-12.890955209732056,242.42128372192383,157.1418285369873,-20.569968223571777,248.69966506958008,132.3215103149414,-25.093135833740234,253.66867065429688,113.3484935760498,-27.987983226776123,252.4331283569336,206.25340461730957,-17.21897602081299,273.98807525634766,166.9106912612915,-22.757844924926758,287.2848701477051,141.7504119873047,-26.77401304244995,297.4549102783203,122.57569313049316,-29.96659755706787,268.0306625366211,220.86008548736572,-21.516668796539307,290.97789764404297,186.08376502990723,-29.16210174560547,305.87635040283203,163.54795932769775,-35.315985679626465,316.8082809448242,145.68862438201904,-39.64421987533569,279.30736541748047,237.99774169921875,-25.45867919921875,305.7239532470703,219.68772411346436,-32.97980785369873,322.54322052001953,208.37448120117188,-36.11525774002075,336.20277404785156,198.3346652984619,-37.97074556350708
paper,Right,217.67213821411133,286.0630989074707,0.00018955972336698323,200.7109832763672,253.73737335205078,-2.134743630886078,196.1354637145996,218.42441082000732,-5.7524484395980835,190.70541381835938,190.94487190246582,-9.45859432220459,179.38936233520508,173.9086675643921,-14.081165790557861,231.69538497924805,198.10097694396973,-12.106293439865112,242.35509872436523,158.17010879516602,-20.230660438537598,248.7721061706543,133.116774559021,-25.126028060913086,253.71200561523438,113.8819169998169,-28.23859453201294,251.3290023803711,206.79832935333252,-17.092392444610596,273.3726119995117,167.90130615234375,-23.165314197540283,287.0054626464844,142.703275680542,-27.50929594039917,297.2818374633789,123.35237503051758,-30.816268920898438,267.0302963256836,221.16929054260254,-22.0706844329834,290.9786033630371,186.78115367889404,-29.935386180877686,306.3911819458008,164.18944358825684,-35.976128578186035,317.50043869018555,146.13741874694824,-40.146918296813965,278.721923828125,238.3516788482666,-26.70936346054077,305.7707977294922,219.50988292694092,-34.25554037094116,322.79186248779297,207.87767887115479,-37.15068578720093,336.48033142089844,197.5737762451172,-38.75824689865112
paper,Right,218.40465545654297,285.60047149658203,0.00019610131857916713,201.29592895507812,253.59057426452637,-3.0425480008125305,196.59929275512695,218.55535984039307,-6.9465601444244385,191.6061019897461,191.0395860671997,-10.768435001373291,180.57979583740234,173.74019622802734,-15.410012006759644,232.17470169067383,199.08273696899414,-12.930316925048828,242.89731979370117,158.77859115600586,-21.2876296043396,249.65721130371094,133.38304996490479,-26.307852268218994,254.86698150634766,114.01399612426758,-29.48033571243286,251.9286346435547,207.66036987304688,-17.515451908111572,273.9731025695801,168.5087013244629,-23.89986753463745,287.69330978393555,143.01143646240234,-28.52686882019043,298.1779670715332,123.37275981903076,-31.989636421203613,267.61436462402344,221.67686462402344,-22.139670848846436,291.02176666259766,187.28163242340088,-30.366039276123047,306.4017105102539,164.38635349273682,-36.6829776763916,317.70925521850586,146.2313175201416,-40.97954750061035,279.29784774780273,238.47278594970703,-26.496737003326416,306.0441780090332,220.39940357208252,-34.288170337677,323.11004638671875,209.08892154693604,-37.33726739883423,336.9192123413086,199.12602424621582,-39.0267539024353
paper,Right,218.2301902770996,284.8839282989502,0.00018379885659669526,201.80259704589844,252.6924991607666,-2.1175406873226166,197.62958526611328,217.85512447357178,-5.364235043525696,193.16396713256836,190.70128440856934,-8.718918561935425,182.3764991760254,173.60791683197021,-13.000001907348633,233.50414276123047,198.57683658599854,-11.599847078323364,243.96038055419922,158.3730983734131,-19.59280490875244,250.71151733398438,133.29917907714844,-24.314372539520264,255.9099578857422,114.17934894561768,-27.34886646270752,252.89621353149414,207.14235305786133,-16.562936305999756,274.7150993347168,167.85022258758545,-22.719149589538574,288.18470001220703,142.6783561706543,-27.204792499542236,298.3484649658203,123.32708358764648,-30.583438873291016,268.1877136230469,221.50827884674072,-21.55287504196167,291.6048240661621,186.995587348938,-29.788315296173096,307.1062660217285,164.31838989257812,-36.151368618011475,318.5260772705078,146.18428230285645,-40.48446178436279,279.41822052001953,238.91600131988525,-26.18861198425293,306.36226654052734,221.01303577423096,-34.19968366622925,323.6766052246094,209.75908756256104,-37.47966289520264,337.76607513427734,199.6388053894043,-39.34840440750122
paper,Right,218.97720336914062,284.5759963989258,0.0001862760109361261,202.80899047851562,252.79335021972656,-2.3083828389644623,198.39019775390625,218.15726280212402,-6.058019995689392,193.95658493041992,190.99711418151855,-9.856809377670288,183.86428833007812,173.65702629089355,-14.6176278591156,234.07512664794922,199.31017398834229,-13.435746431350708,245.079345703125,158.7460470199585,-22.02352285385132,251.7640495300293,133.57219219207764,-26.948022842407227,256.76294326782227,114.38821077346802,-30.007104873657227,252.92633056640625,207.96276569366455,-18.32939863204956,275.32751083374023,168.31998825073242,-25.043554306030273,289.12132263183594,143.124418258667,-29.538304805755615,299.5565986633301,124.01721954345703,-32.86257982254028,268.0511474609375,222.27351665496826,-23.17800283432007,292.08457946777344,187.72258758544922,-31.771984100341797,307.9835319519043,165.15789985656738,-38.27403783798218,319.8987579345703,147.2951316833496,-42.66685962677002,279.4986343383789,239.62090015411377,-27.652993202209473,306.7652893066406,221.7619800567627,-36.03951930999756,324.3937301635742,211.03365898132324,-39.51469898223877,338.8954544067383,201.67266368865967,-41.444950103759766
paper,Right,217.40537643432617,286.0704231262207,0.00018708589777816087,202.8170394897461,254.09231185913086,-2.5970205664634705,199.70874786376953,218.6097764968872,-6.375538110733032,195.7076072692871,190.9448003768921,-10.16681432723999,185.34507751464844,173.37618827819824,-14.899789094924927,234.68568801879883,200.91203212738037,-13.295948505401611,245.50737380981445,159.90403175354004,-21.89756155014038,252.41689682006836,134.6048069000244,-26.879348754882812,257.6072883605957,115.34744024276733,-30.046591758728027,253.20917129516602,209.55230712890625,-18.231682777404785,275.9023666381836,169.79174137115479,-25.058186054229736,290.01914978027344,144.81350898742676,-29.695465564727783,300.6695556640625,125.86209297180176,-33.12776565551758,268.02330017089844,223.9348840713501,-23.169991970062256,292.55395889282227,188.70410442352295,-32.04691171646118,308.61902236938477,166.23511791229248,-38.65005970001221,320.78956604003906,148.3623504638672,-43.08502674102783,279.2083740234375,241.31967544555664,-27.74085760116577,306.8736457824707,223.17033290863037,-36.5345025062561,324.9422836303711,212.59045600891113,-40.20970821380615,339.8991394042969,203.2339382171631,-42.26400375366211
paper,Right,215.3411102294922,287.61056900024414,0.00017901669707498513,202.3917007446289,254.92807388305664,-1.0156750679016113,201.1739730834961,218.91075611114502,-3.859536647796631,198.67351531982422,191.44952774047852,-7.083006501197815,188.9280891418457,173.49992752075195,-11.270737648010254,234.65452194213867,202.07801342010498,-11.3369619846344,246.52202606201172,160.60747146606445,-19.90544319152832,253.63252639770508,135.01934051513672,-24.86673593521118,258.37337493896484,115.33329963684082,-28.061280250549316,252.31256484985352,210.3898286819458,-17.131892442703247,276.15306854248047,170.26617050170898,-24.264469146728516,290.7717704772949,144.93158340454102,-29.339494705200195,301.3348388671875,125.4274034500122,-32.965075969696045,266.63116455078125,224.6859312057495,-22.85628318786621,291.7332458496094,189.19973373413086,-31.956908702850342,308.1870460510254,166.53701305389404,-39.00660276412964,320.5270767211914,148.11683177947998,-43.7336540222168,277.61375427246094,242.58150100708008,-28.10297966003418,306.2088966369629,225.5610466003418,-37.034785747528076,324.9663543701172,215.17297267913818,-41.10927104949951,340.6189727783203,205.72879314422607,-43.472328186035156
paper,Right,214.88164901733398,287.8043746948242,0.0001629269536351785,204.29710388183594,254.9867820739746,0.8040642738342285,205.21957397460938,218.4939479827881,-0.7291526347398758,204.29405212402344,191.03271961212158,-2.8926125168800354,194.57599639892578,173.61063480377197,-5.993197560310364,234.6501922607422,204.12005424499512,-9.977648854255676,247.37258911132812,161.1485481262207,-18.00434947013855,254.61301803588867,135.13177871704102,-22.185232639312744,259.19397354125977,115.17529964447021,-24.81269598007202,251.5135955810547,211.88844680786133,-16.32499098777771,276.1151123046875,170.9542179107666,-23.576934337615967,290.49543380737305,145.40631294250488,-28.376047611236572,300.97423553466797,125.74793815612793,-31.692402362823486,266.03904724121094,225.7925033569336,-22.412192821502686,292.49412536621094,190.0268268585205,-31.5950870513916,309.0058898925781,167.3167848587036,-38.63515853881836,321.7527770996094,149.02307510375977,-43.29094886779785,278.01025390625,243.5006332397461,-27.84231424331665,307.7071189880371,226.62866592407227,-36.91314935684204,327.2687530517578,216.49402141571045,-41.23558044433594,344.041748046875,207.25536346435547,-43.75997066497803
paper,Right,214.77754592895508,288.8885307312012,0.0001507547221990535,206.2413787841797,256.1739921569824,0.9457030147314072,209.64698791503906,220.9257459640503,-0.6709794700145721,211.2178611755371,193.54177951812744,-2.9224732518196106,202.9383087158203,175.10042667388916,-5.948839783668518,236.59610748291016,207.17901706695557,-10.52039384841919,249.8834991455078,163.63423347473145,-19.415156841278076,256.9674301147461,137.17288970947266,-24.276371002197266,261.3745307922363,116.67086362838745,-27.32661247253418,252.06928253173828,214.09099102020264,-17.012267112731934,276.82342529296875,171.77905082702637,-24.864439964294434,291.20361328125,145.71189880371094,-29.867329597473145,301.31813049316406,125.68694114685059,-33.27769994735718,266.10307693481445,227.48757362365723,-23.216731548309326,293.42620849609375,190.39785861968994,-32.52843618392944,310.3318977355957,168.23610305786133,-39.28912401199341,323.1024169921875,150.72298049926758,-43.78211498260498,278.2314872741699,245.27137756347656,-28.83866310119629,308.50696563720703,228.86109352111816,-38.067994117736816,328.2167053222656,219.40049171447754,-42.428903579711914,344.95349884033203,210.88711738586426,-44.969611167907715
paper,Right,216.01844787597656,290.7380962371826,0.00015037821867736056,208.1930923461914,257.5685691833496,1.5136659145355225,212.11584091186523,222.27078437805176,0.22455638274550438,215.15209197998047,194.58974361419678,-1.6329425573349,207.3129653930664,176.0055112838745,-4.167783856391907,237.36682891845703,208.80456447601318,-11.831092834472656,251.9612693786621,165.31283855438232,-21.281726360321045,259.0945053100586,138.88373851776123,-26.321866512298584,262.91250228881836,117.96957492828369,-29.35770273208618,252.24809646606445,216.3579511642456,-18.364886045455933,277.6300239562988,173.71537685394287,-26.94777488708496,292.24599838256836,147.2142791748047,-32.33437538146973,302.2309684753418,126.55234336853027,-35.94089984893799,266.02380752563477,229.70892906188965,-24.434635639190674,293.31045150756836,194.13896083831787,-34.49423313140869,311.13243103027344,172.17656135559082,-42.013936042785645,324.51011657714844,154.8718500137329,-46.86886787414551,278.4438705444336,246.7811107635498,-29.763429164886475,309.5689010620117,231.47342205047607,-39.51952934265137,329.5672607421875,223.05184364318848,-44.4989013671875,346.4179992675781,215.6244707107544,-47.3967981338501
paper,Right,218.6031150817871,290.3035354614258,0.00013973058230476454,212.49719619750977,257.75922775268555,2.502008378505707,218.42315673828125,223.1105375289917,2.1728122234344482,222.90132522583008,196.13076210021973,1.2190204113721848,215.35272598266602,177.4028205871582,-0.2766806073486805,239.47702407836914,208.86998176574707,-10.03333568572998,253.0307960510254,165.65813541412354,-19.094178676605225,259.76343154907227,139.57231521606445,-23.683624267578125,263.11750411987305,119.17706966400146,-26.435821056365967,253.84979248046875,216.40013694763184,-16.666107177734375,277.9772186279297,173.39951992034912,-25.13760805130005,291.51655197143555,146.9934368133545,-30.38628339767456,300.52845001220703,126.22072219848633,-33.82885217666626,267.5397491455078,229.46183681488037,-22.830111980438232,293.3540153503418,193.71315479278564,-33.193886280059814,309.8002624511719,171.700758934021,-41.14229202270508,322.05810546875,154.28635597229004,-46.330552101135254,280.1547622680664,246.1343479156494,-28.147263526916504,309.5552444458008,233.72892379760742,-38.79152536392212,328.6444854736328,226.46955013275146,-44.78929042816162,344.80812072753906,219.8689842224121,-48.42928886413574
paper,Right,219.42840576171875,288.99621963500977,0.00014203309547156096,215.953369140625,255.97108840942383,3.071875274181366,221.77520751953125,221.72587394714355,2.3342524468898773,225.10150909423828,195.69919109344482,0.7187158614397049,217.95005798339844,176.97303771972656,-1.500493735074997,240.4673957824707,208.30108165740967,-9.975516200065613,252.2356414794922,165.53385257720947,-19.70962166786194,257.8682327270508,139.55835342407227,-24.862546920776367,260.12216567993164,119.01040077209473,-27.99010992050171,253.11256408691406,216.53114318847656,-17.52776861190796,275.9497261047363,173.3992052078247,-26.80971622467041,287.86914825439453,146.4693832397461,-32.774038314819336,295.4170036315918,125.02630233764648,-36.57838821411133,265.76648712158203,230.54504871368408,-24.573075771331787,290.4526901245117,194.3144130706787,-35.80889940261841,306.0699462890625,171.63811683654785,-44.26210880279541,318.04039001464844,153.63106727600098,-49.58915710449219,278.112850189209,248.02528381347656,-30.662713050842285,305.88029861450195,234.80512619018555,-41.792755126953125,324.22901153564453,227.6506233215332,-47.6657772064209,340.22979736328125,221.09393119812012,-51.086978912353516
paper,Right,220.35083770751953,287.9717445373535,0.00015718360373284668,216.95518493652344,255.2310562133789,1.9126370549201965,222.80988693237305,221.2208890914917,0.09025279432535172,226.32429122924805,195.0185251235962,-2.6884350180625916,219.8685646057129,176.34106636047363,-6.156362891197205,238.72190475463867,208.2666778564453,-11.001027822494507,250.01018524169922,165.3314208984375,-21.505494117736816,255.17061233520508,139.36663627624512,-27.19062328338623,256.8076515197754,118.81799697875977,-30.61387062072754,250.99061965942383,216.68970108032227,-18.507399559020996,272.25393295288086,174.03253555297852,-28.499021530151367,282.9834175109863,147.11565971374512,-34.85006093978882,289.46123123168945,125.46638488769531,-38.82552623748779,263.5134506225586,230.8782720565796,-25.604827404022217,287.0302963256836,195.1420783996582,-37.05148696899414,300.9819793701172,172.2970962524414,-45.15401363372803,311.3125419616699,153.80395889282227,-50.24393558502197,275.62110900878906,248.9036464691162,-31.92676067352295,301.5513801574707,236.0209608078003,-43.15005302429199,318.2996940612793,228.4010124206543,-48.67043972015381,332.85919189453125,221.19134902954102,-51.80402755737305
paper,Right,221.0965919494629,287.3339366912842,0.00017571017451700754,219.76865768432617,254.9809741973877,2.2695881128311157,226.05430603027344,221.05989933013916,0.009190518176183105,229.89830017089844,195.45071125030518,-3.259856402873993,226.69988632202148,175.80947399139404,-7.33881413936615,237.91587829589844,208.18974494934082,-12.919872999191284,248.27016830444336,165.23168563842773,-24.50993061065674,252.98023223876953,138.74844074249268,-31.11917018890381,253.88471603393555,117.38976001739502,-35.06553411483765,248.13032150268555,216.79040908813477,-21.06626033782959,267.9938316345215,173.46410751342773,-31.542344093322754,277.8943061828613,146.06905460357666,-38.48254203796387,283.7467384338379,124.52127456665039,-42.86158561706543,259.1628837585449,231.90373420715332,-28.52102518081665,281.61075592041016,195.2061653137207,-40.20221710205078,294.4458770751953,171.85150623321533,-48.2499885559082,303.98584365844727,153.0856418609619,-53.35291385650635,270.27496337890625,251.3583469390869,-35.08031129837036,293.7710952758789,238.06915283203125,-46.54780387878418,308.9856147766113,229.97564792633057,-51.48819446563721,322.5444793701172,222.31221199035645,-54.08240795135498
paper,Right,221.41801834106445,287.4324417114258,0.0001055976827046834,224.87611770629883,255.5610752105713,6.083950996398926,233.69882583618164,222.51664638519287,5.217772126197815,238.5293197631836,198.54060173034668,2.870433032512665,237.7375030517578,179.82783794403076,-0.7448182255029678,241.55858993530273,208.14947605133057,-14.113928079605103,250.6739616394043,166.47208213806152,-27.17517852783203,254.54113006591797,139.52399253845215,-34.48957443237305,255.0060272216797,118.0667495727539,-39.06142234802246,248.3360481262207,216.98574542999268,-24.824295043945312,264.3486022949219,173.93537521362305,-38.43771934509277,272.6152038574219,146.63789749145508,-46.630072593688965,276.95648193359375,124.6546983718872,-51.63541793823242,256.35616302490234,232.62313842773438,-34.302546977996826,275.17005920410156,196.71714305877686,-48.77164363861084,286.0869026184082,173.65767002105713,-57.93466567993164,293.7173652648926,154.37747955322266,-63.48184585571289,265.1631546020508,253.03828239440918,-42.312846183776855,284.69669342041016,238.5027551651001,-55.533738136291504,297.3630142211914,229.32146072387695,-61.479105949401855,308.3619689941406,221.05065822601318,-64.91664409637451
paper,Right,222.54934310913086,286.8992614746094,0.00010506157195777632,233.0210304260254,249.63272094726562,6.5312910079956055,247.3151397705078,216.01093769073486,4.133632183074951,259.12851333618164,191.32427215576172,0.08732181042432785,265.53022384643555,171.73717975616455,-5.557165145874023,245.2279281616211,208.04361820220947,-21.079237461090088,256.50047302246094,167.7910852432251,-37.850937843322754,261.19937896728516,141.45695686340332,-47.59108543395996,262.7660369873047,119.86212730407715,-53.64129066467285,248.14924240112305,217.94561862945557,-33.40250015258789,262.20876693725586,176.1088228225708,-51.13377094268799,269.14960861206055,147.15986251831055,-61.89749240875244,272.98126220703125,123.15962791442871,-68.7401533126831,253.78389358520508,234.71081256866455,-44.012160301208496,269.99752044677734,198.90888690948486,-61.75118923187256,279.0539360046387,173.67642402648926,-73.00889015197754,285.4466247558594,151.88678741455078,-79.94760990142822,261.6998863220215,256.0752582550049,-52.92946815490723,275.57640075683594,239.88224029541016,-69.87765312194824,284.763240814209,228.04660320281982,-77.87198543548584,293.6947250366211,217.55109786987305,-82.56536483764648
paper,Right,222.16968536376953,291.24049186706543,9.790281183086336e-05,236.91497802734375,258.0863285064697,5.550782680511475,252.2027587890625,229.78444576263428,3.1130361557006836,265.5598831176758,211.06577396392822,-1.6423523426055908,272.2698402404785,193.380446434021,-7.388639450073242,247.6586151123047,213.3645486831665,-11.67305588722229,257.1182632446289,172.95424461364746,-25.81491470336914,261.7855453491211,146.0800266265869,-34.900174140930176,263.9844512939453,124.27340984344482,-40.82720756530762,248.89305114746094,219.92408752441406,-23.8918137550354,260.75517654418945,178.02632331848145,-38.99317502975464,267.2272300720215,148.90597343444824,-49.678592681884766,270.92870712280273,124.63510036468506,-56.354079246520996,252.77755737304688,234.73551750183105,-35.048203468322754,267.2665786743164,198.72872829437256,-49.33202266693115,274.4955253601074,173.9537000656128,-58.357319831848145,279.24089431762695,151.78669452667236,-64.01038646697998,259.73388671875,255.46574592590332,-45.23672103881836,270.68233489990234,239.51703071594238,-58.71732711791992,277.62121200561523,227.13031768798828,-64.16142463684082,284.2672920227051,215.42474269866943,-67.06251621246338
paper,Right,225.34944534301758,290.8495616912842,6.685411335638491e-05,241.28707885742188,259.7762203216553,6.7164307832717896,254.3857765197754,233.1037473678589,5.7090818881988525,264.26319122314453,216.11413478851318,1.8125621974468231,267.8225517272949,199.50857162475586,-3.16742479801178,252.42372512817383,213.70468139648438,-5.333298444747925,260.5186462402344,175.7123851776123,-17.189066410064697,263.76245498657227,148.54259490966797,-25.332961082458496,265.02315521240234,126.83455467224121,-30.945732593536377,253.29345703125,218.9155626296997,-17.870945930480957,261.26176834106445,177.8402280807495,-29.14600133895874,265.81138610839844,149.12601470947266,-38.06225776672363,268.010196685791,124.62736129760742,-44.005141258239746,254.79751586914062,231.78050994873047,-29.88673686981201,264.4340133666992,197.14536666870117,-41.39270782470703,269.8602485656738,173.23106288909912,-49.83645439147949,272.8542900085449,151.0955286026001,-55.69523334503174,258.817138671875,251.22170448303223,-41.10851764678955,266.4140319824219,236.62237644195557,-52.40556240081787,269.57189559936523,224.04563426971436,-57.11738109588623,271.2770462036133,212.21124172210693,-60.00686168670654
paper,Right,231.66128158569336,291.8356704711914,4.5312676775211e-05,256.1868476867676,273.24291229248047,-0.3499258682131767,267.6171875,245.7279109954834,-2.098795473575592,271.45856857299805,223.16858768463135,-5.332363843917847,273.880615234375,201.85516834259033,-9.480316042900085,268.49853515625,213.53445053100586,-6.005756855010986,270.1516532897949,178.5618782043457,-17.16762661933899,269.79747772216797,152.94410705566406,-26.126267910003662,267.60061264038086,130.54515838623047,-32.772929668426514,265.58074951171875,216.0514783859253,-14.12036657333374,267.6454162597656,176.94693088531494,-24.811899662017822,267.58325576782227,147.38150596618652,-33.82090091705322,265.10547637939453,121.16060256958008,-40.62424659729004,260.7822608947754,225.17332077026367,-22.746598720550537,263.6724853515625,191.93508625030518,-33.65938425064087,263.43488693237305,168.8150453567505,-41.46045684814453,261.4552879333496,147.16907501220703,-47.312560081481934,255.91253280639648,239.12944793701172,-31.408166885375977,257.16949462890625,221.61749839782715,-42.83438682556152,258.3541488647461,207.68348693847656,-48.51569175720215,258.3851623535156,194.2972469329834,-52.45351314544678
paper,Right,241.84158325195312,291.03023529052734,-3.0744465675525134e-05,268.478946685791,272.7345085144043,2.3120349645614624,281.69189453125,242.45807647705078,1.40795037150383,289.0045738220215,220.63748359680176,-1.5075615048408508,294.0784454345703,202.2326374053955,-5.789241194725037,280.7808494567871,206.8183708190918,-6.948285102844238,278.3198356628418,167.81388759613037,-18.228048086166382,276.15821838378906,143.21199417114258,-26.97650671005249,272.4776268005371,122.85344123840332,-33.08937311172485,274.5055389404297,210.92528343200684,-16.59505844116211,270.32949447631836,168.76367568969727,-25.762791633605957,266.6337585449219,140.68081855773926,-33.36253643035889,261.10631942749023,118.20533752441406,-39.289610385894775,266.03759765625,223.23657989501953,-26.440019607543945,258.7919807434082,186.61644458770752,-35.480263233184814,253.71368408203125,162.45257377624512,-43.0134916305542,247.63832092285156,140.76613426208496,-49.16226387023926,256.2240791320801,241.89245223999023,-36.1248517036438,247.70681381225586,222.61412143707275,-46.234397888183594,242.17308044433594,209.50485706329346,-51.362318992614746,235.7122802734375,196.88683032989502,-55.06180286407471
paper,Right,242.99993515014648,293.8691997528076,1.4162077377477544e-05,273.706111907959,276.15245819091797,-2.5810810923576355,288.99911880493164,244.62767601013184,-5.369443297386169,299.8267936706543,223.43626499176025,-9.51241135597229,313.03253173828125,209.67232704162598,-15.01430869102478,280.0334930419922,204.46410655975342,-10.720616579055786,281.06096267700195,167.49947547912598,-21.739072799682617,281.5595817565918,144.1677188873291,-30.041215419769287,281.2198066711426,123.76489162445068,-36.746459007263184,270.57350158691406,207.43796825408936,-18.829563856124878,266.2541961669922,165.56518077850342,-29.3853497505188,264.0150260925293,138.887357711792,-37.981557846069336,260.56982040405273,114.94255542755127,-44.6630859375,260.6071090698242,219.90108489990234,-27.426815032958984,252.79117584228516,181.451096534729,-38.91373872756958,247.54426956176758,157.09261894226074,-48.019137382507324,241.92020416259766,133.28081130981445,-55.14136791229248,251.6158676147461,239.64636325836182,-36.14138841629028,238.92213821411133,219.2171859741211,-49.55988883972168,229.84893798828125,205.068998336792,-57.10869312286377,220.48212051391602,190.49238681793213,-62.37809181213379
paper,Right,244.96456146240234,295.903902053833,3.3109402011177735e-05,276.1141777038574,278.16813468933105,-2.3515647649765015,292.55056381225586,246.1361789703369,-3.9142942428588867,304.8037528991699,224.17635440826416,-6.812493801116943,316.7577362060547,210.6773042678833,-11.102367639541626,279.0894889831543,207.062087059021,-10.159916877746582,282.6261329650879,169.47843074798584,-20.394303798675537,284.55387115478516,146.167631149292,-27.68200397491455,285.35470962524414,125.86921691894531,-33.674020767211914,267.1762275695801,208.42210292816162,-17.80566692352295,263.71253967285156,167.0319700241089,-27.99006462097168,262.13470458984375,140.2500057220459,-36.2007212638855,259.14358139038086,116.2253737449646,-42.46245861053467,255.5787467956543,219.141583442688,-25.86534023284912,247.8978729248047,179.89890575408936,-37.22351551055908,243.16844940185547,154.94705200195312,-46.4475679397583,238.11649322509766,130.93358516693115,-53.488359451293945,245.31808853149414,237.4266242980957,-33.979830741882324,229.96007919311523,216.5183687210083,-47.89339542388916,219.16950225830078,202.1501111984253,-55.93212127685547,208.78135681152344,188.11580657958984,-61.269259452819824
paper,Right,245.9645652770996,296.46875381469727,7.746765732008498e-05,278.1878662109375,280.03077507019043,-4.998992681503296,297.8793144226074,248.85211944580078,-7.446455955505371,312.13857650756836,227.87554264068604,-11.05482816696167,325.7491683959961,215.67473888397217,-15.916680097579956,279.9860954284668,206.15927696228027,-10.42119026184082,282.92537689208984,169.60235595703125,-21.042017936706543,284.95296478271484,146.2415885925293,-29.111063480377197,286.2899398803711,125.53331851959229,-35.6919527053833,264.1389846801758,206.71690464019775,-17.126636505126953,258.6985206604004,166.20466232299805,-27.504024505615234,256.43184661865234,139.52098846435547,-36.31795883178711,253.39605331420898,115.9390640258789,-43.00858020782471,249.521484375,217.03555583953857,-24.617271423339844,239.1100311279297,179.03936862945557,-35.985095500946045,233.28685760498047,153.6888885498047,-45.294084548950195,228.02276611328125,129.9778175354004,-52.21615791320801,236.72740936279297,235.211763381958,-32.53135681152344,217.4825668334961,213.26318264007568,-46.03205680847168,205.67974090576172,198.0144453048706,-53.73763561248779,195.4180908203125,183.2151174545288,-58.75819683074951
paper,Right,246.8735122680664,298.2988929748535,0.0001234078808920458,280.83126068115234,282.9810619354248,-7.221952676773071,302.88368225097656,251.99277877807617,-9.660252332687378,318.17371368408203,229.98936653137207,-12.918078899383545,334.5944595336914,220.05532264709473,-17.14839220046997,277.9625129699707,206.59362316131592,-9.174559712409973,283.5230255126953,171.07718467712402,-18.27747344970703,286.3814163208008,148.0561065673828,-25.858359336853027,287.60433197021484,127.99272537231445,-32.31275796890259,258.6523628234863,205.49860954284668,-14.439300298690796,254.61729049682617,163.92950534820557,-23.611748218536377,252.5748634338379,137.40511894226074,-32.128422260284424,248.80638122558594,115.18701553344727,-38.64798307418823,242.11933135986328,213.85565757751465,-20.75871706008911,232.5859832763672,175.6409454345703,-31.06086492538452,227.28717803955078,150.1127815246582,-40.54929733276367,222.19654083251953,127.53893852233887,-47.48340129852295,227.8948974609375,230.27020454406738,-27.783219814300537,208.03909301757812,206.38492584228516,-40.11690139770508,195.01773834228516,189.61679935455322,-47.73251533508301,183.78643035888672,173.91786575317383,-52.73758888244629
paper,Right,247.2628402709961,299.37400817871094,0.00016723568478482775,282.6496887207031,284.82041358947754,-8.380069136619568,307.3868179321289,254.40645217895508,-11.010513305664062,325.1519775390625,233.00625801086426,-14.26770806312561,342.8532028198242,225.26214122772217,-18.27914834022522,280.1568031311035,206.52953624725342,-7.323199510574341,287.25271224975586,171.8895149230957,-15.014365911483765,290.52066802978516,149.88656044006348,-22.18086004257202,291.9260597229004,130.50996780395508,-28.435564041137695,258.41854095458984,203.64171981811523,-11.624585390090942,255.9539031982422,162.81423568725586,-19.096308946609497,254.6451759338379,137.2877025604248,-26.87918186187744,251.34986877441406,116.17679357528687,-32.95935392379761,239.29929733276367,209.90670204162598,-17.26089596748352,231.46581649780273,172.27010250091553,-26.322462558746338,226.9573211669922,147.04599380493164,-35.69908618927002,222.14000701904297,124.99405860900879,-42.521138191223145,221.99798583984375,224.3534517288208,-23.758134841918945,203.16457748413086,199.81438636779785,-34.38809871673584,190.36771774291992,183.67838859558105,-41.06491565704346,179.22061920166016,168.4494924545288,-45.52614688873291
paper,Right,248.76850128173828,299.05978202819824,0.00019254985090810806,284.3677520751953,285.2725410461426,-9.81971025466919,310.6053161621094,256.6751289367676,-13.119792938232422,329.1436004638672,235.8674669265747,-16.779358386993408,347.7328109741211,228.96841049194336,-20.900495052337646,282.2014045715332,206.56153678894043,-7.008147239685059,291.9622993469238,172.52614974975586,-14.245562553405762,296.16804122924805,151.01031303405762,-21.121082305908203,298.09118270874023,132.59376525878906,-27.02631711959839,259.4350242614746,202.95292854309082,-10.12917160987854,258.4572410583496,162.4929428100586,-16.937140226364136,257.9259490966797,137.75404930114746,-24.050345420837402,255.3144645690918,117.7674150466919,-29.599831104278564,239.547119140625,208.30018043518066,-14.796596765518188,232.37213134765625,171.4471435546875,-22.946858406066895,228.59516143798828,147.63379096984863,-31.42521619796753,224.7409439086914,126.93440437316895,-37.590088844299316,221.7425537109375,221.63723945617676,-20.555737018585205,203.88153076171875,197.36706733703613,-30.11451482772827,191.9633674621582,181.45697593688965,-36.11752986907959,181.90017700195312,166.31499767303467,-40.05378246307373
paper,Right,248.1941032409668,298.82686614990234,0.0002020291140070185,284.91891860961914,285.4142475128174,-10.386415719985962,311.8582344055176,257.00160026550293,-13.266650438308716,331.16329193115234,237.05572128295898,-16.43695831298828,350.59078216552734,230.5840301513672,-19.833390712738037,283.7151908874512,206.38246536254883,-4.639645218849182,294.56979751586914,173.81973266601562,-10.674194097518921,299.69987869262695,153.2315969467163,-17.04974055290222,302.30817794799805,135.8485507965088,-22.63392925262451,261.0885238647461,202.04857349395752,-7.061006426811218,261.22222900390625,162.63988494873047,-12.45321273803711,261.1344337463379,138.7213897705078,-18.85978102684021,259.13740158081055,119.81367588043213,-23.937907218933105,240.88491439819336,206.6240644454956,-11.296834945678711,235.2281951904297,170.77631950378418,-18.384073972702026,232.57413864135742,147.87601947784424,-26.439528465270996,230.04117965698242,127.9603385925293,-32.35456943511963,222.26261138916016,219.3698787689209,-16.77351951599121,205.15188217163086,196.058349609375,-25.426311492919922,193.75965118408203,180.63800811767578,-30.990841388702393,184.26193237304688,165.82208633422852,-34.66779947280884
paper,Right,247.926025390625,298.50820541381836,0.00020892701286356896,284.66508865356445,285.49564361572266,-11.330037117004395,312.12493896484375,257.2640132904053,-14.621576070785522,332.4175262451172,236.34803295135498,-17.992242574691772,352.6361846923828,229.88904476165771,-21.432459354400635,283.4844779968262,206.179461479187,-4.286095201969147,294.43634033203125,173.73460292816162,-9.970057010650635,299.72904205322266,153.40435981750488,-16.225087642669678,302.74669647216797,136.44847869873047,-21.744225025177002,261.0310173034668,201.92869663238525,-5.963447690010071,261.2901496887207,163.57614040374756,-10.962235927581787,261.18125915527344,140.25415420532227,-17.07924246788025,259.6445655822754,122.03141212463379,-21.924376487731934,240.77468872070312,206.21652603149414,-9.606745839118958,236.47815704345703,170.71547985076904,-16.465256214141846,234.67662811279297,148.0953311920166,-24.215223789215088,233.24115753173828,128.65957260131836,-29.89100456237793,221.96428298950195,218.6281156539917,-14.590792655944824,206.11934661865234,196.04244232177734,-22.92705774307251,195.54100036621094,180.89931964874268,-28.266654014587402,186.9721221923828,166.42138481140137,-31.75928831100464
paper,Right,249.31303024291992,298.52148056030273,0.0002079676960420329,285.43041229248047,285.17786979675293,-12.01616644859314,311.99811935424805,256.75397872924805,-15.487920045852661,331.79222106933594,234.6145534515381,-18.921605348587036,352.5648880004883,227.8045892715454,-22.280290126800537,282.82875061035156,205.99432468414307,-4.122465550899506,293.6616897583008,174.10603523254395,-9.694156646728516,298.71496200561523,153.96223068237305,-15.902529954910278,301.52671813964844,137.35977172851562,-21.381423473358154,260.34536361694336,202.00355529785156,-5.197398066520691,259.7510528564453,164.72396850585938,-10.030899047851562,259.2710494995117,142.4710464477539,-15.857094526290894,257.6035499572754,125.37849426269531,-20.43572187423706,240.35350799560547,206.49227142333984,-8.324444890022278,235.04440307617188,172.2385311126709,-14.929225444793701,232.91175842285156,151.0413694381714,-21.98737621307373,231.42642974853516,132.93580055236816,-27.114720344543457,222.12512969970703,219.11636352539062,-12.90687084197998,206.29920959472656,197.29565620422363,-20.831289291381836,195.94528198242188,182.8277349472046,-25.70629119873047,187.74871826171875,169.09489631652832,-28.80347967147827
paper,Right,249.9254035949707,298.25343132019043,0.00020670238882303238,285.3411674499512,284.8560047149658,-12.005424499511719,311.98829650878906,256.07468605041504,-15.293048620223999,332.11978912353516,234.15099620819092,-18.45232605934143,352.53902435302734,226.51110649108887,-21.610665321350098,282.6258087158203,206.2732458114624,-4.320678412914276,292.8733825683594,174.59232330322266,-9.751678109169006,297.773380279541,154.55354690551758,-15.890840291976929,300.7779884338379,137.92851448059082,-21.345231533050537,260.0280952453613,202.8196620941162,-5.3605228662490845,258.7129211425781,165.89183807373047,-9.943491220474243,258.19501876831055,143.6708164215088,-15.762572288513184,256.86962127685547,126.40457153320312,-20.47644853591919,240.19908905029297,207.77329444885254,-8.457930088043213,235.07427215576172,173.6145544052124,-15.008255243301392,233.19082260131836,152.22282886505127,-22.162604331970215,231.98236465454102,133.7508487701416,-27.47936725616455,222.16751098632812,220.49865245819092,-13.002550601959229,206.41735076904297,198.86260986328125,-21.138722896575928,196.08301162719727,184.49164867401123,-26.20023488998413,187.83138275146484,170.66818714141846,-29.490551948547363
paper,Right,249.85204696655273,297.99116134643555,0.00021119789380463772,285.40998458862305,284.12899017333984,-11.747530698776245,311.2288475036621,256.01566314697266,-14.946320056915283,330.5550003051758,234.07257556915283,-18.100743293762207,350.4352569580078,225.7333517074585,-21.146414279937744,281.0499382019043,206.06184482574463,-3.4151169657707214,291.042537689209,174.20637130737305,-8.727309107780457,295.6875991821289,154.12885665893555,-14.847890138626099,298.4348487854004,137.42221355438232,-20.22794485092163,258.53668212890625,202.684907913208,-4.430125057697296,257.3199653625488,166.0700798034668,-8.83697509765625,257.1477508544922,143.88586521148682,-14.540666341781616,256.1020088195801,126.72715187072754,-19.130828380584717,238.8125228881836,207.65135765075684,-7.528398633003235,233.23640823364258,173.92112731933594,-13.79069447517395,231.5127182006836,153.02541732788086,-20.64906358718872,230.50603866577148,135.15302181243896,-25.679702758789062,221.19579315185547,220.4109764099121,-12.090792655944824,205.4267120361328,198.94726753234863,-19.949136972427368,195.27816772460938,184.4224977493286,-24.830615520477295,187.2167205810547,170.60211181640625,-27.904441356658936
paper,Right,248.72976303100586,296.91590309143066,0.00020711364413728006,284.04449462890625,283.154239654541,-11.853336095809937,310.0785446166992,254.49070930480957,-15.198121070861816,329.10587310791016,232.20292568206787,-18.396185636520386,349.2557144165039,223.48570346832275,-21.50663137435913,279.98369216918945,205.16554355621338,-4.4199565052986145,289.732608795166,173.35309982299805,-10.101093053817749,294.179744720459,153.25203895568848,-16.32477879524231,296.8876075744629,136.5663242340088,-21.77621841430664,257.2645950317383,201.80078029632568,-5.4172950983047485,255.6688690185547,165.20258903503418,-10.249451398849487,255.14020919799805,143.09433460235596,-16.101046800613403,253.90295028686523,125.88817119598389,-20.793790817260742,237.4579620361328,206.81533813476562,-8.415471315383911,231.7671775817871,172.7171802520752,-15.05838394165039,229.4903564453125,151.87179565429688,-21.84100866317749,228.09314727783203,133.8175106048584,-26.807758808135986,219.84947204589844,219.69064235687256,-12.834585905075073,203.97502899169922,198.09090614318848,-20.963006019592285,193.7247085571289,183.7629747390747,-25.808908939361572,185.57132720947266,169.96766567230225,-28.829622268676758
paper,Right,246.96660995483398,296.98219299316406,0.00020333573047537357,282.69901275634766,283.22181701660156,-11.682409048080444,309.0578842163086,253.80549430847168,-14.635679721832275,328.5645294189453,231.66933059692383,-17.51023530960083,348.2744598388672,223.02539348602295,-20.308494567871094,279.14636611938477,204.32297229766846,-3.65016371011734,288.7148094177246,172.21059322357178,-8.91567587852478,292.8081512451172,152.03086853027344,-14.891272783279419,295.15933990478516,135.37857055664062,-20.224027633666992,256.43117904663086,201.12280368804932,-4.658887088298798,254.68639373779297,164.57558155059814,-9.230942726135254,253.98269653320312,142.50869750976562,-15.048693418502808,252.51596450805664,125.43025016784668,-19.732555150985718,236.53932571411133,206.18269443511963,-7.711533308029175,230.9156608581543,172.25757122039795,-14.245790243148804,228.80189895629883,151.2306261062622,-21.308183670043945,227.3374366760254,133.10222625732422,-26.489503383636475,218.69102478027344,218.95503044128418,-12.17578649520874,203.10617446899414,197.466402053833,-20.263080596923828,192.85284042358398,183.15905570983887,-25.290324687957764,184.5452117919922,169.41744804382324,-28.49381923675537
paper,Right,247.22726821899414,296.2063407897949,0.00020060870156157762,282.2747039794922,282.56738662719727,-12.285499572753906,308.7272644042969,254.06367301940918,-16.002442836761475,328.37825775146484,231.9420576095581,-19.518479108810425,348.16383361816406,222.84237384796143,-22.973806858062744,279.00903701782227,204.62453842163086,-5.173262357711792,288.1275939941406,172.33916759490967,-11.07631802558899,292.4052047729492,152.0738410949707,-17.397027015686035,295.05807876586914,135.22879600524902,-22.93954372406006,256.46961212158203,201.27325057983398,-6.184312105178833,254.48244094848633,164.23805236816406,-11.398621797561646,253.6019515991211,141.93577766418457,-17.48835325241089,252.02669143676758,124.69615459442139,-22.318673133850098,236.69281005859375,206.2807273864746,-9.22703504562378,231.2247657775879,171.4839506149292,-16.35299801826477,229.0522003173828,149.92143630981445,-23.588247299194336,227.60398864746094,131.29486083984375,-28.833773136138916,218.96482467651367,219.0505027770996,-13.68044376373291,203.1816864013672,196.91980361938477,-22.2879958152771,192.7467918395996,182.47544288635254,-27.466719150543213,184.2452621459961,168.65398406982422,-30.728204250335693
paper,Right,246.86429977416992,296.76578521728516,0.00020374158339109272,283.09085845947266,283.2728862762451,-11.696004867553711,309.37557220458984,254.50072288513184,-14.852964878082275,328.77685546875,232.24468231201172,-17.95216202735901,348.73008728027344,224.788498878479,-21.03229284286499,279.042911529541,204.8671531677246,-4.021714627742767,288.56401443481445,172.41482734680176,-9.531156420707703,292.9156494140625,152.11405277252197,-15.739737749099731,295.530948638916,135.195951461792,-21.2618088722229,256.58451080322266,201.59658908843994,-5.154211521148682,254.8935317993164,164.4320297241211,-9.965448379516602,254.4884490966797,142.12735176086426,-15.983825922012329,253.27301025390625,124.75117206573486,-20.821051597595215,236.8145751953125,206.51297092437744,-8.290090560913086,231.1836051940918,172.23416805267334,-14.96495246887207,229.21913146972656,150.81287384033203,-22.24400043487549,227.8416633605957,132.4767780303955,-27.569832801818848,218.9852523803711,219.08629417419434,-12.831673622131348,203.56060028076172,197.06504344940186,-20.935661792755127,193.38403701782227,182.5409173965454,-26.034672260284424,185.06088256835938,168.78157138824463,-29.333417415618896
paper,Right,246.60400390625,296.1961555480957,0.00020731133190565743,282.7828788757324,282.71020889282227,-12.034988403320312,309.2080307006836,254.61004257202148,-15.536553859710693,328.6250686645508,232.52809524536133,-18.958526849746704,348.73600006103516,224.59678173065186,-22.321524620056152,279.1861915588379,204.79920387268066,-4.252730309963226,288.90869140625,172.56959438323975,-9.991350173950195,293.3418083190918,152.14098930358887,-16.273525953292847,296.16260528564453,135.33262252807617,-21.79854393005371,256.58714294433594,201.10410690307617,-5.28748095035553,254.90503311157227,164.03961181640625,-10.302318334579468,254.37885284423828,141.71530723571777,-16.311802864074707,253.25725555419922,124.55394744873047,-21.057870388031006,236.67335510253906,205.80440998077393,-8.37897777557373,230.94026565551758,171.3054370880127,-15.234636068344116,229.09608840942383,149.75037574768066,-22.42891788482666,228.14844131469727,131.2752628326416,-27.656526565551758,218.8294219970703,218.4584140777588,-12.90361762046814,203.11798095703125,196.6120719909668,-21.206881999969482,192.88700103759766,182.06066608428955,-26.297829151153564,184.72286224365234,168.23560237884521,-29.52031373977661
paper,Right,246.44577026367188,297.2897243499756,0.00022109092242317274,281.9083595275879,283.70598793029785,-12.537219524383545,308.9656448364258,255.86929321289062,-16.437649726867676,328.90419006347656,234.20668601989746,-20.134661197662354,348.7803268432617,225.76902866363525,-23.734817504882812,279.2647933959961,205.06938457489014,-5.2104902267456055,289.1472625732422,172.14451789855957,-11.258642673492432,293.8028335571289,151.60829544067383,-17.762826681137085,296.6966247558594,134.29673194885254,-23.38073492050171,256.7099952697754,201.5608835220337,-6.185852885246277,255.91581344604492,164.0455198287964,-11.37308955192566,255.47657012939453,141.11977100372314,-17.559056282043457,254.11775588989258,122.93206214904785,-22.439751625061035,236.75016403198242,206.46729469299316,-9.231485724449158,231.4848518371582,171.66449546813965,-16.29604458808899,229.24798965454102,149.9856662750244,-23.634371757507324,227.6169204711914,131.24948501586914,-28.882007598876953,218.6336898803711,219.23742771148682,-13.728262186050415,202.99163818359375,196.88422679901123,-22.155823707580566,192.6446533203125,182.3078155517578,-27.247591018676758,184.23965454101562,168.30458164215088,-30.419065952301025
paper,Right,245.8775520324707,297.50149726867676,0.00022677199012832716,281.6152763366699,284.10447120666504,-12.667303085327148,308.8131332397461,256.1686420440674,-16.93987011909485,328.96312713623047,234.28597927093506,-20.9629487991333,349.8198699951172,227.11637020111084,-24.98199701309204,279.0047073364258,205.7219123840332,-6.814407110214233,289.4643211364746,172.35557556152344,-13.570986986160278,294.1255569458008,151.41240119934082,-20.383586883544922,297.05299377441406,133.88291358947754,-26.20048761367798,256.14734649658203,201.9750738143921,-7.976757884025574,255.8171844482422,163.84816646575928,-14.034950733184814,255.55974960327148,140.31509399414062,-20.717806816101074,254.3841552734375,121.54191970825195,-25.896408557891846,235.9075164794922,206.76363945007324,-11.071937084197998,230.94167709350586,171.27795696258545,-18.712613582611084,229.02896881103516,149.05590534210205,-26.408121585845947,227.84723281860352,129.801607131958,-31.903202533721924,217.64432907104492,219.6151828765869,-15.577239990234375,202.16785430908203,197.0484495162964,-24.385762214660645,191.93744659423828,182.2536277770996,-29.70160722732544,183.79817962646484,168.05150985717773,-33.03325891494751
paper,Right,246.51010513305664,298.04712295532227,0.0002483802745700814,281.03240966796875,284.24692153930664,-14.203969240188599,308.0552673339844,257.91011810302734,-20.12540578842163,328.4896469116211,237.21270561218262,-25.653386116027832,349.9958038330078,230.4049301147461,-31.08184814453125,279.3089294433594,206.145601272583,-9.142086505889893,290.05077362060547,171.8954086303711,-17.298882007598877,295.0738334655762,150.2585220336914,-25.080151557922363,298.4298324584961,131.67972564697266,-31.45591974258423,256.5132713317871,202.08716869354248,-10.153019428253174,256.66675567626953,163.3558988571167,-17.243481874465942,256.78979873657227,139.28838729858398,-24.394593238830566,256.21179580688477,119.77375745773315,-29.81797456741333,236.26171112060547,206.88732147216797,-13.195290565490723,231.85102462768555,171.33373260498047,-21.43739938735962,230.5002784729004,148.74180793762207,-29.098212718963623,230.0197982788086,129.07846927642822,-34.467835426330566,218.00228118896484,219.95995044708252,-17.825372219085693,202.79964447021484,197.1763515472412,-26.795873641967773,192.6471710205078,182.09755897521973,-31.922943592071533,184.6129035949707,167.52845764160156,-35.062148571014404
paper,Right,247.01087951660156,298.8159656524658,0.00024658940674271435,280.8749771118164,285.6087398529053,-13.807985782623291,307.742919921875,259.443998336792,-19.655816555023193,329.22229766845703,239.6379804611206,-25.149447917938232,350.4859161376953,233.22369575500488,-30.655288696289062,279.8280906677246,207.8001594543457,-9.485918283462524,290.9411811828613,173.82216453552246,-17.6718008518219,296.36234283447266,152.32014656066895,-25.357515811920166,299.902286529541,134.0360927581787,-31.631271839141846,256.97561264038086,203.3679485321045,-10.781117677688599,257.5204849243164,163.50680351257324,-17.960788011550903,258.1385040283203,139.35153007507324,-25.132784843444824,257.9323959350586,119.82083559036255,-30.563969612121582,236.63040161132812,207.9014539718628,-14.005504846572876,232.4456787109375,171.50826930999756,-22.29731321334839,231.6733169555664,148.54751586914062,-30.090417861938477,231.66715621948242,128.69712352752686,-35.57647705078125,218.2644271850586,220.5543565750122,-18.730839490890503,203.18740844726562,197.25308418273926,-27.65486478805542,193.24542999267578,181.73209190368652,-32.70241975784302,185.40542602539062,166.80171489715576,-35.85645914077759
paper,Right,247.38481521606445,300.2875328063965,0.00026286601496394724,281.4602851867676,286.67229652404785,-15.081250667572021,308.4007263183594,261.32975578308105,-22.070376873016357,330.70262908935547,242.10505485534668,-28.52473258972168,352.74784088134766,236.22207641601562,-35.0013542175293,279.791259765625,209.55182075500488,-11.538645029067993,290.75374603271484,175.29805183410645,-20.782194137573242,296.41809463500977,153.20021152496338,-29.18252944946289,300.3081703186035,134.17779922485352,-35.90729475021362,256.9499206542969,204.90117073059082,-12.592841386795044,257.241268157959,164.73751544952393,-20.745360851287842,257.8584861755371,139.65814590454102,-28.399181365966797,257.7713394165039,118.82960557937622,-34.14304733276367,236.57636642456055,209.49777603149414,-15.649532079696655,232.6228904724121,172.83748626708984,-24.66897487640381,231.85344696044922,149.09165382385254,-32.627830505371094,231.8374252319336,128.3428144454956,-38.13239097595215,218.4609031677246,222.19512462615967,-20.32270908355713,203.63479614257812,198.2034730911255,-29.66928720474243,194.00062561035156,181.89670085906982,-34.81342792510986,186.47443771362305,166.20308876037598,-37.99851417541504
paper,Right,246.590576171875,301.86939239501953,0.0002769636921584606,279.825496673584,289.2937660217285,-16.86790943145752,306.85009002685547,265.2759075164795,-25.310688018798828,330.4496765136719,247.19647407531738,-32.91968107223511,353.1773376464844,241.32740020751953,-40.50361633300781,279.53746795654297,212.76971340179443,-14.647048711776733,290.93774795532227,178.54997634887695,-25.202839374542236,297.0326232910156,156.22896194458008,-34.42431926727295,301.5265655517578,136.6917371749878,-41.651105880737305,256.81224822998047,207.24759578704834,-15.21648645401001,257.1657943725586,166.91784381866455,-24.441850185394287,257.3835563659668,141.20404243469238,-32.699737548828125,257.17334747314453,119.39384937286377,-38.85047674179077,236.50081634521484,211.37815475463867,-17.822682857513428,232.98948287963867,174.031720161438,-27.71122455596924,232.04139709472656,149.7013807296753,-35.97057819366455,231.79481506347656,127.931227684021,-41.620450019836426,218.49349975585938,223.90790462493896,-22.15285062789917,204.1168212890625,199.47052001953125,-32.14242458343506,194.6378517150879,182.86457061767578,-37.46810436248779,187.1611785888672,166.59054279327393,-40.709261894226074
paper,Right,245.97116470336914,302.94445037841797,0.0002951698479591869,279.2927551269531,291.39415740966797,-17.930625677108765,306.3626289367676,269.818811416626,-27.661490440368652,329.5596694946289,253.35179328918457,-36.34652376174927,353.07525634765625,247.6564121246338,-45.10124683380127,278.72623443603516,216.10869884490967,-17.387741804122925,290.96553802490234,182.27322578430176,-28.984239101409912,297.7320098876953,159.88869667053223,-38.717520236968994,302.6786422729492,140.0357151031494,-46.22536659240723,256.08245849609375,209.98766899108887,-17.9093337059021,256.54850006103516,168.86638641357422,-28.089957237243652,256.96632385253906,142.70513534545898,-36.75605058670044,256.8289375305176,120.33079147338867,-43.1679630279541,235.5434799194336,213.96964073181152,-20.431101322174072,231.8747329711914,175.6559658050537,-31.449203491210938,231.0944938659668,150.81416130065918,-40.170207023620605,230.85382461547852,128.4121799468994,-45.98087787628174,217.35723495483398,226.3205909729004,-24.629602432250977,202.41127014160156,201.026873588562,-35.715463161468506,192.86460876464844,183.94615173339844,-41.43545627593994,185.23876190185547,166.92755699157715,-44.84842300415039
paper,Right,244.9859619140625,304.8438549041748,0.00030497518309857696,277.84170150756836,294.13707733154297,-18.844890594482422,304.93473052978516,273.5796546936035,-29.47300672531128,328.1444549560547,258.07969093322754,-38.96811246871948,353.0742645263672,254.70062255859375,-48.61251354217529,277.97767639160156,220.3210973739624,-19.256654977798462,290.8622741699219,187.41371154785156,-31.608967781066895,297.9118537902832,165.1166296005249,-41.657161712646484,303.00586700439453,145.40857315063477,-49.318480491638184,255.15583038330078,213.44083786010742,-19.69639778137207,256.1406135559082,172.0379877090454,-30.694925785064697,257.0656967163086,145.7563877105713,-39.43192005157471,257.22171783447266,123.42870712280273,-45.717315673828125,234.31371688842773,217.12383270263672,-22.156977653503418,230.27389526367188,178.2169532775879,-33.946356773376465,229.23564910888672,153.0380630493164,-42.81660556793213,228.87548446655273,130.35274028778076,-48.55435371398926,215.8574104309082,229.29224967956543,-26.33033275604248,200.32962799072266,203.4444522857666,-37.89733171463013,190.58725357055664,186.35932445526123,-43.6729621887207,182.72918701171875,169.21854972839355,-47.061781883239746
paper,Right,244.14621353149414,307.4076747894287,0.0003175807432853617,276.2604522705078,297.3053455352783,-20.274746417999268,302.84912109375,278.01063537597656,-32.35989809036255,326.2060546875,264.17999267578125,-43.03731441497803,351.52095794677734,262.3356056213379,-54.03083801269531,274.6656036376953,225.91175079345703,-23.051810264587402,287.6592254638672,193.37822914123535,-36.63599729537964,295.08562088012695,171.14707946777344,-47.306365966796875,300.6722068786621,151.17213249206543,-55.35494804382324,251.76258087158203,218.82625579833984,-23.14445972442627,251.91598892211914,176.97707176208496,-35.220932960510254,252.57352828979492,150.5752944946289,-44.34308052062988,252.6554298400879,128.01777362823486,-50.978522300720215,231.02500915527344,222.49895095825195,-25.212109088897705,226.4621353149414,183.38150024414062,-37.926623821258545,225.0815200805664,157.4503755569458,-47.23419189453125,224.27814483642578,134.18482303619385,-53.31191062927246,212.75297164916992,234.45127487182617,-29.026660919189453,196.39911651611328,208.39337825775146,-41.343655586242676,186.21923446655273,190.80957412719727,-47.53561496734619,177.86705017089844,173.06805610656738,-51.29659175872803
paper,Right,242.37646102905273,308.2206344604492,0.00031594860047334805,274.29473876953125,298.1954097747803,-20.40330410003662,301.29011154174805,279.774112701416,-33.23242902755737,325.21514892578125,267.28139877319336,-44.629273414611816,350.95104217529297,265.77152252197266,-56.46545886993408,273.9896011352539,229.4161033630371,-25.471863746643066,287.5159454345703,197.61327266693115,-40.239014625549316,295.5653953552246,175.83210468292236,-51.537275314331055,301.6238021850586,155.81844806671143,-59.91477012634277,250.70894241333008,222.25145816802979,-25.914323329925537,251.02468490600586,180.27578830718994,-38.994548320770264,251.9133186340332,153.75226020812988,-48.40156078338623,252.09823608398438,130.75979232788086,-55.23632526397705,229.5301628112793,226.0087251663208,-28.23704719543457,224.5646095275879,186.61900520324707,-41.77112579345703,222.92232513427734,160.37558555603027,-51.22225761413574,221.9036865234375,136.63095474243164,-57.360572814941406,211.04345321655273,238.07899475097656,-32.26712703704834,194.23364639282227,211.58575057983398,-45.12666702270508,183.6149787902832,193.83829593658447,-51.340670585632324,174.82318878173828,175.87843894958496,-55.091633796691895
paper,Right,240.24293899536133,308.4780693054199,0.000319292230415158,272.63959884643555,298.2867622375488,-21.29180908203125,300.5204963684082,280.2752208709717,-34.87508773803711,324.5914077758789,267.7777862548828,-46.939239501953125,350.30818939208984,265.9849262237549,-59.43171977996826,272.95385360717773,230.8350133895874,-26.8090558052063,286.5934753417969,198.80717754364014,-42.19788074493408,294.6763610839844,176.94076538085938,-53.787474632263184,300.83126068115234,156.64043426513672,-62.37832069396973,249.73369598388672,223.61133098602295,-27.06963300704956,250.58507919311523,182.0478916168213,-40.81740856170654,251.59835815429688,155.51244735717773,-50.53436279296875,251.7392921447754,132.10172653198242,-57.62255668640137,228.37575912475586,227.1223497390747,-29.285776615142822,223.41632843017578,187.5959873199463,-43.43360900878906,221.61346435546875,161.24533653259277,-53.011040687561035,220.44431686401367,137.08545684814453,-59.24452781677246,209.72204208374023,238.81738185882568,-33.27500581741333,192.68976211547852,212.28745937347412,-46.567416191101074,181.9576644897461,194.65441703796387,-52.93590068817139,173.03810119628906,176.73149585723877,-56.82353973388672
paper,Right,240.64903259277344,308.5194683074951,0.00030928717023925856,273.1052589416504,298.39468002319336,-20.753350257873535,300.6453323364258,280.3960990905762,-33.96477460861206,324.2827606201172,267.57216453552246,-45.70161819458008,349.8677062988281,264.65907096862793,-57.8468132019043,273.5173034667969,230.0811767578125,-26.51682138442993,287.39755630493164,197.77195930480957,-41.5276575088501,295.3424835205078,176.07662200927734,-52.6516056060791,301.32747650146484,156.1496114730835,-60.930519104003906,250.18428802490234,222.77243614196777,-26.88892364501953,251.14484786987305,181.24104022979736,-40.40173053741455,251.9536590576172,155.06604194641113,-49.795942306518555,251.8496322631836,132.27843761444092,-56.62254333496094,228.70405197143555,226.43742084503174,-29.153778553009033,223.4828758239746,186.87516689300537,-43.09947967529297,221.5260887145996,160.6634759902954,-52.504000663757324,220.35192489624023,136.657075881958,-58.671488761901855,210.00028610229492,238.48597526550293,-33.11748266220093,192.46570587158203,212.19826698303223,-46.43202781677246,181.6118049621582,194.5691442489624,-52.835211753845215,172.71690368652344,176.67800903320312,-56.7177677154541
paper,Right,240.51748275756836,308.20444107055664,0.000319888349622488,272.7540588378906,298.17429542541504,-21.281261444091797,300.40111541748047,280.07360458374023,-34.80145215988159,324.7467041015625,267.65790939331055,-46.75933361053467,350.94947814941406,265.8083724975586,-59.08567428588867,273.22288513183594,229.96204376220703,-26.782000064849854,287.2567367553711,197.89332389831543,-42.199769020080566,295.6926727294922,176.0823154449463,-53.72636318206787,302.3347854614258,156.1748743057251,-62.2007417678833,250.0707244873047,222.611346244812,-26.818668842315674,251.54047012329102,181.09103679656982,-40.465760231018066,252.80202865600586,154.75287437438965,-49.957547187805176,253.27228546142578,131.8696403503418,-56.79476261138916,228.93455505371094,226.1266565322876,-28.81192922592163,223.9516258239746,186.80116653442383,-42.670817375183105,222.43621826171875,160.6743049621582,-51.936988830566406,221.79630279541016,136.89542770385742,-57.95668125152588,210.65013885498047,237.97719955444336,-32.60417461395264,193.38506698608398,211.9308042526245,-45.59284210205078,182.83348083496094,194.28686141967773,-51.78877830505371,174.1848373413086,176.5035581588745,-55.53061008453369
paper,Right,240.88384628295898,308.52338790893555,0.0003179787381668575,272.9596710205078,298.5937213897705,-20.626368522644043,300.69067001342773,281.11361503601074,-34.006311893463135,324.87205505371094,269.35715675354004,-45.97633361816406,350.76648712158203,268.08932304382324,-58.3580207824707,274.61116790771484,230.79139709472656,-26.494698524475098,289.01100158691406,198.41315746307373,-41.76524639129639,297.6523017883301,176.7146873474121,-53.1132698059082,304.5737075805664,156.8159294128418,-61.4499568939209,251.4553451538086,223.30382823944092,-26.86368465423584,253.24230194091797,181.8844985961914,-40.35876750946045,254.64710235595703,155.472149848938,-49.72174644470215,255.32182693481445,132.62224674224854,-56.49863243103027,230.11146545410156,226.57314777374268,-29.13222074508667,225.15583038330078,187.01301097869873,-42.78343200683594,223.35538864135742,160.77292442321777,-51.99296951293945,222.4937629699707,137.05026626586914,-58.02096366882324,211.49173736572266,238.1577730178833,-33.1465220451355,194.28930282592773,211.63031101226807,-45.96757888793945,183.79777908325195,193.84469032287598,-52.098450660705566,175.28173446655273,175.99409580230713,-55.81754207611084
paper,Right,241.3705062866211,308.48937034606934,0.00032740186725277454,273.38863372802734,298.9805030822754,-20.89540719985962,301.05884552001953,281.4762783050537,-34.412357807159424,325.5510711669922,269.66651916503906,-46.45911693572998,351.83692932128906,268.33906173706055,-58.91063690185547,276.03858947753906,230.82942008972168,-26.894221305847168,290.9243583679199,198.5991668701172,-42.45919704437256,300.06248474121094,177.0102882385254,-53.954505920410156,307.3352241516113,157.39912033081055,-62.30759620666504,252.80120849609375,223.0876636505127,-27.181167602539062,255.69351196289062,181.6913938522339,-40.89071273803711,257.6721954345703,155.19221305847168,-50.271430015563965,258.7351608276367,132.3614501953125,-57.00173854827881,231.13327026367188,226.28422737121582,-29.413623809814453,226.69084548950195,186.75018310546875,-43.24868679046631,225.4286003112793,160.66330432891846,-52.397098541259766,225.12041091918945,137.18454837799072,-58.31845283508301,212.13768005371094,237.87626266479492,-33.41029644012451,195.3687858581543,211.20234489440918,-46.393961906433105,185.08420944213867,193.25549125671387,-52.53908157348633,176.77919387817383,175.20843029022217,-56.218576431274414
paper,Right,241.33895874023438,309.3175506591797,0.00032483665563631803,273.8151550292969,299.5573139190674,-20.278561115264893,301.51174545288086,282.40041732788086,-33.61461877822876,326.27063751220703,270.9388732910156,-45.59103012084961,351.67293548583984,269.4018745422363,-58.0255126953125,276.3059425354004,231.87569618225098,-27.08606481552124,291.59067153930664,199.43178176879883,-42.68633842468262,300.97063064575195,177.72188186645508,-54.127492904663086,308.23204040527344,158.02084922790527,-62.412590980529785,253.09770584106445,224.14885997772217,-27.67359733581543,256.4485740661621,182.54675388336182,-41.36813163757324,258.77492904663086,155.9151792526245,-50.68222522735596,259.91552352905273,133.0239772796631,-57.38059043884277,231.29718780517578,227.29060649871826,-30.10899305343628,227.01221466064453,187.66818523406982,-43.80495548248291,225.7511329650879,161.17589950561523,-52.996249198913574,225.33763885498047,137.3966646194458,-59.02597427368164,212.18408584594727,238.94421100616455,-34.235498905181885,195.25934219360352,212.3561954498291,-47.05918788909912,184.91230010986328,194.42424774169922,-53.12357425689697,176.60980224609375,176.60625457763672,-56.784424781799316
paper,Right,240.48789978027344,309.843692779541,0.0003222158193239011,273.6697006225586,300.4287815093994,-20.567843914031982,301.90454483032227,283.145055770874,-33.871986865997314,326.4593505859375,270.71385383605957,-45.805463790893555,352.1549987792969,269.3074607849121,-58.190369606018066,276.8070602416992,232.54353046417236,-27.237329483032227,292.3954391479492,199.63351249694824,-42.728590965270996,301.7938995361328,177.82896995544434,-53.9431095123291,309.06211853027344,158.28925609588623,-62.093424797058105,253.42870712280273,224.82792377471924,-27.696735858917236,256.8853759765625,183.09958934783936,-41.51761054992676,259.22807693481445,156.5523862838745,-50.804643630981445,260.37303924560547,134.0785789489746,-57.46483325958252,231.36302947998047,227.94227600097656,-30.040600299835205,226.72470092773438,188.21648597717285,-43.91511917114258,225.20658493041992,161.6818141937256,-53.25481414794922,224.78343963623047,137.96167373657227,-59.40074443817139,211.81177139282227,239.50181007385254,-34.09961938858032,194.73424911499023,212.82511711120605,-47.1550178527832,184.15477752685547,194.8480224609375,-53.53421688079834,175.72582244873047,176.95648670196533,-57.42534160614014
paper,Right,239.46355819702148,310.3128719329834,0.00032638334232615307,272.4308967590332,300.2013874053955,-20.25050163269043,300.9492492675781,282.88318634033203,-33.65789175033569,326.46602630615234,271.36962890625,-45.80431938171387,352.78675079345703,269.95476722717285,-58.38243007659912,276.6571044921875,232.14634895324707,-26.729674339294434,292.95724868774414,199.3802547454834,-42.162418365478516,302.43091583251953,177.78581142425537,-53.37475776672363,309.84619140625,158.24017524719238,-61.51607036590576,253.33654403686523,224.2516851425171,-27.36356258392334,257.28118896484375,182.7640199661255,-40.98042011260986,259.71900939941406,156.23444080352783,-50.186095237731934,260.8888244628906,133.61706733703613,-56.80703163146973,231.23159408569336,227.37975597381592,-29.884331226348877,226.79981231689453,187.93456077575684,-43.43390464782715,225.36945343017578,161.63931369781494,-52.555437088012695,224.98031616210938,137.9904270172119,-58.57985496520996,211.80173873901367,239.17890071868896,-34.13053035736084,194.88605499267578,212.4970293045044,-46.882028579711914,184.4589614868164,194.49694633483887,-52.9869270324707,176.10069274902344,176.6361665725708,-56.668219566345215
paper,Right,238.0160140991211,309.1999053955078,0.00033250587875954807,271.9564628601074,299.75669860839844,-19.756557941436768,301.41868591308594,282.95854568481445,-32.659127712249756,326.6533660888672,271.78359031677246,-44.380245208740234,352.71080017089844,270.3306484222412,-56.49554252624512,278.7380027770996,230.8299207687378,-25.737943649291992,296.9129180908203,198.09674263000488,-40.829176902770996,307.1613311767578,176.3929796218872,-51.74372673034668,315.1426696777344,156.96631908416748,-59.62320327758789,255.48622131347656,222.64655113220215,-26.45587682723999,261.1936378479004,181.24072551727295,-39.662983417510986,264.5394706726074,154.8733949661255,-48.61567497253418,266.4109802246094,132.58654117584229,-55.03537178039551,233.20781707763672,225.36340713500977,-29.06862497329712,230.40788650512695,186.4134979248047,-42.24288463592529,230.5685043334961,160.48659324645996,-51.16605758666992,231.61054611206055,137.46145248413086,-57.04746723175049,213.19828033447266,236.65294647216797,-33.40029239654541,197.24029541015625,210.23759365081787,-45.93362331390381,187.3523712158203,192.30048179626465,-51.931138038635254,179.47269439697266,174.7197675704956,-55.49088478088379
paper,Right,238.52777481079102,308.8586139678955,0.0003107764132437296,273.5058403015137,299.2024040222168,-17.63139009475708,303.9389228820801,280.87122917175293,-28.861634731292725,329.5466613769531,269.1269302368164,-39.25785303115845,354.26780700683594,267.84679412841797,-50.294485092163086,282.76628494262695,230.39241313934326,-23.64617109298706,300.9832763671875,197.12748527526855,-37.751662731170654,310.81857681274414,175.2088165283203,-47.92658805847168,318.16598892211914,155.68163394927979,-55.43803691864014,259.2034149169922,222.8213882446289,-25.398881435394287,265.51137924194336,180.98247528076172,-38.02626848220825,268.8840103149414,154.70520973205566,-46.87248706817627,270.32920837402344,132.5768280029297,-53.3221435546875,236.4838409423828,225.93913078308105,-28.88486623764038,234.05424118041992,186.82851791381836,-41.828532218933105,233.87151718139648,160.69032669067383,-50.95371723175049,234.4297981262207,137.71004676818848,-57.10185527801514,215.69948196411133,237.50308513641357,-33.87997627258301,199.20122146606445,210.42531967163086,-46.62220478057861,188.6693572998047,192.34524250030518,-52.855544090270996,180.47002792358398,174.65360641479492,-56.654624938964844
paper,Right,239.1940689086914,308.4188175201416,0.00026272100512869656,275.4184913635254,297.5783443450928,-15.08503794670105,306.5330505371094,276.50121688842773,-24.575576782226562,330.41465759277344,262.4911880493164,-33.7692928314209,352.83973693847656,260.7732582092285,-43.882670402526855,286.20018005371094,229.08469676971436,-21.391417980194092,302.2654914855957,194.73326683044434,-34.88532781600952,310.6879425048828,172.46026039123535,-44.88457679748535,316.9572639465332,151.89208030700684,-52.6119327545166,263.4309768676758,222.7628231048584,-24.491212368011475,268.83838653564453,181.71667098999023,-36.96248769760132,271.59339904785156,154.4802761077881,-46.515607833862305,272.4109077453613,130.6671380996704,-53.67856025695801,241.2425994873047,226.88372611999512,-29.028475284576416,238.21022033691406,188.39828968048096,-41.75673007965088,237.22248077392578,162.40253448486328,-51.39111042022705,236.7728042602539,139.05572891235352,-58.217787742614746,220.50329208374023,239.42750930786133,-34.874045848846436,204.08893585205078,213.5501003265381,-47.63577461242676,193.0996322631836,196.06876373291016,-54.24562931060791,184.5038604736328,179.02502059936523,-58.54840278625488
paper,Right,241.20319366455078,302.2288513183594,0.00016709085684851743,277.6854705810547,289.8973274230957,-9.679571390151978,305.1455307006836,264.47545051574707,-15.891684293746948,325.9675979614258,247.21824645996094,-22.403130531311035,344.73854064941406,240.38440704345703,-30.251781940460205,289.1853713989258,223.1310796737671,-19.04336452484131,299.8701286315918,188.3082103729248,-32.03972101211548,305.8131408691406,165.38623809814453,-41.261444091796875,310.09973526000977,144.8650360107422,-48.485145568847656,270.0906181335449,220.88799476623535,-24.43218231201172,272.9035186767578,181.2242317199707,-36.69565439224243,274.8642349243164,154.0312671661377,-46.27423286437988,274.9311828613281,130.0396728515625,-53.6287260055542,251.23682022094727,228.7936019897461,-30.673575401306152,246.4808464050293,191.3957977294922,-43.51489543914795,244.28539276123047,165.05380153656006,-53.837409019470215,242.54703521728516,141.01261138916016,-61.45890235900879,233.6495590209961,244.68704223632812,-37.59460926055908,216.74148559570312,220.89885234832764,-51.58796310424805,205.56026458740234,204.27091598510742,-59.44171905517578,196.6626739501953,188.32993984222412,-64.72275257110596
paper,Right,245.72717666625977,298.92494201660156,7.57338102630456e-05,278.6643409729004,284.5869541168213,-4.765502512454987,300.5516052246094,255.94422340393066,-8.009887933731079,317.26598739624023,236.41555309295654,-12.008974552154541,332.4320983886719,226.01835250854492,-17.686820030212402,288.6865043640137,220.63884258270264,-16.177799701690674,294.97074127197266,183.9409589767456,-27.70352840423584,298.7989044189453,161.21252059936523,-35.360140800476074,302.15864181518555,141.09944343566895,-41.589369773864746,273.76277923583984,221.22520923614502,-23.314213752746582,274.2602729797363,181.26867771148682,-34.74110126495361,275.15722274780273,154.97142791748047,-43.51097583770752,274.94808197021484,131.4283275604248,-50.30637264251709,258.28203201293945,231.28872871398926,-30.77099084854126,253.21001052856445,193.23838233947754,-43.35284233093262,250.56825637817383,167.5030517578125,-53.60928535461426,248.44703674316406,143.06533813476562,-61.50519371032715,243.66487503051758,248.4499740600586,-38.314104080200195,228.3633804321289,226.34445190429688,-53.24892520904541,218.57650756835938,212.13300704956055,-61.799187660217285,210.32691955566406,198.23575973510742,-67.67836570739746
paper,Right,243.2942008972168,296.69440269470215,2.186903202527901e-05,275.1399803161621,278.97823333740234,-0.9643308073282242,292.48891830444336,249.85241889953613,-3.5053840279579163,304.7604751586914,230.34476280212402,-7.453538179397583,316.7836380004883,217.26699829101562,-12.872475385665894,287.12825775146484,215.24477005004883,-12.71687626838684,290.560302734375,178.42816829681396,-24.292597770690918,292.32486724853516,154.7070837020874,-32.46960639953613,292.96335220336914,134.5341968536377,-38.80749464035034,277.25473403930664,218.72750759124756,-21.410913467407227,277.2465705871582,179.94802951812744,-32.92752027511597,276.77961349487305,153.38444709777832,-41.654982566833496,274.87096786499023,129.65110301971436,-48.191800117492676,266.3088798522949,230.92022895812988,-30.133812427520752,261.3015556335449,195.79413414001465,-41.6082763671875,259.0082359313965,172.43409633636475,-50.00678539276123,256.48868560791016,149.57276344299316,-56.619744300842285,255.8702278137207,249.81219291687012,-38.80984306335449,245.02925872802734,232.2348976135254,-51.55478000640869,239.50342178344727,218.8158130645752,-58.25699329376221,234.2852783203125,204.68163013458252,-62.90820121765137
paper,Right,237.5118637084961,295.8548641204834,-4.756312137033092e-05,268.43482971191406,281.37288093566895,2.4330492317676544,285.3979301452637,250.2077293395996,2.262827455997467,295.7198905944824,228.2544994354248,0.020501201506704092,304.5849418640137,210.61543464660645,-3.757147789001465,287.033748626709,217.24189281463623,-9.155187606811523,290.52005767822266,178.892240524292,-20.395758152008057,291.0457229614258,154.03741836547852,-28.72635841369629,290.21385192871094,133.23168754577637,-35.47580003738403,277.7489471435547,220.0537919998169,-19.312041997909546,279.3805503845215,179.80347633361816,-30.949978828430176,278.9529609680176,153.86910438537598,-40.831475257873535,276.93328857421875,131.56333923339844,-48.68396759033203,267.100772857666,231.05868816375732,-29.4157075881958,265.38341522216797,196.92845821380615,-41.81760787963867,264.6371269226074,175.2123498916626,-53.02840232849121,262.49195098876953,153.9946174621582,-61.91792011260986,256.93321228027344,248.49740982055664,-39.045095443725586,252.14250564575195,233.5705804824829,-53.23555946350098,247.4727439880371,222.20613956451416,-62.61186599731445,241.6948699951172,209.7137689590454,-69.70040321350098
paper,Right,233.33961486816406,293.78296852111816,-9.899125871015713e-05,262.45094299316406,271.96703910827637,10.575696229934692,278.7197494506836,243.38994026184082,12.111890316009521,286.9510078430176,222.9966688156128,10.48751711845398,289.9964714050293,206.4251947402954,6.647983193397522,286.9253921508789,214.24229621887207,-4.783786833286285,285.62461853027344,177.81289100646973,-14.865809679031372,283.94371032714844,153.14214706420898,-22.958073616027832,281.24317169189453,132.2978639602661,-29.233229160308838,281.18385314941406,220.58037757873535,-18.39287281036377,279.6304702758789,180.68688869476318,-28.364040851593018,278.2302474975586,153.52154731750488,-37.15184926986694,274.6134948730469,130.61965942382812,-44.56860065460205,272.0738983154297,233.65957260131836,-31.142592430114746,269.54275131225586,200.10306358337402,-42.57112979888916,267.2728729248047,177.34544277191162,-53.25812339782715,263.95483016967773,156.0040283203125,-61.94631099700928,261.56883239746094,251.4001750946045,-42.4678897857666,259.7518730163574,235.65731048583984,-54.82880115509033,257.0453643798828,226.08678817749023,-62.30395793914795,253.47776412963867,216.8612766265869,-68.41248989105225
paper,Right,225.59558868408203,296.20433807373047,2.4477869828842813e-05,253.56521606445312,278.66798400878906,4.913423955440521,266.68087005615234,257.1957778930664,3.648316264152527,270.3509330749512,239.51233863830566,-0.435461588203907,272.0167350769043,221.89096927642822,-5.980138778686523,264.9812698364258,220.32833576202393,-2.921229302883148,274.1327476501465,186.4310359954834,-14.171419143676758,277.7048110961914,161.40827178955078,-23.552629947662354,278.3494186401367,139.82306957244873,-30.57487726211548,262.71589279174805,223.46686363220215,-14.098118543624878,272.7981376647949,185.20650386810303,-25.811147689819336,275.99035263061523,157.47459411621094,-35.92615365982056,276.31486892700195,132.68847942352295,-43.36765766143799,259.1083335876465,233.769793510437,-25.202550888061523,270.4120445251465,202.20694541931152,-37.14188575744629,274.18439865112305,180.22706508636475,-45.69072246551514,275.07205963134766,159.9999761581421,-51.86030387878418,255.224609375,249.78321075439453,-35.74866533279419,262.9097366333008,234.87512111663818,-47.015066146850586,267.5837707519531,223.0244779586792,-51.92021369934082,270.6058883666992,211.9954490661621,-55.35174369812012
paper,Right,221.2253189086914,287.0903778076172,0.00012529329978860915,234.9765968322754,251.6554069519043,3.2143867015838623,252.05562591552734,220.1680040359497,-2.0226188004016876,264.1642379760742,195.8772897720337,-8.884990811347961,269.962158203125,174.42342281341553,-17.363587617874146,250.44343948364258,213.94107341766357,-24.989068508148193,264.08491134643555,177.01183319091797,-44.53453063964844,269.7598648071289,150.51758766174316,-57.07138538360596,271.73994064331055,127.8471851348877,-65.2074146270752,250.69408416748047,223.74632835388184,-37.354533672332764,266.96144104003906,187.06897258758545,-58.649330139160156,274.51032638549805,160.08388996124268,-72.13517665863037,278.38388442993164,136.83752059936523,-80.95756530761719,253.65379333496094,240.9378719329834,-48.18359375,270.1152801513672,210.72765827178955,-67.62370586395264,278.4744453430176,189.83083248138428,-78.35787296295166,283.7945556640625,170.5799961090088,-85.04023551940918,258.71606826782227,263.0936336517334,-57.91928291320801,271.5950393676758,247.9844856262207,-74.63474750518799,279.86730575561523,236.6047239303589,-81.58109664916992,287.76283264160156,226.07455730438232,-85.83647727966309
paper,Right,219.2196273803711,287.4359607696533,0.00013779211258224677,223.9759063720703,256.756067276001,3.6651790142059326,236.17925643920898,226.27066612243652,1.3714036345481873,243.87662887573242,204.0703296661377,-2.0920956134796143,244.9067497253418,185.6407928466797,-6.763574481010437,247.3000717163086,214.2257022857666,-14.584699869155884,262.7499008178711,175.42526721954346,-27.34147310256958,270.0213623046875,149.89728927612305,-34.558796882629395,272.75482177734375,129.109525680542,-39.01423215866089,253.67408752441406,223.77379417419434,-24.34894561767578,274.88712310791016,184.41751956939697,-37.4476432800293,286.2928771972656,158.2774829864502,-45.40382385253906,292.69556045532227,136.72722816467285,-50.180487632751465,260.2671813964844,240.16860008239746,-33.073532581329346,282.4642753601074,206.49109840393066,-46.45619869232178,295.14204025268555,184.58415985107422,-54.22280311584473,303.7008476257324,165.9296464920044,-58.8466739654541,266.6794013977051,261.5660762786865,-40.7009220123291,286.3568878173828,247.76601791381836,-53.010406494140625,299.12952423095703,238.50944995880127,-57.72294998168945,310.2189254760742,230.0654697418213,-60.11475086212158
paper,Right,221.13765716552734,286.0414123535156,0.0001515944404673064,216.27304077148438,255.35825729370117,2.9324698448181152,221.30680084228516,224.88006591796875,1.1439430713653564,226.39984130859375,201.71316146850586,-1.355617642402649,225.01680374145508,182.53350734710693,-4.666977524757385,244.45327758789062,210.43330192565918,-12.357875108718872,257.6491165161133,169.70209121704102,-22.794523239135742,264.0473747253418,145.09310245513916,-28.438494205474854,266.36444091796875,125.50034523010254,-31.639881134033203,257.093448638916,220.1720666885376,-19.711453914642334,281.4703559875488,180.1581573486328,-28.983910083770752,293.48676681518555,155.26801586151123,-34.75139141082764,300.7425117492676,135.51658630371094,-38.38578939437866,268.2637596130371,235.31061172485352,-26.393451690673828,293.6992073059082,201.33630752563477,-36.687819957733154,307.3881530761719,179.80745315551758,-43.82411479949951,317.1400451660156,162.7003526687622,-48.37076663970947,277.8095245361328,253.91761779785156,-32.10662603378296,302.9982376098633,240.95569610595703,-42.305359840393066,318.62770080566406,233.04282188415527,-46.8754243850708,332.34107971191406,225.56035995483398,-49.25353527069092
paper,Right,220.34130096435547,289.7194290161133,0.0001403783153364202,211.11183166503906,257.6220417022705,1.0690385848283768,215.02504348754883,224.48757648468018,-0.012411162024363875,219.0262222290039,199.70442295074463,-1.4572884142398834,212.7145004272461,182.68774509429932,-3.663896918296814,240.9730339050293,209.43803787231445,-10.0443696975708,251.39141082763672,168.81145477294922,-18.577946424484253,257.4849510192871,143.9194107055664,-23.12370777130127,260.72065353393555,124.73776817321777,-25.91923236846924,256.7911720275879,218.2116937637329,-16.23424530029297,280.06080627441406,178.96299362182617,-24.082419872283936,293.2706642150879,153.83583068847656,-29.290475845336914,302.6048278808594,133.7931776046753,-32.683517932891846,269.6463394165039,232.9202699661255,-22.140488624572754,293.65530014038086,199.933819770813,-32.171125411987305,308.7051773071289,178.70412826538086,-39.73943471908569,320.1678466796875,161.6158103942871,-44.44476127624512,280.11180877685547,250.89237213134766,-27.279207706451416,306.2939643859863,237.00307846069336,-37.19733238220215,323.02989959716797,228.3238935470581,-42.1158504486084,337.52513885498047,220.28570652008057,-44.87520217895508
paper,Right,218.79188537597656,290.76401710510254,0.00015051955415401608,207.0107650756836,258.3846187591553,0.5007802695035934,208.0901336669922,224.67584609985352,-1.061978042125702,208.38403701782227,199.7292423248291,-2.9450681805610657,200.97084045410156,183.16742420196533,-5.722326040267944,238.03287506103516,208.52884769439697,-10.62819242477417,247.23390579223633,166.899733543396,-18.783373832702637,252.83740997314453,141.69074535369873,-23.184478282928467,256.0733985900879,122.31977462768555,-25.862154960632324,255.45793533325195,217.01022148132324,-16.493319272994995,278.8517951965332,178.027081489563,-24.02949810028076,292.20081329345703,153.2153034210205,-29.205689430236816,301.52565002441406,133.23218822479248,-32.561867237091064,269.366512298584,231.4039707183838,-22.02399253845215,294.3787384033203,198.751859664917,-31.524028778076172,310.196475982666,177.42198944091797,-39.01770353317261,321.80957794189453,159.8471975326538,-43.718557357788086,279.998722076416,249.06469345092773,-26.813130378723145,308.0795097351074,234.80097770690918,-36.01105213165283,325.9027862548828,225.5687427520752,-40.447797775268555,340.7610321044922,216.92062854766846,-42.895193099975586
paper,Right,218.0581283569336,288.9327621459961,0.0001637082277738955,205.57817459106445,256.5301036834717,-0.8914215862751007,204.9485969543457,222.8648042678833,-3.199276924133301,202.9576873779297,197.77135848999023,-5.830701589584351,194.78275299072266,181.51349544525146,-9.418236017227173,237.4250030517578,207.29707717895508,-10.302876234054565,246.53587341308594,167.4220848083496,-18.153873682022095,252.30998992919922,142.55043983459473,-22.692561149597168,256.30773544311523,123.42072486877441,-25.671019554138184,255.37282943725586,215.3941297531128,-15.950627326965332,277.6312828063965,177.99476623535156,-22.910583019256592,290.95947265625,153.61810684204102,-28.084230422973633,300.88905334472656,134.54195022583008,-31.779778003692627,269.2650604248047,229.79065418243408,-21.5396785736084,294.4205856323242,199.12293434143066,-30.813350677490234,310.3772735595703,177.66882419586182,-38.61063003540039,322.4793243408203,160.1389217376709,-43.81149768829346,279.15138244628906,247.7581787109375,-26.567044258117676,307.4589157104492,234.77462768554688,-35.57700157165527,325.9145736694336,225.78320503234863,-40.02866268157959,341.36505126953125,217.4498748779297,-42.739410400390625
paper,Right,216.90662384033203,291.719913482666,0.00017398268028046004,203.22332382202148,258.5518741607666,-1.1985978484153748,201.90635681152344,223.97286415100098,-3.9137476682662964,199.28150177001953,197.96545028686523,-6.901270151138306,189.98947143554688,181.52624130249023,-10.918254852294922,235.49360275268555,209.46916580200195,-11.499875783920288,245.30035018920898,168.77942562103271,-19.51878547668457,251.60943984985352,143.3749008178711,-23.96991491317749,255.89963912963867,123.71349334716797,-26.854233741760254,254.2330551147461,217.9987335205078,-17.098331451416016,277.7082633972168,179.98313426971436,-24.14316177368164,291.3851547241211,155.2488899230957,-29.123737812042236,301.31744384765625,135.8752727508545,-32.66649007797241,268.3799934387207,232.2890853881836,-22.568795680999756,294.3423652648926,200.6207513809204,-31.878440380096436,310.6949996948242,178.83952617645264,-39.37114953994751,322.98282623291016,160.9387493133545,-44.33455467224121,277.9464912414551,249.6826171875,-27.465343475341797,306.8264389038086,235.69634914398193,-36.480281352996826,325.63018798828125,226.62096977233887,-40.65898895263672,341.19834899902344,218.0720043182373,-43.14777851104736
paper,Right,217.06911087036133,291.9467353820801,0.00019746938050957397,202.09461212158203,259.35739517211914,-2.113635689020157,199.44442749023438,224.41709518432617,-5.3079646825790405,195.14976501464844,198.25372695922852,-8.61215591430664,184.61341857910156,181.9637632369995,-12.874503135681152,235.19624710083008,207.95793056488037,-12.146110534667969,245.48471450805664,168.21500301361084,-19.944623708724976,252.28322982788086,143.49070072174072,-24.355084896087646,257.3893737792969,124.38105583190918,-27.306337356567383,254.12864685058594,217.45253562927246,-17.264846563339233,277.8297805786133,180.38114547729492,-23.995633125305176,292.121524810791,155.89885711669922,-29.067978858947754,302.98131942749023,136.738600730896,-32.80481576919556,268.2724189758301,232.34942436218262,-22.32218027114868,294.2418670654297,200.8194065093994,-31.670265197753906,310.57390213012695,179.12259578704834,-39.4585919380188,323.0984878540039,161.12483024597168,-44.644975662231445,277.81455993652344,249.88208770751953,-26.844422817230225,306.59690856933594,236.2113904953003,-36.25377416610718,325.4188919067383,227.15230464935303,-40.883851051330566,341.1668395996094,218.5077953338623,-43.63988399505615
paper,Right,218.1539535522461,292.59510040283203,0.00019833574697258882,202.27439880371094,260.10108947753906,-4.707714915275574,197.16974258422852,225.71619987487793,-9.659221172332764,190.93847274780273,198.84550094604492,-14.522528648376465,179.83030319213867,181.94226264953613,-20.14404535293579,237.09583282470703,208.74767303466797,-13.353172540664673,247.54568099975586,169.99813556671143,-21.820266246795654,253.97138595581055,145.6549072265625,-27.164156436920166,259.18209075927734,126.63365364074707,-30.90217113494873,256.4112663269043,218.02642822265625,-17.733373641967773,279.32289123535156,181.79822444915771,-24.76029872894287,293.44837188720703,157.70424842834473,-30.389862060546875,304.45714950561523,138.78536224365234,-34.66676712036133,270.71388244628906,232.84831523895264,-22.390480041503906,296.8143653869629,202.3214864730835,-31.734085083007812,314.04598236083984,181.8687915802002,-39.49350595474243,327.2712707519531,164.4786787033081,-44.75705146789551,280.788631439209,250.50999641418457,-26.86793804168701,309.11659240722656,236.83070182800293,-36.271867752075195,327.67913818359375,227.9674530029297,-40.77986240386963,342.99720764160156,219.3535852432251,-43.49001884460449
paper,Right,220.77484130859375,291.8397617340088,0.00020404590031830594,203.62653732299805,259.9576663970947,-4.8634108901023865,198.39391708374023,225.67362785339355,-9.787125587463379,191.70406341552734,199.0187931060791,-14.457306861877441,179.9132537841797,182.55735397338867,-19.938565492630005,239.30028915405273,207.4971055984497,-13.644336462020874,249.881591796875,170.16780853271484,-21.831884384155273,256.38248443603516,146.30659103393555,-27.042601108551025,261.66513442993164,127.65722751617432,-30.775775909423828,258.96501541137695,216.7853593826294,-17.842671871185303,282.16514587402344,181.46035194396973,-24.331624507904053,296.53783798217773,157.82861709594727,-29.558701515197754,307.79945373535156,139.48063373565674,-33.650686740875244,273.17975997924805,232.25326538085938,-22.310731410980225,299.058895111084,202.3304557800293,-31.412041187286377,316.3382148742676,181.99078559875488,-39.1213321685791,329.6601104736328,164.8165225982666,-44.43363666534424,282.8557014465332,250.71433067321777,-26.576590538024902,311.06576919555664,236.98174953460693,-35.96897840499878,329.3303680419922,227.78513431549072,-40.4831600189209,344.4316864013672,218.8212490081787,-43.246612548828125
paper,Right,221.4625358581543,291.97131156921387,0.00020828778360737488,204.60582733154297,259.81618881225586,-4.483432471752167,199.5124626159668,225.31634330749512,-9.160096645355225,192.85844802856445,198.88092041015625,-13.632971048355103,180.99218368530273,182.98011302947998,-18.928290605545044,241.06693267822266,207.2455358505249,-13.176665306091309,251.68987274169922,169.53131675720215,-20.909457206726074,258.4325408935547,145.9036159515381,-25.795917510986328,264.06171798706055,127.63247966766357,-29.313101768493652,260.6178855895996,216.83358192443848,-17.367520332336426,283.86741638183594,181.16214752197266,-23.51950168609619,298.4156799316406,157.6259708404541,-28.638057708740234,309.90013122558594,139.59320068359375,-32.681519985198975,274.7608947753906,232.15211391448975,-21.781153678894043,300.540714263916,202.38583087921143,-30.410263538360596,317.86163330078125,181.9531488418579,-38.16740274429321,331.19510650634766,164.98950004577637,-43.597235679626465,284.3758010864258,250.1949691772461,-25.978431701660156,312.3332214355469,236.70191287994385,-34.87499713897705,330.57716369628906,227.6617670059204,-39.40041542053223,345.6559753417969,219.02369499206543,-42.26050853729248
paper,Right,221.7856788635254,291.2866687774658,0.00020100940673728473,205.56316375732422,259.1389560699463,-3.9170175790786743,200.4751968383789,224.84278678894043,-8.556687235832214,193.54385375976562,198.35454940795898,-13.105939626693726,181.3338851928711,182.3305892944336,-18.564242124557495,242.1004295349121,206.59257888793945,-13.199617862701416,252.87086486816406,168.95497798919678,-20.97923755645752,259.5426559448242,145.49642086029053,-25.80042839050293,265.1292419433594,127.1971607208252,-29.27433967590332,261.56532287597656,216.36473178863525,-17.58864164352417,284.75887298583984,180.63328742980957,-23.905937671661377,299.13501739501953,157.13001251220703,-29.048023223876953,310.5975532531738,138.83946418762207,-33.0983567237854,275.61052322387695,231.78401470184326,-22.08883047103882,301.38586044311523,202.29533672332764,-30.754690170288086,318.7481689453125,182.15838432312012,-38.34831714630127,332.0512390136719,165.2976894378662,-43.658671379089355,285.1357841491699,249.78930473327637,-26.3104248046875,312.98351287841797,236.80578231811523,-35.08484125137329,331.3536071777344,228.09627056121826,-39.445602893829346,346.6001892089844,219.70726490020752,-42.18055725097656
paper,Right,221.91463470458984,292.3385238647461,0.00020037690774188377,206.0666275024414,259.49981689453125,-3.770480155944824,201.33808135986328,224.92285251617432,-8.472100496292114,194.65333938598633,198.4803342819214,-13.051683902740479,182.86035537719727,182.55359172821045,-18.507637977600098,242.7053451538086,207.02749729156494,-13.579185009002686,254.52789306640625,169.51714038848877,-21.61994457244873,261.446590423584,146.04812622070312,-26.648917198181152,266.93952560424805,127.70534992218018,-30.193204879760742,261.8967628479004,217.40508556365967,-18.132970333099365,285.76263427734375,181.65088176727295,-24.63888168334961,300.71083068847656,158.22489738464355,-29.83269453048706,312.5801658630371,139.9279546737671,-33.85316848754883,275.7622718811035,233.2142972946167,-22.764625549316406,302.39856719970703,203.1231451034546,-31.659488677978516,320.24959564208984,183.07059288024902,-39.26966905593872,333.9529037475586,166.24487400054932,-44.48904991149902,285.02819061279297,251.4070701599121,-27.067103385925293,313.21521759033203,237.50055313110352,-36.14531993865967,331.59290313720703,228.72239112854004,-40.479187965393066,346.8821716308594,220.33146858215332,-43.079891204833984
paper,Right,222.11797714233398,291.72054290771484,0.00020289839085307904,206.90065383911133,258.45688819885254,-4.246971011161804,202.5290870666504,224.24461841583252,-9.198077321052551,195.96595764160156,198.18872451782227,-14.047834873199463,184.50130462646484,182.0910358428955,-19.678670167922974,243.93434524536133,206.84081554412842,-12.94196605682373,255.4974365234375,169.82791900634766,-21.041319370269775,262.61837005615234,146.52162551879883,-26.312038898468018,268.57398986816406,128.39977741241455,-30.096914768218994,263.25611114501953,216.9739866256714,-17.41173267364502,286.7658996582031,182.07295417785645,-23.8948655128479,301.74304962158203,158.8407325744629,-29.367315769195557,313.91910552978516,140.70573806762695,-33.68709087371826,277.28199005126953,232.59620189666748,-22.09531307220459,303.49111557006836,203.23824405670166,-30.918357372283936,321.01375579833984,183.59182834625244,-38.604228496551514,334.5564651489258,167.0493221282959,-43.982505798339844,286.8838310241699,250.8545207977295,-26.55958652496338,314.52491760253906,238.05695056915283,-35.560200214385986,332.74200439453125,229.59065437316895,-39.98011350631714,347.96390533447266,221.41377925872803,-42.712883949279785
paper,Right,222.98011779785156,290.50732612609863,0.0002040279287029989,207.59708404541016,258.4867572784424,-4.656037986278534,203.0064582824707,224.67435836791992,-9.576423168182373,196.8580436706543,198.51895809173584,-14.338157176971436,185.05786895751953,182.67030715942383,-19.950616359710693,244.48102951049805,207.08377361297607,-13.594138622283936,255.97200393676758,170.1807403564453,-21.69182777404785,263.06236267089844,146.8912696838379,-26.883323192596436,269.0077209472656,128.6695146560669,-30.635273456573486,263.57166290283203,217.264666557312,-17.804208993911743,287.1598434448242,182.4338150024414,-24.58881378173828,302.0271110534668,159.280743598938,-30.113866329193115,313.99707794189453,141.12104415893555,-34.42759990692139,277.4484634399414,232.80803203582764,-22.236816883087158,303.8932991027832,203.80289554595947,-31.38758659362793,321.5579605102539,184.0063190460205,-39.28582191467285,335.2888488769531,167.2343873977661,-44.74196910858154,286.90391540527344,250.80708503723145,-26.45369529724121,314.9639892578125,238.23882579803467,-35.637714862823486,333.49761962890625,229.8070764541626,-40.29233932495117,349.0409469604492,221.6283416748047,-43.223633766174316
paper,Right,222.68564224243164,292.0527935028076,0.00020165496607660316,207.51657485961914,259.04977798461914,-3.5742777585983276,203.5155487060547,224.13678646087646,-7.816329002380371,197.1733856201172,197.79932498931885,-12.030630111694336,185.28017044067383,182.15051651000977,-17.11569309234619,244.608154296875,206.86662197113037,-12.277027368545532,256.81909561157227,169.95527744293213,-19.809038639068604,264.1506004333496,146.81699752807617,-24.65679168701172,270.09090423583984,128.68878364562988,-28.186020851135254,263.4481430053711,217.38896369934082,-16.813786029815674,287.36093521118164,182.669677734375,-23.042285442352295,302.3188781738281,159.58253860473633,-28.302366733551025,314.1939353942871,141.34616374969482,-32.45166063308716,277.17933654785156,233.24370861053467,-21.488277912139893,304.01123046875,204.03406620025635,-30.185253620147705,321.67724609375,184.51191902160645,-37.91098117828369,335.2106475830078,167.90635585784912,-43.274545669555664,286.50917053222656,251.5074920654297,-25.848076343536377,315.1574516296387,238.41829776763916,-34.88083839416504,333.78963470458984,230.0680446624756,-39.46019411087036,349.2965316772461,221.95250988006592,-42.30255126953125
paper,Right,222.9734230041504,291.22650146484375,0.00019778379282797687,208.3258819580078,258.5354232788086,-4.143321514129639,204.08769607543945,224.46415901184082,-8.861591219902039,198.23122024536133,198.15743923187256,-13.550107479095459,186.77494049072266,181.86666011810303,-19.072883129119873,245.30982971191406,207.06347465515137,-13.014500141143799,257.17031478881836,170.23521423339844,-21.148033142089844,264.55286026000977,146.99463844299316,-26.340758800506592,270.73644638061523,128.7488079071045,-30.084288120269775,264.0483093261719,217.16833591461182,-17.4998676776886,287.8109931945801,182.38283157348633,-24.42660093307495,303.03728103637695,159.3133020401001,-29.92799997329712,315.40279388427734,141.16413116455078,-34.19271230697632,277.72741317749023,232.67346382141113,-22.200446128845215,304.1126251220703,203.68480682373047,-31.544411182403564,321.98375701904297,184.10505294799805,-39.398841857910156,335.8243179321289,167.53057479858398,-44.784579277038574,287.12303161621094,250.75478553771973,-26.666862964630127,315.2793884277344,238.3948516845703,-36.094703674316406,334.0216064453125,230.37325859069824,-40.8039665222168,349.7313690185547,222.61809825897217,-43.72072696685791
paper,Right,223.15814971923828,291.84213638305664,0.00019805105694103986,208.40723037719727,259.3022632598877,-3.497787117958069,205.1317024230957,224.29484367370605,-7.3053401708602905,199.63218688964844,197.7792263031006,-11.122559309005737,187.80323028564453,182.13425159454346,-15.791743993759155,245.7245635986328,207.05437660217285,-11.191022396087646,258.21821212768555,170.34526348114014,-18.424761295318604,265.9581184387207,146.90016746520996,-23.22310209274292,272.10180282592773,128.7431287765503,-26.775939464569092,264.6367073059082,217.35071182250977,-15.76198935508728,288.6258125305176,183.23158264160156,-21.744637489318848,304.00840759277344,160.36070823669434,-27.086026668548584,316.03540420532227,142.40229606628418,-31.26181125640869,278.33641052246094,233.14855098724365,-20.522961616516113,305.26187896728516,204.6591281890869,-29.079177379608154,323.2923889160156,185.2867555618286,-36.894094944000244,337.0360565185547,168.81022453308105,-42.302141189575195,287.4505805969238,251.48752212524414,-24.987165927886963,315.8296775817871,239.1591739654541,-33.91897439956665,334.483642578125,230.87884426116943,-38.45764398574829,349.8581314086914,222.94718742370605,-41.26018524169922
paper,Right,223.0369758605957,291.0157299041748,0.0001989823067560792,208.91159057617188,258.41514587402344,-4.421280324459076,205.71147918701172,223.78756999969482,-9.078633785247803,200.03215789794922,197.15124607086182,-13.58804702758789,188.6846923828125,180.72539806365967,-18.906922340393066,245.72725296020508,207.84404754638672,-13.109925985336304,257.9956245422363,170.33620834350586,-21.219186782836914,265.67773818969727,146.59515380859375,-26.391689777374268,272.01576232910156,128.1350040435791,-30.08941411972046,264.7483825683594,217.83611297607422,-17.336368560791016,288.6745834350586,183.12698364257812,-23.964006900787354,304.0660858154297,160.16704559326172,-29.290790557861328,316.4069366455078,142.04840183258057,-33.46342325210571,278.5548782348633,233.2876682281494,-21.776280403137207,305.33695220947266,204.23997402191162,-30.688376426696777,323.0780029296875,185.04748821258545,-38.070316314697266,336.8480682373047,168.57975482940674,-43.182501792907715,287.91404724121094,251.2726879119873,-26.025407314300537,316.1265563964844,238.60713958740234,-34.9831485748291,334.67041015625,230.31510829925537,-39.205074310302734,350.21358489990234,222.18775749206543,-41.81593894958496
paper,Right,222.04936981201172,290.2008533477783,0.0001905894350784365,209.69417572021484,257.9098892211914,-3.122032582759857,207.7670669555664,223.475661277771,-7.234500050544739,202.78314590454102,197.11366653442383,-11.502424478530884,192.13041305541992,180.17480850219727,-16.62637948989868,245.36500930786133,208.24852466583252,-12.314581871032715,257.81213760375977,170.41615962982178,-20.574371814727783,265.552978515625,146.36890411376953,-25.630059242248535,271.56286239624023,127.75351524353027,-29.1506028175354,263.47070693969727,217.90276050567627,-17.275718450546265,287.7700996398926,182.69396781921387,-24.245448112487793,303.2159996032715,159.3860149383545,-29.61935043334961,315.308837890625,141.03620052337646,-33.65503549575806,276.9491386413574,233.1520128250122,-22.343873977661133,303.91462326049805,203.66778373718262,-31.47141456604004,321.91577911376953,184.04419898986816,-38.785033226013184,335.8542251586914,167.27904796600342,-43.749685287475586,286.17382049560547,251.16900444030762,-27.092342376708984,314.61652755737305,238.85343074798584,-36.065988540649414,333.37493896484375,230.74687957763672,-40.164122581481934,349.0680694580078,222.78084754943848,-42.61861801147461
paper,Right,220.93547821044922,290.190954208374,0.00017233009202755056,211.1815643310547,258.0186080932617,-0.9601966291666031,211.83368682861328,224.00144577026367,-3.5997116565704346,210.21551132202148,198.25517177581787,-6.751953959465027,201.38023376464844,181.7320203781128,-10.870361328125,244.95935440063477,208.88975143432617,-9.885748624801636,258.0357360839844,169.5992374420166,-17.850477695465088,266.373348236084,145.2388572692871,-22.60439157485962,272.48823165893555,126.73009872436523,-25.836682319641113,262.23535537719727,217.93533325195312,-15.728154182434082,287.01786041259766,181.7185878753662,-22.60249376296997,302.6240348815918,158.45280647277832,-27.92179822921753,314.38892364501953,140.22984981536865,-31.827242374420166,275.51748275756836,232.87103176116943,-21.57668113708496,303.3110046386719,202.79088020324707,-30.653257369995117,321.2946319580078,182.77818202972412,-38.118159770965576,335.1133346557617,165.88276863098145,-43.19969177246094,284.86083984375,251.3804054260254,-26.925439834594727,313.6802291870117,239.3350124359131,-35.872156620025635,332.4709701538086,231.487455368042,-40.07707595825195,348.3180618286133,223.66477489471436,-42.626357078552246
paper,Right,221.60816192626953,292.692289352417,0.00015182857168838382,213.91916275024414,259.48522567749023,1.2466959655284882,217.55735397338867,224.77367877960205,-0.3056083247065544,218.59052658081055,198.63583087921143,-2.514287829399109,209.4615364074707,181.51837348937988,-5.767374038696289,244.3644905090332,211.15734100341797,-10.477187633514404,257.92245864868164,170.72153091430664,-18.906147480010986,265.5733299255371,145.71584701538086,-23.534409999847412,270.39628982543945,126.14283084869385,-26.61266326904297,259.78246688842773,220.126690864563,-17.210440635681152,285.14495849609375,181.86704635620117,-24.854180812835693,299.945011138916,157.64257907867432,-30.00819206237793,310.4627799987793,138.4062623977661,-33.636794090270996,272.4761199951172,235.21758556365967,-23.569624423980713,301.12388610839844,203.6118507385254,-32.90771007537842,318.3845520019531,183.15467834472656,-39.91249084472656,331.2371063232422,165.92423915863037,-44.66376781463623,282.4082565307617,253.85504722595215,-29.202325344085693,310.8376693725586,240.55415153503418,-38.4794545173645,328.9065933227539,232.23368167877197,-42.72556781768799,344.27024841308594,224.17197704315186,-45.272812843322754
paper,Right,220.99891662597656,291.44811630249023,0.00015768127923365682,216.0066795349121,259.1392421722412,1.203152984380722,220.60699462890625,225.4270076751709,-1.1550328880548477,223.01549911499023,200.11568069458008,-4.289006590843201,214.9001693725586,182.60603427886963,-8.440775275230408,241.89725875854492,211.43906593322754,-12.40512728691101,255.64437866210938,170.58022499084473,-22.836434841156006,262.7732276916504,145.61150550842285,-28.531522750854492,266.3633155822754,125.58992385864258,-32.08977460861206,255.50533294677734,220.12832164764404,-19.78293776512146,280.640811920166,180.62945365905762,-30.0380539894104,294.4752502441406,155.19859313964844,-36.40414237976074,303.66872787475586,134.66171264648438,-40.4387903213501,267.6496696472168,234.94481563568115,-26.76967144012451,294.58675384521484,202.04755783081055,-38.27139139175415,311.0458564758301,180.8116865158081,-46.19619846343994,323.16497802734375,163.03668022155762,-51.156578063964844,278.46837997436523,253.67551803588867,-32.998151779174805,305.142822265625,239.61689472198486,-44.07519817352295,322.3159408569336,230.9553337097168,-49.22694683074951,337.1739196777344,222.75023460388184,-52.15193271636963
paper,Right,220.89468002319336,290.51897048950195,0.00016768848581705242,221.62187576293945,257.80574798583984,4.156059920787811,228.72344970703125,225.7403039932251,1.7534413933753967,232.7652931213379,203.40468406677246,-2.193986177444458,229.70874786376953,184.93260383605957,-6.990896463394165,238.51581573486328,210.34934520721436,-12.376877069473267,251.4195442199707,169.25451278686523,-24.866325855255127,256.8889617919922,143.3389377593994,-31.931843757629395,258.4843635559082,122.16420650482178,-36.148929595947266,246.6328239440918,219.37944889068604,-22.344884872436523,269.07421112060547,176.68531894683838,-34.913482666015625,281.00114822387695,149.56978797912598,-42.64982223510742,288.56788635253906,127.80990600585938,-47.273712158203125,256.12009048461914,234.58996295928955,-31.514945030212402,279.86780166625977,197.81480312347412,-44.004902839660645,293.4523391723633,175.3553295135498,-51.5059757232666,303.3372497558594,156.8594741821289,-55.89502811431885,266.16199493408203,253.97109031677246,-39.7444748878479,287.7347183227539,235.69580554962158,-50.89785575866699,301.99960708618164,224.6532154083252,-55.28191566467285,315.17112731933594,214.5891523361206,-57.47660160064697
paper,Right,224.45913314819336,292.6588439941406,0.0001162972785095917,236.2045669555664,260.82590103149414,7.495357990264893,248.34077835083008,230.8663272857666,6.263938546180725,261.6932487487793,210.98098754882812,2.5422319769859314,271.13040924072266,193.67437362670898,-2.431167960166931,241.5641212463379,212.77577877044678,-10.18966794013977,250.30412673950195,172.49334812164307,-23.11471462249756,254.1919708251953,146.1075496673584,-30.681982040405273,255.91150283813477,124.81827735900879,-35.430335998535156,242.73126602172852,218.49164485931396,-22.6431941986084,255.936279296875,175.38694381713867,-35.610454082489014,263.15914154052734,147.03214645385742,-43.599510192871094,267.46232986450195,124.14030075073242,-48.50457191467285,246.31120681762695,231.90316200256348,-34.05738115310669,262.5527572631836,193.6994218826294,-46.3538932800293,271.2559700012207,169.0947961807251,-53.13088417053223,277.2825813293457,148.06669235229492,-57.419867515563965,252.86827087402344,250.74371337890625,-44.41305637359619,267.4272346496582,231.09784126281738,-55.9537410736084,277.82108306884766,216.84203624725342,-59.985294342041016,287.53578186035156,204.22768592834473,-62.152042388916016
paper,Right,237.48451232910156,290.43479919433594,3.3658270126579737e-06,266.27817153930664,269.258451461792,3.910062611103058,275.29212951660156,240.01070022583008,6.443856954574585,277.80067443847656,219.3835973739624,5.92840313911438,277.3395347595215,202.1803379058838,4.87739235162735,266.8298530578613,205.64439296722412,11.836518049240112,264.07386779785156,174.93666172027588,6.349207162857056,262.1733856201172,152.1145534515381,-0.6296869367361069,260.38990020751953,131.78106307983398,-6.591652035713196,261.87097549438477,205.11733531951904,3.4550172090530396,260.3513526916504,171.40766143798828,-2.3251596093177795,259.44507598876953,145.67072868347168,-10.036906003952026,257.74194717407227,122.08625793457031,-16.237688064575195,255.73808670043945,208.4768772125244,-6.093013286590576,256.19184494018555,175.8689832687378,-12.554711103439331,256.694393157959,152.8334140777588,-17.654716968536377,255.77383041381836,131.99143409729004,-21.64468765258789,249.36100006103516,215.8523941040039,-15.925859212875366,251.49351119995117,190.64949989318848,-22.132296562194824,253.77058029174805,172.72367477416992,-25.11363983154297,255.40660858154297,156.47303581237793,-27.526931762695312
paper,Right,245.73955535888672,290.8256721496582,6.660348844889086e-05,273.61961364746094,272.5203037261963,-0.689982995390892,285.0022315979004,242.10771560668945,-1.9248317182064056,293.0548858642578,222.2805118560791,-4.5793139934539795,302.8325843811035,208.65795135498047,-8.678352236747742,269.36492919921875,203.56887817382812,-8.660656213760376,268.1287956237793,167.44952201843262,-20.012569427490234,267.2769546508789,144.27363395690918,-28.49766969680786,265.3973197937012,125.20282745361328,-34.64686632156372,259.6324348449707,206.5332841873169,-16.9912588596344,256.7979621887207,167.7422332763672,-27.781379222869873,254.81306076049805,141.26672744750977,-36.137096881866455,252.1268653869629,118.01041603088379,-42.035322189331055,249.66915130615234,218.72710704803467,-25.692739486694336,243.25912475585938,182.10947513580322,-36.61421775817871,240.18400192260742,159.05282020568848,-44.13003444671631,237.81951904296875,136.9321632385254,-49.542412757873535,240.2238655090332,237.87394523620605,-34.34779644012451,230.71598052978516,216.99485778808594,-46.64113521575928,227.13727951049805,201.31925582885742,-52.468461990356445,224.80915069580078,185.91559410095215,-56.085195541381836
paper,Right,246.00727081298828,294.8167419433594,0.0001257693838851992,278.09221267700195,278.39447021484375,-6.445099115371704,296.2892532348633,247.98465728759766,-9.153832197189331,309.1910934448242,227.40883827209473,-12.670698165893555,323.2617950439453,216.43311023712158,-17.14137315750122,271.37054443359375,205.08680820465088,-9.534892439842224,273.25475692749023,169.75045680999756,-19.28598165512085,274.0812110900879,147.26597785949707,-27.079832553863525,274.0792465209961,127.90502071380615,-33.41545343399048,254.73363876342773,206.03881359100342,-15.235353708267212,250.86565017700195,166.09663009643555,-24.839348793029785,248.89522552490234,139.75024223327637,-33.548688888549805,245.91720581054688,117.32025861740112,-40.01190662384033,240.05582809448242,216.17098331451416,-21.873743534088135,231.6689682006836,178.51381301879883,-32.49183177947998,227.03022003173828,153.26282501220703,-41.89963340759277,222.82276153564453,130.38054943084717,-48.67432117462158,227.48245239257812,233.91499042510986,-29.047794342041016,210.73741912841797,212.52532482147217,-41.76126480102539,199.80335235595703,196.65643215179443,-49.20979022979736,189.99818801879883,181.48056507110596,-53.95620346069336
paper,Right,245.8042335510254,300.70326805114746,0.00015036533113743644,279.92944717407227,285.17263412475586,-7.936285734176636,301.603946685791,253.34112167358398,-10.724543333053589,317.7665138244629,230.82764625549316,-14.203684329986572,335.40138244628906,222.7300786972046,-18.706575632095337,273.9972114562988,208.5439109802246,-9.290942549705505,278.95294189453125,173.29260349273682,-18.305130004882812,281.2492370605469,150.57138919830322,-26.150479316711426,282.06024169921875,130.7837677001953,-32.80345678329468,254.3561553955078,208.2224178314209,-14.18614387512207,250.6962013244629,167.47042179107666,-23.139142990112305,248.93508911132812,141.11529350280762,-31.594510078430176,245.72355270385742,118.94901752471924,-38.10194253921509,237.2543716430664,216.8113374710083,-20.267858505249023,229.06639099121094,178.70673179626465,-30.553772449493408,224.6901512145996,152.8441286087036,-40.174880027770996,220.26371002197266,130.09722232818604,-47.13181972503662,222.24281311035156,232.96531677246094,-27.103776931762695,204.31663513183594,208.97912979125977,-39.00285720825195,192.28002548217773,192.35326766967773,-46.26004695892334,181.6496467590332,176.7934799194336,-51.113600730895996
paper,Right,247.67873764038086,303.96961212158203,0.0001974732913367916,283.1229591369629,288.0933380126953,-9.160135984420776,308.1100845336914,258.7247085571289,-12.70687460899353,326.07723236083984,238.38366508483887,-16.809934377670288,344.7365951538086,230.89123249053955,-21.619389057159424,277.0223045349121,210.63270092010498,-7.995253205299377,284.8721694946289,175.87955474853516,-16.2558913230896,288.4697914123535,153.83723258972168,-23.834505081176758,290.0166893005371,134.62597846984863,-30.20319700241089,254.79690551757812,208.49287033081055,-11.977676153182983,253.1468963623047,168.20292949676514,-19.78106379508972,251.86752319335938,142.76487350463867,-27.67059564590454,248.90993118286133,121.78144454956055,-33.771748542785645,235.2721405029297,215.3766918182373,-17.393423318862915,227.84393310546875,177.97642707824707,-26.385738849639893,223.49365234375,152.78271675109863,-35.476529598236084,219.3775177001953,130.7622241973877,-42.118401527404785,217.90287017822266,230.3661060333252,-23.759021759033203,199.48068618774414,206.72707557678223,-34.013023376464844,187.35082626342773,190.26735305786133,-40.324673652648926,177.3863983154297,174.48158740997314,-44.54174518585205
paper,Right,248.7364387512207,305.6594467163086,0.00024098386347759515,283.3603858947754,289.2466735839844,-12.198247909545898,308.54984283447266,260.2522087097168,-17.207884788513184,328.2185363769531,239.62875366210938,-22.210264205932617,348.24371337890625,232.22029209136963,-27.6633358001709,275.07476806640625,211.6656732559204,-10.191842317581177,284.18067932128906,176.13823413848877,-18.979275226593018,288.3215522766113,153.32573890686035,-26.942241191864014,290.3581428527832,133.68324279785156,-33.505775928497314,251.68973922729492,209.5891284942627,-12.72905945777893,249.012451171875,169.11532402038574,-20.916380882263184,247.3026466369629,143.5462760925293,-28.850507736206055,244.49373245239258,122.55952835083008,-34.87940549850464,231.52875900268555,216.46918773651123,-16.951900720596313,223.48443984985352,178.1465721130371,-26.4990496635437,218.61967086791992,153.0224847793579,-35.3187894821167,214.44015502929688,131.23108863830566,-41.481566429138184,214.31108474731445,231.4218521118164,-22.409067153930664,195.03265380859375,207.33880519866943,-33.07844400405884,182.43946075439453,191.1247158050537,-39.20607805252075,172.3706817626953,175.46253204345703,-42.99386501312256
paper,Right,248.57477188110352,306.3193702697754,0.00025886167350108735,282.6177978515625,288.80481719970703,-13.125549554824829,307.67906188964844,259.27906036376953,-19.08100128173828,328.0106735229492,238.5279893875122,-24.80072021484375,348.1199645996094,230.74779510498047,-30.8935809135437,272.55218505859375,211.88175201416016,-12.040097713470459,280.9072685241699,175.86753845214844,-21.244869232177734,284.8183059692383,152.76000022888184,-29.399819374084473,286.8731117248535,132.7273178100586,-36.061768531799316,248.60496520996094,209.67032432556152,-14.240126609802246,244.94831085205078,168.4134292602539,-22.487404346466064,242.56040573120117,142.65332221984863,-30.188772678375244,239.2112159729004,121.69341087341309,-36.03562116622925,228.43168258666992,216.65835857391357,-18.11660408973694,219.29861068725586,178.3150291442871,-27.605412006378174,213.8614273071289,153.22115421295166,-36.23615026473999,209.1385269165039,131.34475708007812,-42.27614879608154,211.87850952148438,231.82785987854004,-23.297574520111084,191.8297576904297,208.27776432037354,-33.683223724365234,178.66744995117188,192.69500255584717,-39.51286554336548,167.9458999633789,177.41515159606934,-43.13007354736328
paper,Right,246.7208480834961,308.49632263183594,0.00026763991627376527,280.35913467407227,290.2466011047363,-14.967714548110962,304.9784469604492,260.43771743774414,-21.832568645477295,325.56846618652344,238.00003051757812,-28.252830505371094,346.80267333984375,229.05235290527344,-34.92809534072876,268.1830406188965,211.91589832305908,-12.635804414749146,276.00765228271484,175.22953033447266,-22.518582344055176,279.17736053466797,151.52372360229492,-31.24474287033081,280.4844284057617,131.31969451904297,-38.249197006225586,243.75835418701172,210.43936729431152,-14.07034158706665,237.88602828979492,169.46353912353516,-22.950220108032227,234.3752098083496,144.13182735443115,-31.09930992126465,230.48028945922852,123.48273754119873,-37.22180128097534,223.4044647216797,218.04824352264404,-17.40506649017334,212.75842666625977,180.48648834228516,-27.253663539886475,206.5616226196289,155.98895072937012,-35.68159341812134,201.56055450439453,134.58296298980713,-41.524648666381836,206.88796997070312,233.80351066589355,-22.277512550354004,186.72847747802734,211.236834526062,-32.742087841033936,173.57044219970703,195.96588134765625,-38.43298673629761,162.98059463500977,180.90225219726562,-41.84244632720947
paper,Right,246.02724075317383,308.7875175476074,0.00027377989681554027,279.52526092529297,289.7855758666992,-15.156866312026978,303.7770080566406,259.8068618774414,-22.17975378036499,323.82476806640625,237.0928430557251,-28.75422954559326,344.9222183227539,227.83458709716797,-35.53751468658447,265.09815216064453,212.21051216125488,-12.525092363357544,271.8917655944824,175.37375450134277,-22.276592254638672,274.93688583374023,151.78758144378662,-30.961592197418213,276.4165496826172,131.49401664733887,-38.00478219985962,240.93692779541016,210.95133304595947,-13.821496963500977,234.0949821472168,170.12115955352783,-22.625186443328857,229.87930297851562,144.95983600616455,-30.69272756576538,225.37981033325195,124.5232343673706,-36.740686893463135,221.06689453125,218.86279106140137,-17.06164836883545,209.54904556274414,181.38639450073242,-26.99472427368164,202.9648208618164,157.0573854446411,-35.52720308303833,197.37592697143555,135.71860313415527,-41.39150619506836,205.16429901123047,234.77188110351562,-21.846742630004883,185.27843475341797,212.57606506347656,-32.337870597839355,172.05657958984375,197.57732391357422,-38.085482120513916,160.96269607543945,182.7950620651245,-41.574482917785645
paper,Right,246.50239944458008,309.88094329833984,0.00026551904738880694,280.1017761230469,291.0457420349121,-14.903795719146729,303.44690322875977,259.86494064331055,-21.290266513824463,323.3510208129883,236.59167766571045,-27.20858335494995,344.3239974975586,227.28435516357422,-33.32767963409424,264.22359466552734,212.3772096633911,-11.946519613265991,270.74939727783203,175.60744285583496,-21.212608814239502,273.5996437072754,151.951904296875,-29.683759212493896,274.8196029663086,131.59353733062744,-36.64623022079468,240.09592056274414,211.1844778060913,-13.138219118118286,232.8890609741211,170.1181983947754,-21.41611099243164,228.24594497680664,144.92417335510254,-29.197978973388672,223.22986602783203,124.58330154418945,-35.07315158843994,220.56636810302734,219.11511898040771,-16.252442598342896,208.96238327026367,181.71378135681152,-25.70979595184326,202.45887756347656,157.5637435913086,-34.126107692718506,196.72924041748047,136.4271354675293,-39.960341453552246,205.0818634033203,235.03169059753418,-20.922422409057617,185.23530960083008,212.9506015777588,-31.06184720993042,171.9097137451172,198.06002140045166,-36.68978214263916,160.58189392089844,183.6302375793457,-40.14533996582031
paper,Right,247.71055221557617,310.1324272155762,0.0002604554174467921,280.82624435424805,291.4183044433594,-15.271679162979126,303.7149238586426,260.3689670562744,-21.9561767578125,323.402099609375,236.91076755523682,-28.125083446502686,344.7273254394531,227.64523029327393,-34.47195053100586,265.38463592529297,212.59207248687744,-12.260016202926636,271.4573097229004,175.99817276000977,-21.54174566268921,274.1609001159668,152.62518882751465,-29.973487854003906,275.2389717102051,132.46862411499023,-36.917991638183594,241.3054084777832,211.3507604598999,-13.363192081451416,233.64770889282227,170.7352638244629,-21.731233596801758,228.82606506347656,145.89963912963867,-29.345805644989014,223.73029708862305,125.99767684936523,-35.06070613861084,221.6365623474121,219.26160335540771,-16.4615261554718,209.7868537902832,181.96492195129395,-26.050057411193848,202.93716430664062,157.8140687942505,-34.40790414810181,197.01034545898438,136.8182373046875,-40.16101837158203,205.97156524658203,235.2188014984131,-21.148009300231934,185.79992294311523,213.15144538879395,-31.369781494140625,172.31334686279297,198.30039024353027,-37.05727815628052,160.9113311767578,183.94824028015137,-40.54373264312744
paper,Right,247.22532272338867,309.3154048919678,0.0002683329330466222,280.0834274291992,290.3195571899414,-15.162729024887085,304.12946701049805,259.4963264465332,-22.0658016204834,324.49962615966797,236.91696166992188,-28.47774028778076,345.34759521484375,227.80783653259277,-35.11507034301758,265.60598373413086,212.53376483917236,-12.964794635772705,272.04437255859375,176.04297637939453,-22.772209644317627,274.664306640625,152.55576610565186,-31.53237819671631,275.7549476623535,132.24263191223145,-38.63969564437866,241.42879486083984,211.46568775177002,-14.250479936599731,234.20001983642578,170.75366020202637,-23.046326637268066,229.55690383911133,145.57311058044434,-31.07663869857788,224.62581634521484,125.22422790527344,-37.11944103240967,221.79977416992188,219.5240306854248,-17.455546855926514,210.093994140625,182.16785430908203,-27.318649291992188,203.3049774169922,157.98182487487793,-35.897555351257324,197.4102783203125,136.76100254058838,-41.814470291137695,206.2933349609375,235.55557250976562,-22.2220516204834,186.6960906982422,213.28667163848877,-32.665276527404785,173.31180572509766,198.36005687713623,-38.4637451171875,161.9064712524414,183.77537727355957,-42.02399253845215
paper,Right,247.5224494934082,308.20117950439453,0.0002683871571207419,280.7327651977539,289.39504623413086,-15.224238634109497,304.3549346923828,258.8496208190918,-22.174131870269775,324.1691589355469,235.90351581573486,-28.644802570343018,344.6907043457031,226.7887258529663,-35.28757572174072,265.7267951965332,211.66471481323242,-12.968480587005615,271.9763946533203,175.17359733581543,-22.759246826171875,274.5513916015625,151.7965793609619,-31.483426094055176,275.6412696838379,131.54285430908203,-38.57177495956421,241.57724380493164,210.39111614227295,-14.226583242416382,234.26164627075195,169.78154182434082,-23.04204225540161,229.5490264892578,144.66755390167236,-31.034071445465088,224.5232391357422,124.18679237365723,-36.99914216995239,222.00130462646484,218.35520267486572,-17.387330532073975,209.9747657775879,181.17087364196777,-27.191054821014404,203.04615020751953,157.18162536621094,-35.617899894714355,197.04111099243164,135.9243392944336,-41.40589714050293,206.71197891235352,234.38584327697754,-22.128126621246338,186.88840866088867,212.59798049926758,-32.455010414123535,173.4882354736328,197.82594680786133,-38.13831329345703,162.1198272705078,183.31546783447266,-41.592469215393066
paper,Right,247.50553131103516,308.61316680908203,0.00026229183276882395,280.2996063232422,290.2866268157959,-15.075480937957764,303.42838287353516,259.41676139831543,-21.88556671142578,323.6192321777344,236.2809705734253,-28.2234787940979,345.17940521240234,227.4988031387329,-34.750709533691406,266.3843536376953,211.47196769714355,-12.349814176559448,272.581844329834,174.9378776550293,-21.84957265853882,275.28430938720703,151.6245460510254,-30.409071445465088,276.64852142333984,131.45391941070557,-37.477264404296875,242.37003326416016,210.3566551208496,-13.657478094100952,234.4856071472168,169.858717918396,-22.285397052764893,229.93780136108398,144.9528980255127,-30.194475650787354,225.2912712097168,124.68156337738037,-36.18438959121704,222.81110763549805,218.32932472229004,-16.920666694641113,210.93473434448242,181.29577159881592,-26.766982078552246,204.21375274658203,156.9704532623291,-35.315139293670654,198.5336685180664,135.5533504486084,-41.23478412628174,207.3782730102539,234.29635047912598,-21.745152473449707,187.2647476196289,212.0996618270874,-32.192935943603516,173.8674545288086,197.26059436798096,-38.066673278808594,162.6038360595703,182.61116981506348,-41.72198295593262
paper,Right,247.91851043701172,308.24984550476074,0.00026102014089701697,281.0281562805176,289.82542991638184,-14.51295256614685,304.6859931945801,258.9224338531494,-20.707950592041016,324.6360397338867,236.09210014343262,-26.498613357543945,345.0717544555664,227.38889694213867,-32.56857395172119,266.6094779968262,211.7921018600464,-11.741840839385986,272.8235626220703,175.39315223693848,-20.906565189361572,275.5880355834961,152.10814476013184,-29.29650068283081,276.7997932434082,131.96308135986328,-36.21069669723511,242.83000946044922,210.99098682403564,-13.193413019180298,235.46991348266602,170.42970657348633,-21.4681077003479,231.00072860717773,145.33221244812012,-29.376132488250732,226.16024017333984,124.96061325073242,-35.39170980453491,223.404541015625,219.06941413879395,-16.534756422042847,211.8067169189453,181.9204044342041,-26.09537124633789,205.1213836669922,157.55674839019775,-34.68639850616455,199.21720504760742,136.22034072875977,-40.645551681518555,207.81177520751953,234.94435787200928,-21.383819580078125,187.93611526489258,212.67102241516113,-31.67250633239746,174.6857452392578,197.7500581741333,-37.44911193847656,163.38939666748047,183.10315132141113,-41.04368209838867
paper,Right,247.67114639282227,309.48695182800293,0.0002608214163046796,281.1933708190918,290.6968688964844,-14.415445327758789,304.8981475830078,259.48107719421387,-20.63081979751587,324.87518310546875,236.76773071289062,-26.444885730743408,345.5975341796875,228.25899124145508,-32.500343322753906,267.17273712158203,212.20770835876465,-11.690244674682617,273.47766876220703,175.63539505004883,-20.90221643447876,276.22114181518555,152.1573829650879,-29.286816120147705,277.47961044311523,131.95850372314453,-36.196725368499756,243.26629638671875,211.27151012420654,-13.116799592971802,235.91863632202148,170.85325241088867,-21.398370265960693,231.48426055908203,146.02163314819336,-29.18872356414795,226.74022674560547,125.99996566772461,-35.093421936035156,223.76358032226562,219.31697845458984,-16.422510147094727,212.218017578125,182.28933334350586,-25.90510129928589,205.42551040649414,157.92407512664795,-34.395995140075684,199.4527816772461,136.62022590637207,-40.29519557952881,208.24363708496094,235.2110767364502,-21.228532791137695,188.5892677307129,213.05471420288086,-31.418492794036865,175.3104019165039,198.10355186462402,-37.14564323425293,163.99982452392578,183.45932006835938,-40.694169998168945
paper,Right,249.4285774230957,309.71168518066406,0.0002612123171275016,282.31555938720703,290.57576179504395,-14.823250770568848,305.8108139038086,260.1869773864746,-21.622185707092285,325.58380126953125,237.33954906463623,-28.039958477020264,346.5848159790039,227.57662296295166,-34.62162971496582,268.4824562072754,212.68841743469238,-11.980868577957153,274.5203399658203,176.0643768310547,-21.64541006088257,277.1421813964844,152.75035858154297,-30.37928819656372,278.341007232666,132.31432914733887,-37.49284505844116,244.48186874389648,211.5175724029541,-13.482910394668579,237.26276397705078,171.06950283050537,-22.134313583374023,233.1752586364746,146.02272033691406,-30.126142501831055,228.76970291137695,125.38533210754395,-36.158339977264404,224.76608276367188,219.4103765487671,-16.957637071609497,213.27987670898438,182.49140739440918,-26.786978244781494,206.8288230895996,158.1584072113037,-35.19275188446045,201.37022018432617,136.6321849822998,-40.98858833312988,209.07560348510742,235.27587890625,-21.993107795715332,189.0176010131836,212.91363716125488,-32.36818790435791,175.69772720336914,198.07039260864258,-37.99680471420288,164.49552536010742,183.46778869628906,-41.435256004333496
paper,Right,249.72227096557617,309.6371841430664,0.0002602258427941706,283.01273345947266,290.78415870666504,-14.68100905418396,306.5263366699219,260.21864891052246,-21.207759380340576,326.1389923095703,237.3876714706421,-27.377521991729736,347.088623046875,227.99769401550293,-33.719751834869385,269.2075729370117,212.80503273010254,-11.71749472618103,275.0448226928711,176.29395961761475,-21.10363483428955,277.66138076782227,153.05105209350586,-29.64292287826538,278.9085578918457,132.90146827697754,-36.624910831451416,245.13866424560547,211.65387153625488,-13.227838277816772,237.83023834228516,171.121187210083,-21.66970729827881,233.68574142456055,145.9226131439209,-29.53742265701294,229.34385299682617,125.53111553192139,-35.448501110076904,225.5136489868164,219.55621719360352,-16.70553207397461,214.08878326416016,182.35626697540283,-26.40249729156494,207.47957229614258,157.93335914611816,-34.8836612701416,202.0264434814453,136.63381576538086,-40.70746898651123,209.9893569946289,235.45942783355713,-21.73074722290039,189.84539031982422,213.0681324005127,-32.120115756988525,176.3421630859375,198.08165073394775,-37.90154218673706,165.15499114990234,183.43271255493164,-41.42721176147461
paper,Right,250.65057754516602,309.1216850280762,0.0002686453990463633,283.63330841064453,290.4392623901367,-15.290206670761108,306.84045791625977,260.30004501342773,-22.28320837020874,326.5110397338867,237.54338264465332,-28.76755952835083,347.43892669677734,228.30360889434814,-35.3827428817749,269.4757843017578,213.0907917022705,-12.842609882354736,275.9752082824707,176.4154815673828,-22.524433135986328,278.616943359375,153.02966594696045,-31.126322746276855,279.7659492492676,132.75561332702637,-38.127665519714355,245.42972564697266,211.75196170806885,-14.095852375030518,238.18567276000977,170.75915336608887,-22.764313220977783,234.15451049804688,145.36126613616943,-30.593109130859375,229.9284553527832,124.82271194458008,-36.49148464202881,225.88129043579102,219.60270881652832,-17.31621026992798,214.41431045532227,182.54899978637695,-27.11083173751831,208.09680938720703,158.1033754348755,-35.53838491439819,202.9432487487793,136.77442073822021,-41.34984016418457,210.5661392211914,235.46470642089844,-22.129497528076172,190.5604362487793,213.24405670166016,-32.5335693359375,177.23337173461914,198.2218837738037,-38.30935478210449,166.21551513671875,183.43182563781738,-41.86716079711914
paper,Right,250.86578369140625,309.3617820739746,0.0002565621252870187,284.51698303222656,290.9337902069092,-14.664428234100342,308.32096099853516,260.7776641845703,-21.337521076202393,328.1510543823242,238.1431245803833,-27.646005153656006,348.7959289550781,228.5399580001831,-34.1692852973938,271.28711700439453,213.52777004241943,-12.342432737350464,278.0268669128418,177.275390625,-22.089884281158447,280.89481353759766,153.84455680847168,-30.76970100402832,282.10132598876953,133.34535598754883,-37.8595757484436,247.0699691772461,211.98895454406738,-13.932325839996338,240.1605224609375,171.44516944885254,-22.778854370117188,236.20864868164062,146.13970756530762,-30.78226089477539,231.76803588867188,125.21804809570312,-36.83178186416626,227.2429084777832,219.67586517333984,-17.44497537612915,216.26083374023438,182.7989959716797,-27.425827980041504,210.3595733642578,158.33484649658203,-35.884647369384766,205.27503967285156,136.63849353790283,-41.727609634399414,211.5761947631836,235.2654218673706,-22.486791610717773,191.8280029296875,212.84945011138916,-33.01999092102051,178.68247985839844,197.81189918518066,-38.78390550613403,167.6464080810547,183.04959297180176,-42.34200477600098
